label,subject,message
ham,Subscription Renewal,Your subscription will renew on Thursday. You can manage your subscription from your account.
ham,Office Announcement,The office will remain open during normal working hours tomorrow.
ham,Class Schedule,The class will begin at 9 AM on Saturday. Please bring your notes and required materials.
ham,Subscription Renewal,Your subscription will renew on Saturday. You can manage your subscription from your account.
spam,Free Gift Waiting,A free gift is waiting for you. Confirm your details now to receive your reward.
spam,Congratulations! You Won,Congratulations! You have won $5000! Click the link now to claim your prize.
spam,You Are a Winner,You are today's lucky winner! Claim your prize immediately before the offer expires.
ham,Account Notice,Your account information was updated successfully. Contact support if you did not make this change.
ham,Meeting Update,"Hi team, our meeting is scheduled for Saturday at 10 AM. Please join on time."
ham,Assignment Reminder,This is a reminder that the assignment is due on Saturday. Please submit it before the deadline.
ham,Subscription Renewal,Your subscription will renew on Monday. You can manage your subscription from your account.
spam,Limited Time Offer,Get an exclusive discount and free bonus today. Click now before this limited time offer ends.
spam,Exclusive Prize,An exclusive prize has been reserved for you. Click now to claim it.
spam,Free Money,You have been chosen to receive free money. Complete the verification process now.
spam,Exclusive Cash Offer,You are eligible to receive $50 in free cash. Act now to claim your money.
ham,Project Update,Please find the project update attached. Let me know if you have any questions.
spam,Congratulations! You Won,Congratulations! You have won $100! Click the link now to claim your prize.
spam,Congratulations! You Won,Congratulations! You have won $100! Click the link now to claim your prize.
ham,Order Confirmation,Your order has been confirmed and will be delivered by Wednesday. Thank you for shopping with us.
ham,Project Update,Please find the project update attached. Let me know if you have any questions.
ham,Team Reminder,Please remember to attend the team meeting tomorrow and review the agenda beforehand.
spam,Exclusive Prize,An exclusive prize has been reserved for you. Click now to claim it.
ham,Library Reminder,The book you borrowed is due back on Thursday. Please return it before the due date.
spam,Exclusive Prize,An exclusive prize has been reserved for you. Click now to claim it.
ham,Order Confirmation,Your order has been confirmed and will be delivered by Friday. Thank you for shopping with us.
ham,Assignment Reminder,This is a reminder that the assignment is due on Tuesday. Please submit it before the deadline.
spam,Free Money,You have been chosen to receive free money. Complete the verification process now.
spam,Lottery Winner,Your email has been selected as a lottery winner. Contact us immediately to claim your cash prize.
spam,Free Gift Waiting,A free gift is waiting for you. Confirm your details now to receive your reward.
ham,Interview Schedule,Your interview has been scheduled for Tuesday at 9 AM. Please confirm your availability.
spam,Final Notice,Final notice: claim your cash reward now or your prize will be cancelled.
spam,Lottery Winner,Your email has been selected as a lottery winner. Contact us immediately to claim your cash prize.
ham,Feedback Request,We would appreciate your feedback about your recent experience. Thank you for your time.
ham,Payment Receipt,Your payment of $100 has been received successfully. This email is your receipt.
spam,Congratulations! You Won,Congratulations! You have won $5000! Click the link now to claim your prize.
spam,Congratulations! You Won,Congratulations! You have won $100! Click the link now to claim your prize.
spam,Investment Opportunity,Earn guaranteed profits quickly with our exclusive investment opportunity. Sign up now.
ham,Interview Schedule,Your interview has been scheduled for Wednesday at 9 AM. Please confirm your availability.
spam,You Are a Winner,You are today's lucky winner! Claim your prize immediately before the offer expires.
ham,Meeting Update,"Hi team, our meeting is scheduled for Wednesday at 2 PM. Please join on time."
ham,Library Reminder,The book you borrowed is due back on Friday. Please return it before the due date.
ham,Assignment Reminder,This is a reminder that the assignment is due on Friday. Please submit it before the deadline.
spam,Exclusive Prize,An exclusive prize has been reserved for you. Click now to claim it.
spam,Free Money,You have been chosen to receive free money. Complete the verification process now.
ham,Feedback Request,We would appreciate your feedback about your recent experience. Thank you for your time.
spam,Congratulations Reward,Congratulations! Your account has qualified for a valuable reward. Claim it immediately.
spam,Act Now,Urgent! This offer expires soon. Click the link to receive your bonus and reward.
spam,Exclusive Cash Offer,You are eligible to receive $1000 in free cash. Act now to claim your money.
spam,You Are a Winner,You are today's lucky winner! Claim your prize immediately before the offer expires.
ham,Office Announcement,The office will remain open during normal working hours tomorrow.
spam,Exclusive Cash Offer,You are eligible to receive $100 in free cash. Act now to claim your money.
spam,You Are a Winner,You are today's lucky winner! Claim your prize immediately before the offer expires.
spam,Congratulations Reward,Congratulations! Your account has qualified for a valuable reward. Claim it immediately.
spam,Final Notice,Final notice: claim your cash reward now or your prize will be cancelled.
spam,Congratulations! You Won,Congratulations! You have won $250! Click the link now to claim your prize.
ham,Subscription Renewal,Your subscription will renew on Tuesday. You can manage your subscription from your account.
spam,Exclusive Prize,An exclusive prize has been reserved for you. Click now to claim it.
spam,Free Money,You have been chosen to receive free money. Complete the verification process now.
ham,Library Reminder,The book you borrowed is due back on Tuesday. Please return it before the due date.
ham,Meeting Update,"Hi team, our meeting is scheduled for Saturday at 9 AM. Please join on time."
spam,Congratulations! You Won,Congratulations! You have won $100! Click the link now to claim your prize.
ham,Payment Receipt,Your payment of $100 has been received successfully. This email is your receipt.
spam,Special Bonus,You have received a special bonus. Click here to activate your reward before it expires.
ham,Team Reminder,Please remember to attend the team meeting tomorrow and review the agenda beforehand.
spam,Special Bonus,You have received a special bonus. Click here to activate your reward before it expires.
ham,Project Update,Please find the project update attached. Let me know if you have any questions.
ham,Project Update,Please find the project update attached. Let me know if you have any questions.
spam,Exclusive Cash Offer,You are eligible to receive $5000 in free cash. Act now to claim your money.
ham,Document Request,Could you please send the requested document when you have time? Thank you.
spam,Congratulations Reward,Congratulations! Your account has qualified for a valuable reward. Claim it immediately.
spam,Free Gift Waiting,A free gift is waiting for you. Confirm your details now to receive your reward.
ham,Class Schedule,The class will begin at 3 PM on Wednesday. Please bring your notes and required materials.
ham,Feedback Request,We would appreciate your feedback about your recent experience. Thank you for your time.
spam,Exclusive Cash Offer,You are eligible to receive $50 in free cash. Act now to claim your money.
spam,Congratulations Reward,Congratulations! Your account has qualified for a valuable reward. Claim it immediately.
spam,Final Notice,Final notice: claim your cash reward now or your prize will be cancelled.
spam,Congratulations Reward,Congratulations! Your account has qualified for a valuable reward. Claim it immediately.
spam,Congratulations Reward,Congratulations! Your account has qualified for a valuable reward. Claim it immediately.
ham,Meeting Update,"Hi team, our meeting is scheduled for Monday at 11 AM. Please join on time."
ham,Account Notice,Your account information was updated successfully. Contact support if you did not make this change.
ham,Assignment Reminder,This is a reminder that the assignment is due on Thursday. Please submit it before the deadline.
spam,Act Now,Urgent! This offer expires soon. Click the link to receive your bonus and reward.
ham,Payment Receipt,Your payment of $5000 has been received successfully. This email is your receipt.
ham,Order Confirmation,Your order has been confirmed and will be delivered by Monday. Thank you for shopping with us.
ham,Project Update,Please find the project update attached. Let me know if you have any questions.
spam,Congratulations! You Won,Congratulations! You have won $10000! Click the link now to claim your prize.
spam,You Are a Winner,You are today's lucky winner! Claim your prize immediately before the offer expires.
spam,Urgent Account Alert,Your account will be suspended today. Verify your information immediately by clicking the link.
spam,You Are a Winner,You are today's lucky winner! Claim your prize immediately before the offer expires.
ham,Subscription Renewal,Your subscription will renew on Thursday. You can manage your subscription from your account.
spam,Lottery Winner,Your email has been selected as a lottery winner. Contact us immediately to claim your cash prize.
ham,Travel Details,Your travel booking is confirmed. Please check the itinerary for the departure time and location.
spam,Free Money,You have been chosen to receive free money. Complete the verification process now.
ham,Team Reminder,Please remember to attend the team meeting tomorrow and review the agenda beforehand.
ham,Meeting Update,"Hi team, our meeting is scheduled for Wednesday at 2 PM. Please join on time."
spam,Congratulations! You Won,Congratulations! You have won $100! Click the link now to claim your prize.
spam,Limited Time Offer,Get an exclusive discount and free bonus today. Click now before this limited time offer ends.
spam,Special Bonus,You have received a special bonus. Click here to activate your reward before it expires.
spam,Claim Your Free Reward,You have been selected for a free reward. Claim it now before this limited offer expires.
ham,Class Schedule,The class will begin at 11 AM on Wednesday. Please bring your notes and required materials.
spam,Urgent Account Alert,Your account will be suspended today. Verify your information immediately by clicking the link.
ham,Meeting Update,"Hi team, our meeting is scheduled for Saturday at 10 AM. Please join on time."
ham,Team Reminder,Please remember to attend the team meeting tomorrow and review the agenda beforehand.
ham,Project Update,Please find the project update attached. Let me know if you have any questions.
spam,Exclusive Prize,An exclusive prize has been reserved for you. Click now to claim it.
spam,Urgent Account Alert,Your account will be suspended today. Verify your information immediately by clicking the link.
spam,Free Money,You have been chosen to receive free money. Complete the verification process now.
spam,Free Gift Waiting,A free gift is waiting for you. Confirm your details now to receive your reward.
spam,Free Money,You have been chosen to receive free money. Complete the verification process now.
ham,Class Schedule,The class will begin at 3 PM on Thursday. Please bring your notes and required materials.
ham,Travel Details,Your travel booking is confirmed. Please check the itinerary for the departure time and location.
spam,Exclusive Prize,An exclusive prize has been reserved for you. Click now to claim it.
spam,Free Money,You have been chosen to receive free money. Complete the verification process now.
ham,Project Update,Please find the project update attached. Let me know if you have any questions.
ham,Project Update,Please find the project update attached. Let me know if you have any questions.
spam,Exclusive Cash Offer,You are eligible to receive $50 in free cash. Act now to claim your money.
spam,Investment Opportunity,Earn guaranteed profits quickly with our exclusive investment opportunity. Sign up now.
ham,Interview Schedule,Your interview has been scheduled for Thursday at 4 PM. Please confirm your availability.
spam,Final Notice,Final notice: claim your cash reward now or your prize will be cancelled.
ham,Feedback Request,We would appreciate your feedback about your recent experience. Thank you for your time.
ham,Assignment Reminder,This is a reminder that the assignment is due on Monday. Please submit it before the deadline.
spam,Special Bonus,You have received a special bonus. Click here to activate your reward before it expires.
spam,Lottery Winner,Your email has been selected as a lottery winner. Contact us immediately to claim your cash prize.
ham,Account Notice,Your account information was updated successfully. Contact support if you did not make this change.
ham,Meeting Update,"Hi team, our meeting is scheduled for Friday at 2 PM. Please join on time."
ham,Feedback Request,We would appreciate your feedback about your recent experience. Thank you for your time.
spam,You Are a Winner,You are today's lucky winner! Claim your prize immediately before the offer expires.
ham,Team Reminder,Please remember to attend the team meeting tomorrow and review the agenda beforehand.
spam,Exclusive Cash Offer,You are eligible to receive $1000 in free cash. Act now to claim your money.
ham,Class Schedule,The class will begin at 11 AM on Monday. Please bring your notes and required materials.
ham,Assignment Reminder,This is a reminder that the assignment is due on Thursday. Please submit it before the deadline.
ham,Feedback Request,We would appreciate your feedback about your recent experience. Thank you for your time.
spam,Limited Time Offer,Get an exclusive discount and free bonus today. Click now before this limited time offer ends.
spam,Free Money,You have been chosen to receive free money. Complete the verification process now.
spam,Urgent Account Alert,Your account will be suspended today. Verify your information immediately by clicking the link.
ham,Travel Details,Your travel booking is confirmed. Please check the itinerary for the departure time and location.
spam,Claim Your Free Reward,You have been selected for a free reward. Claim it now before this limited offer expires.
spam,Congratulations! You Won,Congratulations! You have won $500! Click the link now to claim your prize.
ham,Document Request,Could you please send the requested document when you have time? Thank you.
spam,Investment Opportunity,Earn guaranteed profits quickly with our exclusive investment opportunity. Sign up now.
spam,Final Notice,Final notice: claim your cash reward now or your prize will be cancelled.
spam,Limited Time Offer,Get an exclusive discount and free bonus today. Click now before this limited time offer ends.
spam,Urgent Account Alert,Your account will be suspended today. Verify your information immediately by clicking the link.
ham,Account Notice,Your account information was updated successfully. Contact support if you did not make this change.
spam,Congratulations Reward,Congratulations! Your account has qualified for a valuable reward. Claim it immediately.
spam,Act Now,Urgent! This offer expires soon. Click the link to receive your bonus and reward.
ham,Library Reminder,The book you borrowed is due back on Monday. Please return it before the due date.
spam,Free Gift Waiting,A free gift is waiting for you. Confirm your details now to receive your reward.
spam,Final Notice,Final notice: claim your cash reward now or your prize will be cancelled.
spam,Final Notice,Final notice: claim your cash reward now or your prize will be cancelled.
ham,Assignment Reminder,This is a reminder that the assignment is due on Friday. Please submit it before the deadline.
ham,Library Reminder,The book you borrowed is due back on Saturday. Please return it before the due date.
spam,Free Money,You have been chosen to receive free money. Complete the verification process now.
ham,Account Notice,Your account information was updated successfully. Contact support if you did not make this change.
ham,Interview Schedule,Your interview has been scheduled for Saturday at 3 PM. Please confirm your availability.
spam,Investment Opportunity,Earn guaranteed profits quickly with our exclusive investment opportunity. Sign up now.
spam,Investment Opportunity,Earn guaranteed profits quickly with our exclusive investment opportunity. Sign up now.
spam,Free Gift Waiting,A free gift is waiting for you. Confirm your details now to receive your reward.
spam,Congratulations! You Won,Congratulations! You have won $10000! Click the link now to claim your prize.
spam,Limited Time Offer,Get an exclusive discount and free bonus today. Click now before this limited time offer ends.
ham,Order Confirmation,Your order has been confirmed and will be delivered by Wednesday. Thank you for shopping with us.
ham,Library Reminder,The book you borrowed is due back on Wednesday. Please return it before the due date.
spam,Limited Time Offer,Get an exclusive discount and free bonus today. Click now before this limited time offer ends.
ham,Subscription Renewal,Your subscription will renew on Friday. You can manage your subscription from your account.
ham,Meeting Update,"Hi team, our meeting is scheduled for Saturday at 2 PM. Please join on time."
spam,Free Money,You have been chosen to receive free money. Complete the verification process now.
spam,Exclusive Cash Offer,You are eligible to receive $1000 in free cash. Act now to claim your money.
spam,Urgent Account Alert,Your account will be suspended today. Verify your information immediately by clicking the link.
ham,Payment Receipt,Your payment of $250 has been received successfully. This email is your receipt.
ham,Interview Schedule,Your interview has been scheduled for Thursday at 3 PM. Please confirm your availability.
ham,Team Reminder,Please remember to attend the team meeting tomorrow and review the agenda beforehand.
ham,Travel Details,Your travel booking is confirmed. Please check the itinerary for the departure time and location.
ham,Travel Details,Your travel booking is confirmed. Please check the itinerary for the departure time and location.
ham,Assignment Reminder,This is a reminder that the assignment is due on Friday. Please submit it before the deadline.
ham,Office Announcement,The office will remain open during normal working hours tomorrow.
spam,Free Money,You have been chosen to receive free money. Complete the verification process now.
spam,Special Bonus,You have received a special bonus. Click here to activate your reward before it expires.
ham,Library Reminder,The book you borrowed is due back on Saturday. Please return it before the due date.
spam,Free Money,You have been chosen to receive free money. Complete the verification process now.
ham,Order Confirmation,Your order has been confirmed and will be delivered by Friday. Thank you for shopping with us.
ham,Subscription Renewal,Your subscription will renew on Saturday. You can manage your subscription from your account.
ham,Payment Receipt,Your payment of $100 has been received successfully. This email is your receipt.
ham,Document Request,Could you please send the requested document when you have time? Thank you.
spam,Exclusive Prize,An exclusive prize has been reserved for you. Click now to claim it.
ham,Document Request,Could you please send the requested document when you have time? Thank you.
ham,Project Update,Please find the project update attached. Let me know if you have any questions.
ham,Order Confirmation,Your order has been confirmed and will be delivered by Monday. Thank you for shopping with us.
ham,Office Announcement,The office will remain open during normal working hours tomorrow.
ham,Assignment Reminder,This is a reminder that the assignment is due on Wednesday. Please submit it before the deadline.
spam,Congratulations Reward,Congratulations! Your account has qualified for a valuable reward. Claim it immediately.
spam,Limited Time Offer,Get an exclusive discount and free bonus today. Click now before this limited time offer ends.
ham,Class Schedule,The class will begin at 11 AM on Tuesday. Please bring your notes and required materials.
spam,Exclusive Cash Offer,You are eligible to receive $1000 in free cash. Act now to claim your money.
ham,Meeting Update,"Hi team, our meeting is scheduled for Tuesday at 11 AM. Please join on time."
ham,Office Announcement,The office will remain open during normal working hours tomorrow.
spam,Special Bonus,You have received a special bonus. Click here to activate your reward before it expires.
spam,Urgent Account Alert,Your account will be suspended today. Verify your information immediately by clicking the link.
spam,Exclusive Cash Offer,You are eligible to receive $10000 in free cash. Act now to claim your money.
spam,You Are a Winner,You are today's lucky winner! Claim your prize immediately before the offer expires.
ham,Class Schedule,The class will begin at 2 PM on Friday. Please bring your notes and required materials.
spam,Limited Time Offer,Get an exclusive discount and free bonus today. Click now before this limited time offer ends.
ham,Library Reminder,The book you borrowed is due back on Saturday. Please return it before the due date.
ham,Class Schedule,The class will begin at 4 PM on Monday. Please bring your notes and required materials.
ham,Assignment Reminder,This is a reminder that the assignment is due on Saturday. Please submit it before the deadline.
ham,Meeting Update,"Hi team, our meeting is scheduled for Tuesday at 11 AM. Please join on time."
ham,Travel Details,Your travel booking is confirmed. Please check the itinerary for the departure time and location.
spam,Free Gift Waiting,A free gift is waiting for you. Confirm your details now to receive your reward.
spam,Exclusive Prize,An exclusive prize has been reserved for you. Click now to claim it.
spam,Limited Time Offer,Get an exclusive discount and free bonus today. Click now before this limited time offer ends.
ham,Interview Schedule,Your interview has been scheduled for Tuesday at 11 AM. Please confirm your availability.
ham,Office Announcement,The office will remain open during normal working hours tomorrow.
spam,Free Gift Waiting,A free gift is waiting for you. Confirm your details now to receive your reward.
ham,Interview Schedule,Your interview has been scheduled for Wednesday at 3 PM. Please confirm your availability.
ham,Subscription Renewal,Your subscription will renew on Saturday. You can manage your subscription from your account.
spam,Free Gift Waiting,A free gift is waiting for you. Confirm your details now to receive your reward.
spam,Lottery Winner,Your email has been selected as a lottery winner. Contact us immediately to claim your cash prize.
ham,Library Reminder,The book you borrowed is due back on Monday. Please return it before the due date.
spam,Claim Your Free Reward,You have been selected for a free reward. Claim it now before this limited offer expires.
spam,Urgent Account Alert,Your account will be suspended today. Verify your information immediately by clicking the link.
spam,Congratulations! You Won,Congratulations! You have won $250! Click the link now to claim your prize.
spam,Free Gift Waiting,A free gift is waiting for you. Confirm your details now to receive your reward.
ham,Account Notice,Your account information was updated successfully. Contact support if you did not make this change.
ham,Feedback Request,We would appreciate your feedback about your recent experience. Thank you for your time.
ham,Class Schedule,The class will begin at 11 AM on Tuesday. Please bring your notes and required materials.
ham,Team Reminder,Please remember to attend the team meeting tomorrow and review the agenda beforehand.
ham,Library Reminder,The book you borrowed is due back on Thursday. Please return it before the due date.
ham,Team Reminder,Please remember to attend the team meeting tomorrow and review the agenda beforehand.
ham,Feedback Request,We would appreciate your feedback about your recent experience. Thank you for your time.
ham,Travel Details,Your travel booking is confirmed. Please check the itinerary for the departure time and location.
ham,Library Reminder,The book you borrowed is due back on Tuesday. Please return it before the due date.
spam,Special Bonus,You have received a special bonus. Click here to activate your reward before it expires.
ham,Library Reminder,The book you borrowed is due back on Tuesday. Please return it before the due date.
ham,Meeting Update,"Hi team, our meeting is scheduled for Thursday at 11 AM. Please join on time."
ham,Document Request,Could you please send the requested document when you have time? Thank you.
spam,You Are a Winner,You are today's lucky winner! Claim your prize immediately before the offer expires.
spam,Act Now,Urgent! This offer expires soon. Click the link to receive your bonus and reward.
ham,Subscription Renewal,Your subscription will renew on Friday. You can manage your subscription from your account.
ham,Order Confirmation,Your order has been confirmed and will be delivered by Saturday. Thank you for shopping with us.
ham,Feedback Request,We would appreciate your feedback about your recent experience. Thank you for your time.
spam,Free Gift Waiting,A free gift is waiting for you. Confirm your details now to receive your reward.
spam,Exclusive Cash Offer,You are eligible to receive $1000 in free cash. Act now to claim your money.
spam,Investment Opportunity,Earn guaranteed profits quickly with our exclusive investment opportunity. Sign up now.
spam,Lottery Winner,Your email has been selected as a lottery winner. Contact us immediately to claim your cash prize.
ham,Interview Schedule,Your interview has been scheduled for Monday at 3 PM. Please confirm your availability.
ham,Order Confirmation,Your order has been confirmed and will be delivered by Wednesday. Thank you for shopping with us.
spam,Special Bonus,You have received a special bonus. Click here to activate your reward before it expires.
spam,Lottery Winner,Your email has been selected as a lottery winner. Contact us immediately to claim your cash prize.
spam,Free Gift Waiting,A free gift is waiting for you. Confirm your details now to receive your reward.
ham,Travel Details,Your travel booking is confirmed. Please check the itinerary for the departure time and location.
ham,Office Announcement,The office will remain open during normal working hours tomorrow.
ham,Order Confirmation,Your order has been confirmed and will be delivered by Tuesday. Thank you for shopping with us.
spam,Congratulations Reward,Congratulations! Your account has qualified for a valuable reward. Claim it immediately.
ham,Document Request,Could you please send the requested document when you have time? Thank you.
ham,Assignment Reminder,This is a reminder that the assignment is due on Tuesday. Please submit it before the deadline.
ham,Project Update,Please find the project update attached. Let me know if you have any questions.
spam,You Are a Winner,You are today's lucky winner! Claim your prize immediately before the offer expires.
spam,Investment Opportunity,Earn guaranteed profits quickly with our exclusive investment opportunity. Sign up now.
spam,Act Now,Urgent! This offer expires soon. Click the link to receive your bonus and reward.
ham,Office Announcement,The office will remain open during normal working hours tomorrow.
ham,Project Update,Please find the project update attached. Let me know if you have any questions.
ham,Document Request,Could you please send the requested document when you have time? Thank you.
ham,Meeting Update,"Hi team, our meeting is scheduled for Tuesday at 2 PM. Please join on time."
spam,Free Gift Waiting,A free gift is waiting for you. Confirm your details now to receive your reward.
ham,Order Confirmation,Your order has been confirmed and will be delivered by Tuesday. Thank you for shopping with us.
spam,Investment Opportunity,Earn guaranteed profits quickly with our exclusive investment opportunity. Sign up now.
ham,Office Announcement,The office will remain open during normal working hours tomorrow.
spam,Claim Your Free Reward,You have been selected for a free reward. Claim it now before this limited offer expires.
spam,Exclusive Cash Offer,You are eligible to receive $1000 in free cash. Act now to claim your money.
spam,Investment Opportunity,Earn guaranteed profits quickly with our exclusive investment opportunity. Sign up now.
ham,Document Request,Could you please send the requested document when you have time? Thank you.
ham,Interview Schedule,Your interview has been scheduled for Friday at 11 AM. Please confirm your availability.
ham,Meeting Update,"Hi team, our meeting is scheduled for Monday at 11 AM. Please join on time."
spam,Special Bonus,You have received a special bonus. Click here to activate your reward before it expires.
ham,Team Reminder,Please remember to attend the team meeting tomorrow and review the agenda beforehand.
spam,Urgent Account Alert,Your account will be suspended today. Verify your information immediately by clicking the link.
spam,Limited Time Offer,Get an exclusive discount and free bonus today. Click now before this limited time offer ends.
ham,Feedback Request,We would appreciate your feedback about your recent experience. Thank you for your time.
ham,Feedback Request,We would appreciate your feedback about your recent experience. Thank you for your time.
spam,Limited Time Offer,Get an exclusive discount and free bonus today. Click now before this limited time offer ends.
spam,Free Money,You have been chosen to receive free money. Complete the verification process now.
ham,Assignment Reminder,This is a reminder that the assignment is due on Tuesday. Please submit it before the deadline.
ham,Subscription Renewal,Your subscription will renew on Tuesday. You can manage your subscription from your account.
ham,Interview Schedule,Your interview has been scheduled for Wednesday at 11 AM. Please confirm your availability.
spam,Urgent Account Alert,Your account will be suspended today. Verify your information immediately by clicking the link.
spam,Act Now,Urgent! This offer expires soon. Click the link to receive your bonus and reward.
ham,Feedback Request,We would appreciate your feedback about your recent experience. Thank you for your time.
ham,Order Confirmation,Your order has been confirmed and will be delivered by Monday. Thank you for shopping with us.
spam,Limited Time Offer,Get an exclusive discount and free bonus today. Click now before this limited time offer ends.
ham,Feedback Request,We would appreciate your feedback about your recent experience. Thank you for your time.
ham,Class Schedule,The class will begin at 4 PM on Tuesday. Please bring your notes and required materials.
ham,Office Announcement,The office will remain open during normal working hours tomorrow.
spam,Act Now,Urgent! This offer expires soon. Click the link to receive your bonus and reward.
spam,Free Money,You have been chosen to receive free money. Complete the verification process now.
spam,Lottery Winner,Your email has been selected as a lottery winner. Contact us immediately to claim your cash prize.
spam,Exclusive Prize,An exclusive prize has been reserved for you. Click now to claim it.
spam,Exclusive Cash Offer,You are eligible to receive $5000 in free cash. Act now to claim your money.
ham,Travel Details,Your travel booking is confirmed. Please check the itinerary for the departure time and location.
spam,Free Gift Waiting,A free gift is waiting for you. Confirm your details now to receive your reward.
ham,Project Update,Please find the project update attached. Let me know if you have any questions.
spam,Act Now,Urgent! This offer expires soon. Click the link to receive your bonus and reward.
ham,Library Reminder,The book you borrowed is due back on Wednesday. Please return it before the due date.
spam,Urgent Account Alert,Your account will be suspended today. Verify your information immediately by clicking the link.
spam,Free Money,You have been chosen to receive free money. Complete the verification process now.
ham,Team Reminder,Please remember to attend the team meeting tomorrow and review the agenda beforehand.
spam,Free Gift Waiting,A free gift is waiting for you. Confirm your details now to receive your reward.
spam,Limited Time Offer,Get an exclusive discount and free bonus today. Click now before this limited time offer ends.
ham,Document Request,Could you please send the requested document when you have time? Thank you.
ham,Payment Receipt,Your payment of $1000 has been received successfully. This email is your receipt.
spam,Exclusive Prize,An exclusive prize has been reserved for you. Click now to claim it.
spam,Congratulations Reward,Congratulations! Your account has qualified for a valuable reward. Claim it immediately.
ham,Interview Schedule,Your interview has been scheduled for Saturday at 11 AM. Please confirm your availability.
spam,Congratulations! You Won,Congratulations! You have won $1000! Click the link now to claim your prize.
ham,Feedback Request,We would appreciate your feedback about your recent experience. Thank you for your time.
ham,Payment Receipt,Your payment of $5000 has been received successfully. This email is your receipt.
spam,Exclusive Prize,An exclusive prize has been reserved for you. Click now to claim it.
ham,Meeting Update,"Hi team, our meeting is scheduled for Saturday at 11 AM. Please join on time."
ham,Document Request,Could you please send the requested document when you have time? Thank you.
ham,Office Announcement,The office will remain open during normal working hours tomorrow.
spam,Special Bonus,You have received a special bonus. Click here to activate your reward before it expires.
ham,Office Announcement,The office will remain open during normal working hours tomorrow.
ham,Order Confirmation,Your order has been confirmed and will be delivered by Wednesday. Thank you for shopping with us.
spam,Exclusive Prize,An exclusive prize has been reserved for you. Click now to claim it.
spam,Urgent Account Alert,Your account will be suspended today. Verify your information immediately by clicking the link.
spam,Lottery Winner,Your email has been selected as a lottery winner. Contact us immediately to claim your cash prize.
ham,Document Request,Could you please send the requested document when you have time? Thank you.
spam,Final Notice,Final notice: claim your cash reward now or your prize will be cancelled.
ham,Document Request,Could you please send the requested document when you have time? Thank you.
ham,Account Notice,Your account information was updated successfully. Contact support if you did not make this change.
spam,Investment Opportunity,Earn guaranteed profits quickly with our exclusive investment opportunity. Sign up now.
ham,Feedback Request,We would appreciate your feedback about your recent experience. Thank you for your time.
spam,Free Gift Waiting,A free gift is waiting for you. Confirm your details now to receive your reward.
spam,Free Money,You have been chosen to receive free money. Complete the verification process now.
ham,Meeting Update,"Hi team, our meeting is scheduled for Thursday at 2 PM. Please join on time."
spam,Final Notice,Final notice: claim your cash reward now or your prize will be cancelled.
spam,You Are a Winner,You are today's lucky winner! Claim your prize immediately before the offer expires.
ham,Team Reminder,Please remember to attend the team meeting tomorrow and review the agenda beforehand.
spam,Limited Time Offer,Get an exclusive discount and free bonus today. Click now before this limited time offer ends.
spam,Urgent Account Alert,Your account will be suspended today. Verify your information immediately by clicking the link.
spam,Claim Your Free Reward,You have been selected for a free reward. Claim it now before this limited offer expires.
spam,Limited Time Offer,Get an exclusive discount and free bonus today. Click now before this limited time offer ends.
spam,Congratulations Reward,Congratulations! Your account has qualified for a valuable reward. Claim it immediately.
ham,Office Announcement,The office will remain open during normal working hours tomorrow.
spam,Limited Time Offer,Get an exclusive discount and free bonus today. Click now before this limited time offer ends.
ham,Assignment Reminder,This is a reminder that the assignment is due on Thursday. Please submit it before the deadline.
ham,Payment Receipt,Your payment of $100 has been received successfully. This email is your receipt.
ham,Library Reminder,The book you borrowed is due back on Thursday. Please return it before the due date.
spam,Claim Your Free Reward,You have been selected for a free reward. Claim it now before this limited offer expires.
ham,Account Notice,Your account information was updated successfully. Contact support if you did not make this change.
spam,You Are a Winner,You are today's lucky winner! Claim your prize immediately before the offer expires.
spam,Limited Time Offer,Get an exclusive discount and free bonus today. Click now before this limited time offer ends.
ham,Account Notice,Your account information was updated successfully. Contact support if you did not make this change.
spam,Special Bonus,You have received a special bonus. Click here to activate your reward before it expires.
spam,You Are a Winner,You are today's lucky winner! Claim your prize immediately before the offer expires.
ham,Order Confirmation,Your order has been confirmed and will be delivered by Friday. Thank you for shopping with us.
spam,Exclusive Prize,An exclusive prize has been reserved for you. Click now to claim it.
spam,Free Gift Waiting,A free gift is waiting for you. Confirm your details now to receive your reward.
ham,Order Confirmation,Your order has been confirmed and will be delivered by Wednesday. Thank you for shopping with us.
spam,Urgent Account Alert,Your account will be suspended today. Verify your information immediately by clicking the link.
spam,You Are a Winner,You are today's lucky winner! Claim your prize immediately before the offer expires.
ham,Travel Details,Your travel booking is confirmed. Please check the itinerary for the departure time and location.
ham,Feedback Request,We would appreciate your feedback about your recent experience. Thank you for your time.
spam,Exclusive Cash Offer,You are eligible to receive $500 in free cash. Act now to claim your money.
spam,Exclusive Cash Offer,You are eligible to receive $250 in free cash. Act now to claim your money.
ham,Document Request,Could you please send the requested document when you have time? Thank you.
ham,Document Request,Could you please send the requested document when you have time? Thank you.
ham,Order Confirmation,Your order has been confirmed and will be delivered by Monday. Thank you for shopping with us.
spam,Final Notice,Final notice: claim your cash reward now or your prize will be cancelled.
spam,Free Money,You have been chosen to receive free money. Complete the verification process now.
ham,Document Request,Could you please send the requested document when you have time? Thank you.
spam,Congratulations Reward,Congratulations! Your account has qualified for a valuable reward. Claim it immediately.
ham,Project Update,Please find the project update attached. Let me know if you have any questions.
spam,Exclusive Cash Offer,You are eligible to receive $1000 in free cash. Act now to claim your money.
spam,Final Notice,Final notice: claim your cash reward now or your prize will be cancelled.
spam,Exclusive Cash Offer,You are eligible to receive $10000 in free cash. Act now to claim your money.
spam,Free Money,You have been chosen to receive free money. Complete the verification process now.
spam,Congratulations Reward,Congratulations! Your account has qualified for a valuable reward. Claim it immediately.
ham,Order Confirmation,Your order has been confirmed and will be delivered by Wednesday. Thank you for shopping with us.
ham,Interview Schedule,Your interview has been scheduled for Monday at 9 AM. Please confirm your availability.
spam,Free Gift Waiting,A free gift is waiting for you. Confirm your details now to receive your reward.
spam,Special Bonus,You have received a special bonus. Click here to activate your reward before it expires.
spam,Limited Time Offer,Get an exclusive discount and free bonus today. Click now before this limited time offer ends.
ham,Team Reminder,Please remember to attend the team meeting tomorrow and review the agenda beforehand.
spam,Investment Opportunity,Earn guaranteed profits quickly with our exclusive investment opportunity. Sign up now.
spam,Limited Time Offer,Get an exclusive discount and free bonus today. Click now before this limited time offer ends.
ham,Project Update,Please find the project update attached. Let me know if you have any questions.
spam,Exclusive Prize,An exclusive prize has been reserved for you. Click now to claim it.
spam,Congratulations! You Won,Congratulations! You have won $1000! Click the link now to claim your prize.
ham,Account Notice,Your account information was updated successfully. Contact support if you did not make this change.
ham,Meeting Update,"Hi team, our meeting is scheduled for Thursday at 2 PM. Please join on time."
ham,Office Announcement,The office will remain open during normal working hours tomorrow.
ham,Library Reminder,The book you borrowed is due back on Monday. Please return it before the due date.
spam,Exclusive Prize,An exclusive prize has been reserved for you. Click now to claim it.
spam,Exclusive Prize,An exclusive prize has been reserved for you. Click now to claim it.
spam,Urgent Account Alert,Your account will be suspended today. Verify your information immediately by clicking the link.
spam,Investment Opportunity,Earn guaranteed profits quickly with our exclusive investment opportunity. Sign up now.
spam,Investment Opportunity,Earn guaranteed profits quickly with our exclusive investment opportunity. Sign up now.
ham,Order Confirmation,Your order has been confirmed and will be delivered by Thursday. Thank you for shopping with us.
spam,Limited Time Offer,Get an exclusive discount and free bonus today. Click now before this limited time offer ends.
ham,Subscription Renewal,Your subscription will renew on Monday. You can manage your subscription from your account.
ham,Subscription Renewal,Your subscription will renew on Monday. You can manage your subscription from your account.
ham,Class Schedule,The class will begin at 11 AM on Friday. Please bring your notes and required materials.
ham,Travel Details,Your travel booking is confirmed. Please check the itinerary for the departure time and location.
ham,Document Request,Could you please send the requested document when you have time? Thank you.
ham,Document Request,Could you please send the requested document when you have time? Thank you.
spam,Urgent Account Alert,Your account will be suspended today. Verify your information immediately by clicking the link.
spam,Exclusive Prize,An exclusive prize has been reserved for you. Click now to claim it.
ham,Team Reminder,Please remember to attend the team meeting tomorrow and review the agenda beforehand.
spam,Limited Time Offer,Get an exclusive discount and free bonus today. Click now before this limited time offer ends.
ham,Travel Details,Your travel booking is confirmed. Please check the itinerary for the departure time and location.
ham,Document Request,Could you please send the requested document when you have time? Thank you.
ham,Payment Receipt,Your payment of $250 has been received successfully. This email is your receipt.
spam,Urgent Account Alert,Your account will be suspended today. Verify your information immediately by clicking the link.
spam,Exclusive Cash Offer,You are eligible to receive $500 in free cash. Act now to claim your money.
spam,Free Gift Waiting,A free gift is waiting for you. Confirm your details now to receive your reward.
spam,Exclusive Cash Offer,You are eligible to receive $250 in free cash. Act now to claim your money.
ham,Meeting Update,"Hi team, our meeting is scheduled for Wednesday at 4 PM. Please join on time."
spam,Lottery Winner,Your email has been selected as a lottery winner. Contact us immediately to claim your cash prize.
ham,Travel Details,Your travel booking is confirmed. Please check the itinerary for the departure time and location.
spam,Free Gift Waiting,A free gift is waiting for you. Confirm your details now to receive your reward.
ham,Payment Receipt,Your payment of $5000 has been received successfully. This email is your receipt.
spam,Urgent Account Alert,Your account will be suspended today. Verify your information immediately by clicking the link.
ham,Feedback Request,We would appreciate your feedback about your recent experience. Thank you for your time.
spam,Free Gift Waiting,A free gift is waiting for you. Confirm your details now to receive your reward.
spam,Final Notice,Final notice: claim your cash reward now or your prize will be cancelled.
spam,Limited Time Offer,Get an exclusive discount and free bonus today. Click now before this limited time offer ends.
spam,Lottery Winner,Your email has been selected as a lottery winner. Contact us immediately to claim your cash prize.
spam,Claim Your Free Reward,You have been selected for a free reward. Claim it now before this limited offer expires.
spam,Special Bonus,You have received a special bonus. Click here to activate your reward before it expires.
spam,Claim Your Free Reward,You have been selected for a free reward. Claim it now before this limited offer expires.
ham,Travel Details,Your travel booking is confirmed. Please check the itinerary for the departure time and location.
ham,Document Request,Could you please send the requested document when you have time? Thank you.
ham,Order Confirmation,Your order has been confirmed and will be delivered by Friday. Thank you for shopping with us.
spam,Free Money,You have been chosen to receive free money. Complete the verification process now.
spam,Claim Your Free Reward,You have been selected for a free reward. Claim it now before this limited offer expires.
ham,Team Reminder,Please remember to attend the team meeting tomorrow and review the agenda beforehand.
spam,Limited Time Offer,Get an exclusive discount and free bonus today. Click now before this limited time offer ends.
ham,Payment Receipt,Your payment of $100 has been received successfully. This email is your receipt.
ham,Account Notice,Your account information was updated successfully. Contact support if you did not make this change.
ham,Account Notice,Your account information was updated successfully. Contact support if you did not make this change.
ham,Subscription Renewal,Your subscription will renew on Thursday. You can manage your subscription from your account.
ham,Account Notice,Your account information was updated successfully. Contact support if you did not make this change.
spam,Congratulations! You Won,Congratulations! You have won $100! Click the link now to claim your prize.
spam,You Are a Winner,You are today's lucky winner! Claim your prize immediately before the offer expires.
spam,Congratulations Reward,Congratulations! Your account has qualified for a valuable reward. Claim it immediately.
spam,Investment Opportunity,Earn guaranteed profits quickly with our exclusive investment opportunity. Sign up now.
ham,Library Reminder,The book you borrowed is due back on Saturday. Please return it before the due date.
spam,Free Money,You have been chosen to receive free money. Complete the verification process now.
ham,Library Reminder,The book you borrowed is due back on Thursday. Please return it before the due date.
spam,Urgent Account Alert,Your account will be suspended today. Verify your information immediately by clicking the link.
ham,Assignment Reminder,This is a reminder that the assignment is due on Tuesday. Please submit it before the deadline.
spam,Congratulations! You Won,Congratulations! You have won $1000! Click the link now to claim your prize.
spam,Urgent Account Alert,Your account will be suspended today. Verify your information immediately by clicking the link.
ham,Assignment Reminder,This is a reminder that the assignment is due on Friday. Please submit it before the deadline.
ham,Document Request,Could you please send the requested document when you have time? Thank you.
ham,Document Request,Could you please send the requested document when you have time? Thank you.
spam,Exclusive Cash Offer,You are eligible to receive $1000 in free cash. Act now to claim your money.
ham,Assignment Reminder,This is a reminder that the assignment is due on Monday. Please submit it before the deadline.
spam,Congratulations Reward,Congratulations! Your account has qualified for a valuable reward. Claim it immediately.
spam,Free Money,You have been chosen to receive free money. Complete the verification process now.
ham,Library Reminder,The book you borrowed is due back on Monday. Please return it before the due date.
spam,Free Money,You have been chosen to receive free money. Complete the verification process now.
ham,Order Confirmation,Your order has been confirmed and will be delivered by Wednesday. Thank you for shopping with us.
ham,Payment Receipt,Your payment of $100 has been received successfully. This email is your receipt.
spam,Congratulations! You Won,Congratulations! You have won $1000! Click the link now to claim your prize.
ham,Team Reminder,Please remember to attend the team meeting tomorrow and review the agenda beforehand.
ham,Team Reminder,Please remember to attend the team meeting tomorrow and review the agenda beforehand.
spam,Free Gift Waiting,A free gift is waiting for you. Confirm your details now to receive your reward.
ham,Travel Details,Your travel booking is confirmed. Please check the itinerary for the departure time and location.
ham,Interview Schedule,Your interview has been scheduled for Saturday at 9 AM. Please confirm your availability.
spam,Congratulations Reward,Congratulations! Your account has qualified for a valuable reward. Claim it immediately.
spam,Urgent Account Alert,Your account will be suspended today. Verify your information immediately by clicking the link.
ham,Team Reminder,Please remember to attend the team meeting tomorrow and review the agenda beforehand.
ham,Feedback Request,We would appreciate your feedback about your recent experience. Thank you for your time.
spam,Congratulations Reward,Congratulations! Your account has qualified for a valuable reward. Claim it immediately.
ham,Feedback Request,We would appreciate your feedback about your recent experience. Thank you for your time.
ham,Assignment Reminder,This is a reminder that the assignment is due on Wednesday. Please submit it before the deadline.
spam,Claim Your Free Reward,You have been selected for a free reward. Claim it now before this limited offer expires.
spam,Special Bonus,You have received a special bonus. Click here to activate your reward before it expires.
ham,Document Request,Could you please send the requested document when you have time? Thank you.
ham,Feedback Request,We would appreciate your feedback about your recent experience. Thank you for your time.
ham,Subscription Renewal,Your subscription will renew on Saturday. You can manage your subscription from your account.
ham,Class Schedule,The class will begin at 2 PM on Wednesday. Please bring your notes and required materials.
spam,Limited Time Offer,Get an exclusive discount and free bonus today. Click now before this limited time offer ends.
ham,Office Announcement,The office will remain open during normal working hours tomorrow.
ham,Order Confirmation,Your order has been confirmed and will be delivered by Tuesday. Thank you for shopping with us.
ham,Interview Schedule,Your interview has been scheduled for Tuesday at 2 PM. Please confirm your availability.
spam,Exclusive Prize,An exclusive prize has been reserved for you. Click now to claim it.
ham,Subscription Renewal,Your subscription will renew on Wednesday. You can manage your subscription from your account.
ham,Office Announcement,The office will remain open during normal working hours tomorrow.
ham,Travel Details,Your travel booking is confirmed. Please check the itinerary for the departure time and location.
ham,Meeting Update,"Hi team, our meeting is scheduled for Monday at 3 PM. Please join on time."
spam,You Are a Winner,You are today's lucky winner! Claim your prize immediately before the offer expires.
spam,Act Now,Urgent! This offer expires soon. Click the link to receive your bonus and reward.
ham,Account Notice,Your account information was updated successfully. Contact support if you did not make this change.
spam,Limited Time Offer,Get an exclusive discount and free bonus today. Click now before this limited time offer ends.
ham,Document Request,Could you please send the requested document when you have time? Thank you.
ham,Document Request,Could you please send the requested document when you have time? Thank you.
ham,Class Schedule,The class will begin at 3 PM on Tuesday. Please bring your notes and required materials.
ham,Subscription Renewal,Your subscription will renew on Thursday. You can manage your subscription from your account.
ham,Library Reminder,The book you borrowed is due back on Monday. Please return it before the due date.
spam,Limited Time Offer,Get an exclusive discount and free bonus today. Click now before this limited time offer ends.
spam,Special Bonus,You have received a special bonus. Click here to activate your reward before it expires.
ham,Library Reminder,The book you borrowed is due back on Wednesday. Please return it before the due date.
spam,Exclusive Prize,An exclusive prize has been reserved for you. Click now to claim it.
spam,Lottery Winner,Your email has been selected as a lottery winner. Contact us immediately to claim your cash prize.
spam,Exclusive Prize,An exclusive prize has been reserved for you. Click now to claim it.
ham,Subscription Renewal,Your subscription will renew on Wednesday. You can manage your subscription from your account.
spam,Free Money,You have been chosen to receive free money. Complete the verification process now.
spam,Urgent Account Alert,Your account will be suspended today. Verify your information immediately by clicking the link.
spam,Free Gift Waiting,A free gift is waiting for you. Confirm your details now to receive your reward.
spam,You Are a Winner,You are today's lucky winner! Claim your prize immediately before the offer expires.
spam,Free Money,You have been chosen to receive free money. Complete the verification process now.
ham,Payment Receipt,Your payment of $1000 has been received successfully. This email is your receipt.
ham,Payment Receipt,Your payment of $50 has been received successfully. This email is your receipt.
spam,You Are a Winner,You are today's lucky winner! Claim your prize immediately before the offer expires.
ham,Order Confirmation,Your order has been confirmed and will be delivered by Monday. Thank you for shopping with us.
spam,Claim Your Free Reward,You have been selected for a free reward. Claim it now before this limited offer expires.
spam,Lottery Winner,Your email has been selected as a lottery winner. Contact us immediately to claim your cash prize.
ham,Payment Receipt,Your payment of $250 has been received successfully. This email is your receipt.
ham,Interview Schedule,Your interview has been scheduled for Thursday at 10 AM. Please confirm your availability.
ham,Document Request,Could you please send the requested document when you have time? Thank you.
ham,Document Request,Could you please send the requested document when you have time? Thank you.
ham,Feedback Request,We would appreciate your feedback about your recent experience. Thank you for your time.
spam,Free Gift Waiting,A free gift is waiting for you. Confirm your details now to receive your reward.
ham,Account Notice,Your account information was updated successfully. Contact support if you did not make this change.
spam,Final Notice,Final notice: claim your cash reward now or your prize will be cancelled.
ham,Feedback Request,We would appreciate your feedback about your recent experience. Thank you for your time.
ham,Account Notice,Your account information was updated successfully. Contact support if you did not make this change.
spam,You Are a Winner,You are today's lucky winner! Claim your prize immediately before the offer expires.
ham,Account Notice,Your account information was updated successfully. Contact support if you did not make this change.
ham,Feedback Request,We would appreciate your feedback about your recent experience. Thank you for your time.
ham,Team Reminder,Please remember to attend the team meeting tomorrow and review the agenda beforehand.
spam,Claim Your Free Reward,You have been selected for a free reward. Claim it now before this limited offer expires.
spam,Act Now,Urgent! This offer expires soon. Click the link to receive your bonus and reward.
ham,Account Notice,Your account information was updated successfully. Contact support if you did not make this change.
ham,Payment Receipt,Your payment of $50 has been received successfully. This email is your receipt.
ham,Library Reminder,The book you borrowed is due back on Monday. Please return it before the due date.
ham,Library Reminder,The book you borrowed is due back on Friday. Please return it before the due date.
spam,Congratulations! You Won,Congratulations! You have won $50! Click the link now to claim your prize.
ham,Payment Receipt,Your payment of $10000 has been received successfully. This email is your receipt.
ham,Library Reminder,The book you borrowed is due back on Saturday. Please return it before the due date.
spam,Act Now,Urgent! This offer expires soon. Click the link to receive your bonus and reward.
ham,Library Reminder,The book you borrowed is due back on Saturday. Please return it before the due date.
spam,Final Notice,Final notice: claim your cash reward now or your prize will be cancelled.
ham,Team Reminder,Please remember to attend the team meeting tomorrow and review the agenda beforehand.
ham,Payment Receipt,Your payment of $50 has been received successfully. This email is your receipt.
spam,Urgent Account Alert,Your account will be suspended today. Verify your information immediately by clicking the link.
spam,Exclusive Cash Offer,You are eligible to receive $100 in free cash. Act now to claim your money.
ham,Meeting Update,"Hi team, our meeting is scheduled for Friday at 10 AM. Please join on time."
spam,Free Gift Waiting,A free gift is waiting for you. Confirm your details now to receive your reward.
spam,Free Gift Waiting,A free gift is waiting for you. Confirm your details now to receive your reward.
spam,Congratulations! You Won,Congratulations! You have won $50! Click the link now to claim your prize.
spam,Special Bonus,You have received a special bonus. Click here to activate your reward before it expires.
ham,Assignment Reminder,This is a reminder that the assignment is due on Thursday. Please submit it before the deadline.
ham,Assignment Reminder,This is a reminder that the assignment is due on Wednesday. Please submit it before the deadline.
ham,Team Reminder,Please remember to attend the team meeting tomorrow and review the agenda beforehand.
ham,Account Notice,Your account information was updated successfully. Contact support if you did not make this change.
ham,Account Notice,Your account information was updated successfully. Contact support if you did not make this change.
spam,Exclusive Cash Offer,You are eligible to receive $1000 in free cash. Act now to claim your money.
ham,Project Update,Please find the project update attached. Let me know if you have any questions.
spam,You Are a Winner,You are today's lucky winner! Claim your prize immediately before the offer expires.
ham,Payment Receipt,Your payment of $10000 has been received successfully. This email is your receipt.
spam,Claim Your Free Reward,You have been selected for a free reward. Claim it now before this limited offer expires.
ham,Travel Details,Your travel booking is confirmed. Please check the itinerary for the departure time and location.
ham,Library Reminder,The book you borrowed is due back on Saturday. Please return it before the due date.
ham,Project Update,Please find the project update attached. Let me know if you have any questions.
ham,Assignment Reminder,This is a reminder that the assignment is due on Friday. Please submit it before the deadline.
ham,Travel Details,Your travel booking is confirmed. Please check the itinerary for the departure time and location.
spam,Urgent Account Alert,Your account will be suspended today. Verify your information immediately by clicking the link.
spam,Act Now,Urgent! This offer expires soon. Click the link to receive your bonus and reward.
ham,Order Confirmation,Your order has been confirmed and will be delivered by Wednesday. Thank you for shopping with us.
ham,Library Reminder,The book you borrowed is due back on Thursday. Please return it before the due date.
ham,Travel Details,Your travel booking is confirmed. Please check the itinerary for the departure time and location.
ham,Office Announcement,The office will remain open during normal working hours tomorrow.
spam,Final Notice,Final notice: claim your cash reward now or your prize will be cancelled.
spam,Free Gift Waiting,A free gift is waiting for you. Confirm your details now to receive your reward.
spam,Free Money,You have been chosen to receive free money. Complete the verification process now.
spam,Congratulations! You Won,Congratulations! You have won $10000! Click the link now to claim your prize.
spam,Investment Opportunity,Earn guaranteed profits quickly with our exclusive investment opportunity. Sign up now.
spam,Special Bonus,You have received a special bonus. Click here to activate your reward before it expires.
ham,Office Announcement,The office will remain open during normal working hours tomorrow.
spam,Final Notice,Final notice: claim your cash reward now or your prize will be cancelled.
spam,Exclusive Cash Offer,You are eligible to receive $5000 in free cash. Act now to claim your money.
ham,Project Update,Please find the project update attached. Let me know if you have any questions.
ham,Order Confirmation,Your order has been confirmed and will be delivered by Thursday. Thank you for shopping with us.
ham,Meeting Update,"Hi team, our meeting is scheduled for Saturday at 10 AM. Please join on time."
spam,Limited Time Offer,Get an exclusive discount and free bonus today. Click now before this limited time offer ends.
spam,Claim Your Free Reward,You have been selected for a free reward. Claim it now before this limited offer expires.
ham,Office Announcement,The office will remain open during normal working hours tomorrow.
spam,Lottery Winner,Your email has been selected as a lottery winner. Contact us immediately to claim your cash prize.
spam,Limited Time Offer,Get an exclusive discount and free bonus today. Click now before this limited time offer ends.
ham,Subscription Renewal,Your subscription will renew on Friday. You can manage your subscription from your account.
ham,Library Reminder,The book you borrowed is due back on Wednesday. Please return it before the due date.
ham,Account Notice,Your account information was updated successfully. Contact support if you did not make this change.
ham,Subscription Renewal,Your subscription will renew on Saturday. You can manage your subscription from your account.
spam,Urgent Account Alert,Your account will be suspended today. Verify your information immediately by clicking the link.
spam,Final Notice,Final notice: claim your cash reward now or your prize will be cancelled.
ham,Project Update,Please find the project update attached. Let me know if you have any questions.
ham,Assignment Reminder,This is a reminder that the assignment is due on Tuesday. Please submit it before the deadline.
spam,Limited Time Offer,Get an exclusive discount and free bonus today. Click now before this limited time offer ends.
spam,Special Bonus,You have received a special bonus. Click here to activate your reward before it expires.
spam,Act Now,Urgent! This offer expires soon. Click the link to receive your bonus and reward.
ham,Office Announcement,The office will remain open during normal working hours tomorrow.
ham,Class Schedule,The class will begin at 2 PM on Tuesday. Please bring your notes and required materials.
spam,Lottery Winner,Your email has been selected as a lottery winner. Contact us immediately to claim your cash prize.
ham,Interview Schedule,Your interview has been scheduled for Saturday at 2 PM. Please confirm your availability.
ham,Order Confirmation,Your order has been confirmed and will be delivered by Wednesday. Thank you for shopping with us.
ham,Project Update,Please find the project update attached. Let me know if you have any questions.
ham,Feedback Request,We would appreciate your feedback about your recent experience. Thank you for your time.
ham,Account Notice,Your account information was updated successfully. Contact support if you did not make this change.
spam,Claim Your Free Reward,You have been selected for a free reward. Claim it now before this limited offer expires.
spam,Investment Opportunity,Earn guaranteed profits quickly with our exclusive investment opportunity. Sign up now.
ham,Project Update,Please find the project update attached. Let me know if you have any questions.
spam,Exclusive Prize,An exclusive prize has been reserved for you. Click now to claim it.
ham,Account Notice,Your account information was updated successfully. Contact support if you did not make this change.
ham,Project Update,Please find the project update attached. Let me know if you have any questions.
spam,Urgent Account Alert,Your account will be suspended today. Verify your information immediately by clicking the link.
ham,Document Request,Could you please send the requested document when you have time? Thank you.
ham,Order Confirmation,Your order has been confirmed and will be delivered by Monday. Thank you for shopping with us.
spam,Congratulations Reward,Congratulations! Your account has qualified for a valuable reward. Claim it immediately.
spam,Exclusive Prize,An exclusive prize has been reserved for you. Click now to claim it.
spam,Congratulations Reward,Congratulations! Your account has qualified for a valuable reward. Claim it immediately.
spam,Act Now,Urgent! This offer expires soon. Click the link to receive your bonus and reward.
spam,Urgent Account Alert,Your account will be suspended today. Verify your information immediately by clicking the link.
spam,You Are a Winner,You are today's lucky winner! Claim your prize immediately before the offer expires.
spam,Free Money,You have been chosen to receive free money. Complete the verification process now.
ham,Document Request,Could you please send the requested document when you have time? Thank you.
spam,Limited Time Offer,Get an exclusive discount and free bonus today. Click now before this limited time offer ends.
ham,Team Reminder,Please remember to attend the team meeting tomorrow and review the agenda beforehand.
spam,Congratulations Reward,Congratulations! Your account has qualified for a valuable reward. Claim it immediately.
spam,Free Gift Waiting,A free gift is waiting for you. Confirm your details now to receive your reward.
ham,Interview Schedule,Your interview has been scheduled for Saturday at 11 AM. Please confirm your availability.
ham,Payment Receipt,Your payment of $100 has been received successfully. This email is your receipt.
ham,Subscription Renewal,Your subscription will renew on Wednesday. You can manage your subscription from your account.
spam,Free Money,You have been chosen to receive free money. Complete the verification process now.
ham,Project Update,Please find the project update attached. Let me know if you have any questions.
ham,Team Reminder,Please remember to attend the team meeting tomorrow and review the agenda beforehand.
ham,Assignment Reminder,This is a reminder that the assignment is due on Thursday. Please submit it before the deadline.
ham,Project Update,Please find the project update attached. Let me know if you have any questions.
ham,Interview Schedule,Your interview has been scheduled for Wednesday at 9 AM. Please confirm your availability.
spam,Exclusive Cash Offer,You are eligible to receive $10000 in free cash. Act now to claim your money.
spam,Exclusive Cash Offer,You are eligible to receive $100 in free cash. Act now to claim your money.
spam,Final Notice,Final notice: claim your cash reward now or your prize will be cancelled.
ham,Library Reminder,The book you borrowed is due back on Saturday. Please return it before the due date.
spam,Congratulations! You Won,Congratulations! You have won $500! Click the link now to claim your prize.
spam,Limited Time Offer,Get an exclusive discount and free bonus today. Click now before this limited time offer ends.
ham,Travel Details,Your travel booking is confirmed. Please check the itinerary for the departure time and location.
spam,Free Gift Waiting,A free gift is waiting for you. Confirm your details now to receive your reward.
ham,Payment Receipt,Your payment of $500 has been received successfully. This email is your receipt.
spam,Investment Opportunity,Earn guaranteed profits quickly with our exclusive investment opportunity. Sign up now.
spam,Congratulations! You Won,Congratulations! You have won $5000! Click the link now to claim your prize.
spam,Lottery Winner,Your email has been selected as a lottery winner. Contact us immediately to claim your cash prize.
spam,Urgent Account Alert,Your account will be suspended today. Verify your information immediately by clicking the link.
ham,Library Reminder,The book you borrowed is due back on Thursday. Please return it before the due date.
spam,Exclusive Prize,An exclusive prize has been reserved for you. Click now to claim it.
ham,Subscription Renewal,Your subscription will renew on Thursday. You can manage your subscription from your account.
spam,Limited Time Offer,Get an exclusive discount and free bonus today. Click now before this limited time offer ends.
spam,Claim Your Free Reward,You have been selected for a free reward. Claim it now before this limited offer expires.
ham,Account Notice,Your account information was updated successfully. Contact support if you did not make this change.
spam,Congratulations Reward,Congratulations! Your account has qualified for a valuable reward. Claim it immediately.
spam,Lottery Winner,Your email has been selected as a lottery winner. Contact us immediately to claim your cash prize.
ham,Library Reminder,The book you borrowed is due back on Friday. Please return it before the due date.
ham,Payment Receipt,Your payment of $250 has been received successfully. This email is your receipt.
ham,Meeting Update,"Hi team, our meeting is scheduled for Wednesday at 4 PM. Please join on time."
ham,Account Notice,Your account information was updated successfully. Contact support if you did not make this change.
ham,Payment Receipt,Your payment of $100 has been received successfully. This email is your receipt.
spam,Claim Your Free Reward,You have been selected for a free reward. Claim it now before this limited offer expires.
spam,Free Money,You have been chosen to receive free money. Complete the verification process now.
spam,Special Bonus,You have received a special bonus. Click here to activate your reward before it expires.
spam,Lottery Winner,Your email has been selected as a lottery winner. Contact us immediately to claim your cash prize.
ham,Project Update,Please find the project update attached. Let me know if you have any questions.
ham,Interview Schedule,Your interview has been scheduled for Monday at 10 AM. Please confirm your availability.
spam,You Are a Winner,You are today's lucky winner! Claim your prize immediately before the offer expires.
ham,Library Reminder,The book you borrowed is due back on Tuesday. Please return it before the due date.
ham,Office Announcement,The office will remain open during normal working hours tomorrow.
spam,Congratulations! You Won,Congratulations! You have won $250! Click the link now to claim your prize.
spam,You Are a Winner,You are today's lucky winner! Claim your prize immediately before the offer expires.
ham,Meeting Update,"Hi team, our meeting is scheduled for Tuesday at 3 PM. Please join on time."
spam,Investment Opportunity,Earn guaranteed profits quickly with our exclusive investment opportunity. Sign up now.
spam,Free Gift Waiting,A free gift is waiting for you. Confirm your details now to receive your reward.
spam,Special Bonus,You have received a special bonus. Click here to activate your reward before it expires.
spam,Congratulations! You Won,Congratulations! You have won $500! Click the link now to claim your prize.
ham,Team Reminder,Please remember to attend the team meeting tomorrow and review the agenda beforehand.
spam,Final Notice,Final notice: claim your cash reward now or your prize will be cancelled.
spam,Claim Your Free Reward,You have been selected for a free reward. Claim it now before this limited offer expires.
spam,Special Bonus,You have received a special bonus. Click here to activate your reward before it expires.
ham,Library Reminder,The book you borrowed is due back on Saturday. Please return it before the due date.
spam,Claim Your Free Reward,You have been selected for a free reward. Claim it now before this limited offer expires.
ham,Meeting Update,"Hi team, our meeting is scheduled for Thursday at 2 PM. Please join on time."
ham,Payment Receipt,Your payment of $100 has been received successfully. This email is your receipt.
ham,Subscription Renewal,Your subscription will renew on Friday. You can manage your subscription from your account.
ham,Team Reminder,Please remember to attend the team meeting tomorrow and review the agenda beforehand.
spam,Free Gift Waiting,A free gift is waiting for you. Confirm your details now to receive your reward.
spam,Special Bonus,You have received a special bonus. Click here to activate your reward before it expires.
spam,Exclusive Prize,An exclusive prize has been reserved for you. Click now to claim it.
ham,Class Schedule,The class will begin at 2 PM on Thursday. Please bring your notes and required materials.
ham,Class Schedule,The class will begin at 2 PM on Wednesday. Please bring your notes and required materials.
spam,Free Gift Waiting,A free gift is waiting for you. Confirm your details now to receive your reward.
spam,Act Now,Urgent! This offer expires soon. Click the link to receive your bonus and reward.
spam,Act Now,Urgent! This offer expires soon. Click the link to receive your bonus and reward.
spam,Free Gift Waiting,A free gift is waiting for you. Confirm your details now to receive your reward.
spam,Free Gift Waiting,A free gift is waiting for you. Confirm your details now to receive your reward.
spam,Exclusive Cash Offer,You are eligible to receive $50 in free cash. Act now to claim your money.
ham,Subscription Renewal,Your subscription will renew on Friday. You can manage your subscription from your account.
ham,Class Schedule,The class will begin at 3 PM on Friday. Please bring your notes and required materials.
spam,Free Gift Waiting,A free gift is waiting for you. Confirm your details now to receive your reward.
ham,Project Update,Please find the project update attached. Let me know if you have any questions.
ham,Project Update,Please find the project update attached. Let me know if you have any questions.
spam,Special Bonus,You have received a special bonus. Click here to activate your reward before it expires.
ham,Assignment Reminder,This is a reminder that the assignment is due on Tuesday. Please submit it before the deadline.
spam,Special Bonus,You have received a special bonus. Click here to activate your reward before it expires.
spam,Free Money,You have been chosen to receive free money. Complete the verification process now.
ham,Project Update,Please find the project update attached. Let me know if you have any questions.
spam,Congratulations! You Won,Congratulations! You have won $250! Click the link now to claim your prize.
spam,Free Gift Waiting,A free gift is waiting for you. Confirm your details now to receive your reward.
spam,Urgent Account Alert,Your account will be suspended today. Verify your information immediately by clicking the link.
ham,Feedback Request,We would appreciate your feedback about your recent experience. Thank you for your time.
ham,Team Reminder,Please remember to attend the team meeting tomorrow and review the agenda beforehand.
spam,Special Bonus,You have received a special bonus. Click here to activate your reward before it expires.
spam,Congratulations Reward,Congratulations! Your account has qualified for a valuable reward. Claim it immediately.
ham,Meeting Update,"Hi team, our meeting is scheduled for Tuesday at 11 AM. Please join on time."
ham,Document Request,Could you please send the requested document when you have time? Thank you.
ham,Interview Schedule,Your interview has been scheduled for Friday at 9 AM. Please confirm your availability.
spam,Urgent Account Alert,Your account will be suspended today. Verify your information immediately by clicking the link.
spam,Congratulations Reward,Congratulations! Your account has qualified for a valuable reward. Claim it immediately.
spam,Claim Your Free Reward,You have been selected for a free reward. Claim it now before this limited offer expires.
spam,Free Gift Waiting,A free gift is waiting for you. Confirm your details now to receive your reward.
ham,Class Schedule,The class will begin at 2 PM on Friday. Please bring your notes and required materials.
spam,Limited Time Offer,Get an exclusive discount and free bonus today. Click now before this limited time offer ends.
spam,Claim Your Free Reward,You have been selected for a free reward. Claim it now before this limited offer expires.
ham,Document Request,Could you please send the requested document when you have time? Thank you.
spam,Urgent Account Alert,Your account will be suspended today. Verify your information immediately by clicking the link.
ham,Office Announcement,The office will remain open during normal working hours tomorrow.
spam,Congratulations! You Won,Congratulations! You have won $50! Click the link now to claim your prize.
spam,Limited Time Offer,Get an exclusive discount and free bonus today. Click now before this limited time offer ends.
spam,Claim Your Free Reward,You have been selected for a free reward. Claim it now before this limited offer expires.
spam,Claim Your Free Reward,You have been selected for a free reward. Claim it now before this limited offer expires.
ham,Travel Details,Your travel booking is confirmed. Please check the itinerary for the departure time and location.
spam,Exclusive Prize,An exclusive prize has been reserved for you. Click now to claim it.
ham,Travel Details,Your travel booking is confirmed. Please check the itinerary for the departure time and location.
spam,Special Bonus,You have received a special bonus. Click here to activate your reward before it expires.
ham,Interview Schedule,Your interview has been scheduled for Tuesday at 9 AM. Please confirm your availability.
spam,Lottery Winner,Your email has been selected as a lottery winner. Contact us immediately to claim your cash prize.
ham,Class Schedule,The class will begin at 3 PM on Wednesday. Please bring your notes and required materials.
ham,Assignment Reminder,This is a reminder that the assignment is due on Tuesday. Please submit it before the deadline.
spam,You Are a Winner,You are today's lucky winner! Claim your prize immediately before the offer expires.
ham,Travel Details,Your travel booking is confirmed. Please check the itinerary for the departure time and location.
spam,Special Bonus,You have received a special bonus. Click here to activate your reward before it expires.
spam,Special Bonus,You have received a special bonus. Click here to activate your reward before it expires.
ham,Interview Schedule,Your interview has been scheduled for Monday at 4 PM. Please confirm your availability.
ham,Order Confirmation,Your order has been confirmed and will be delivered by Monday. Thank you for shopping with us.
ham,Document Request,Could you please send the requested document when you have time? Thank you.
spam,Congratulations! You Won,Congratulations! You have won $5000! Click the link now to claim your prize.
spam,Congratulations Reward,Congratulations! Your account has qualified for a valuable reward. Claim it immediately.
spam,Congratulations Reward,Congratulations! Your account has qualified for a valuable reward. Claim it immediately.
spam,You Are a Winner,You are today's lucky winner! Claim your prize immediately before the offer expires.
ham,Document Request,Could you please send the requested document when you have time? Thank you.
ham,Project Update,Please find the project update attached. Let me know if you have any questions.
spam,Exclusive Prize,An exclusive prize has been reserved for you. Click now to claim it.
ham,Travel Details,Your travel booking is confirmed. Please check the itinerary for the departure time and location.
spam,Investment Opportunity,Earn guaranteed profits quickly with our exclusive investment opportunity. Sign up now.
spam,Free Money,You have been chosen to receive free money. Complete the verification process now.
spam,Free Money,You have been chosen to receive free money. Complete the verification process now.
ham,Order Confirmation,Your order has been confirmed and will be delivered by Wednesday. Thank you for shopping with us.
spam,Exclusive Cash Offer,You are eligible to receive $1000 in free cash. Act now to claim your money.
spam,Congratulations Reward,Congratulations! Your account has qualified for a valuable reward. Claim it immediately.
spam,Special Bonus,You have received a special bonus. Click here to activate your reward before it expires.
ham,Interview Schedule,Your interview has been scheduled for Saturday at 10 AM. Please confirm your availability.
spam,Act Now,Urgent! This offer expires soon. Click the link to receive your bonus and reward.
spam,Final Notice,Final notice: claim your cash reward now or your prize will be cancelled.
spam,You Are a Winner,You are today's lucky winner! Claim your prize immediately before the offer expires.
ham,Order Confirmation,Your order has been confirmed and will be delivered by Wednesday. Thank you for shopping with us.
ham,Library Reminder,The book you borrowed is due back on Thursday. Please return it before the due date.
ham,Feedback Request,We would appreciate your feedback about your recent experience. Thank you for your time.
spam,Investment Opportunity,Earn guaranteed profits quickly with our exclusive investment opportunity. Sign up now.
spam,Limited Time Offer,Get an exclusive discount and free bonus today. Click now before this limited time offer ends.
ham,Meeting Update,"Hi team, our meeting is scheduled for Wednesday at 4 PM. Please join on time."
spam,Special Bonus,You have received a special bonus. Click here to activate your reward before it expires.
ham,Order Confirmation,Your order has been confirmed and will be delivered by Tuesday. Thank you for shopping with us.
ham,Library Reminder,The book you borrowed is due back on Wednesday. Please return it before the due date.
spam,Congratulations! You Won,Congratulations! You have won $10000! Click the link now to claim your prize.
spam,Limited Time Offer,Get an exclusive discount and free bonus today. Click now before this limited time offer ends.
spam,Final Notice,Final notice: claim your cash reward now or your prize will be cancelled.
spam,Special Bonus,You have received a special bonus. Click here to activate your reward before it expires.
spam,Investment Opportunity,Earn guaranteed profits quickly with our exclusive investment opportunity. Sign up now.
ham,Assignment Reminder,This is a reminder that the assignment is due on Saturday. Please submit it before the deadline.
spam,Special Bonus,You have received a special bonus. Click here to activate your reward before it expires.
ham,Document Request,Could you please send the requested document when you have time? Thank you.
ham,Interview Schedule,Your interview has been scheduled for Tuesday at 11 AM. Please confirm your availability.
ham,Subscription Renewal,Your subscription will renew on Wednesday. You can manage your subscription from your account.
spam,Limited Time Offer,Get an exclusive discount and free bonus today. Click now before this limited time offer ends.
spam,Exclusive Prize,An exclusive prize has been reserved for you. Click now to claim it.
ham,Subscription Renewal,Your subscription will renew on Tuesday. You can manage your subscription from your account.
spam,Exclusive Prize,An exclusive prize has been reserved for you. Click now to claim it.
ham,Subscription Renewal,Your subscription will renew on Monday. You can manage your subscription from your account.
spam,Special Bonus,You have received a special bonus. Click here to activate your reward before it expires.
spam,Lottery Winner,Your email has been selected as a lottery winner. Contact us immediately to claim your cash prize.
spam,Exclusive Cash Offer,You are eligible to receive $50 in free cash. Act now to claim your money.
ham,Payment Receipt,Your payment of $50 has been received successfully. This email is your receipt.
spam,Congratulations! You Won,Congratulations! You have won $500! Click the link now to claim your prize.
spam,Exclusive Prize,An exclusive prize has been reserved for you. Click now to claim it.
ham,Team Reminder,Please remember to attend the team meeting tomorrow and review the agenda beforehand.
ham,Account Notice,Your account information was updated successfully. Contact support if you did not make this change.
spam,You Are a Winner,You are today's lucky winner! Claim your prize immediately before the offer expires.
spam,Urgent Account Alert,Your account will be suspended today. Verify your information immediately by clicking the link.
ham,Assignment Reminder,This is a reminder that the assignment is due on Saturday. Please submit it before the deadline.
spam,Exclusive Prize,An exclusive prize has been reserved for you. Click now to claim it.
spam,Exclusive Prize,An exclusive prize has been reserved for you. Click now to claim it.
ham,Subscription Renewal,Your subscription will renew on Saturday. You can manage your subscription from your account.
spam,Final Notice,Final notice: claim your cash reward now or your prize will be cancelled.
ham,Payment Receipt,Your payment of $10000 has been received successfully. This email is your receipt.
ham,Office Announcement,The office will remain open during normal working hours tomorrow.
spam,Lottery Winner,Your email has been selected as a lottery winner. Contact us immediately to claim your cash prize.
ham,Team Reminder,Please remember to attend the team meeting tomorrow and review the agenda beforehand.
spam,Free Money,You have been chosen to receive free money. Complete the verification process now.
ham,Travel Details,Your travel booking is confirmed. Please check the itinerary for the departure time and location.
spam,You Are a Winner,You are today's lucky winner! Claim your prize immediately before the offer expires.
ham,Account Notice,Your account information was updated successfully. Contact support if you did not make this change.
ham,Feedback Request,We would appreciate your feedback about your recent experience. Thank you for your time.
ham,Account Notice,Your account information was updated successfully. Contact support if you did not make this change.
ham,Project Update,Please find the project update attached. Let me know if you have any questions.
spam,Exclusive Cash Offer,You are eligible to receive $500 in free cash. Act now to claim your money.
spam,Exclusive Cash Offer,You are eligible to receive $500 in free cash. Act now to claim your money.
spam,Free Money,You have been chosen to receive free money. Complete the verification process now.
ham,Interview Schedule,Your interview has been scheduled for Friday at 9 AM. Please confirm your availability.
ham,Meeting Update,"Hi team, our meeting is scheduled for Wednesday at 9 AM. Please join on time."
ham,Assignment Reminder,This is a reminder that the assignment is due on Wednesday. Please submit it before the deadline.
spam,Limited Time Offer,Get an exclusive discount and free bonus today. Click now before this limited time offer ends.
spam,Congratulations Reward,Congratulations! Your account has qualified for a valuable reward. Claim it immediately.
spam,Special Bonus,You have received a special bonus. Click here to activate your reward before it expires.
spam,Free Money,You have been chosen to receive free money. Complete the verification process now.
ham,Subscription Renewal,Your subscription will renew on Saturday. You can manage your subscription from your account.
ham,Library Reminder,The book you borrowed is due back on Thursday. Please return it before the due date.
spam,You Are a Winner,You are today's lucky winner! Claim your prize immediately before the offer expires.
spam,Congratulations Reward,Congratulations! Your account has qualified for a valuable reward. Claim it immediately.
ham,Feedback Request,We would appreciate your feedback about your recent experience. Thank you for your time.
ham,Assignment Reminder,This is a reminder that the assignment is due on Saturday. Please submit it before the deadline.
ham,Travel Details,Your travel booking is confirmed. Please check the itinerary for the departure time and location.
spam,Final Notice,Final notice: claim your cash reward now or your prize will be cancelled.
ham,Team Reminder,Please remember to attend the team meeting tomorrow and review the agenda beforehand.
ham,Payment Receipt,Your payment of $250 has been received successfully. This email is your receipt.
spam,Act Now,Urgent! This offer expires soon. Click the link to receive your bonus and reward.
ham,Class Schedule,The class will begin at 2 PM on Thursday. Please bring your notes and required materials.
ham,Document Request,Could you please send the requested document when you have time? Thank you.
ham,Project Update,Please find the project update attached. Let me know if you have any questions.
spam,Exclusive Cash Offer,You are eligible to receive $1000 in free cash. Act now to claim your money.
spam,Investment Opportunity,Earn guaranteed profits quickly with our exclusive investment opportunity. Sign up now.
ham,Assignment Reminder,This is a reminder that the assignment is due on Saturday. Please submit it before the deadline.
ham,Feedback Request,We would appreciate your feedback about your recent experience. Thank you for your time.
spam,Lottery Winner,Your email has been selected as a lottery winner. Contact us immediately to claim your cash prize.
spam,Lottery Winner,Your email has been selected as a lottery winner. Contact us immediately to claim your cash prize.
spam,Final Notice,Final notice: claim your cash reward now or your prize will be cancelled.
ham,Feedback Request,We would appreciate your feedback about your recent experience. Thank you for your time.
spam,Free Money,You have been chosen to receive free money. Complete the verification process now.
spam,Final Notice,Final notice: claim your cash reward now or your prize will be cancelled.
spam,Free Gift Waiting,A free gift is waiting for you. Confirm your details now to receive your reward.
ham,Feedback Request,We would appreciate your feedback about your recent experience. Thank you for your time.
ham,Account Notice,Your account information was updated successfully. Contact support if you did not make this change.
ham,Interview Schedule,Your interview has been scheduled for Monday at 11 AM. Please confirm your availability.
ham,Subscription Renewal,Your subscription will renew on Thursday. You can manage your subscription from your account.
spam,Investment Opportunity,Earn guaranteed profits quickly with our exclusive investment opportunity. Sign up now.
spam,Exclusive Prize,An exclusive prize has been reserved for you. Click now to claim it.
ham,Project Update,Please find the project update attached. Let me know if you have any questions.
spam,Urgent Account Alert,Your account will be suspended today. Verify your information immediately by clicking the link.
spam,Act Now,Urgent! This offer expires soon. Click the link to receive your bonus and reward.
ham,Order Confirmation,Your order has been confirmed and will be delivered by Thursday. Thank you for shopping with us.
ham,Travel Details,Your travel booking is confirmed. Please check the itinerary for the departure time and location.
spam,Exclusive Prize,An exclusive prize has been reserved for you. Click now to claim it.
ham,Project Update,Please find the project update attached. Let me know if you have any questions.
ham,Feedback Request,We would appreciate your feedback about your recent experience. Thank you for your time.
ham,Team Reminder,Please remember to attend the team meeting tomorrow and review the agenda beforehand.
ham,Order Confirmation,Your order has been confirmed and will be delivered by Wednesday. Thank you for shopping with us.
spam,Final Notice,Final notice: claim your cash reward now or your prize will be cancelled.
ham,Assignment Reminder,This is a reminder that the assignment is due on Saturday. Please submit it before the deadline.
ham,Team Reminder,Please remember to attend the team meeting tomorrow and review the agenda beforehand.
ham,Travel Details,Your travel booking is confirmed. Please check the itinerary for the departure time and location.
spam,Free Gift Waiting,A free gift is waiting for you. Confirm your details now to receive your reward.
spam,Limited Time Offer,Get an exclusive discount and free bonus today. Click now before this limited time offer ends.
spam,Exclusive Cash Offer,You are eligible to receive $250 in free cash. Act now to claim your money.
spam,Final Notice,Final notice: claim your cash reward now or your prize will be cancelled.
spam,Congratulations! You Won,Congratulations! You have won $1000! Click the link now to claim your prize.
spam,Final Notice,Final notice: claim your cash reward now or your prize will be cancelled.
ham,Project Update,Please find the project update attached. Let me know if you have any questions.
spam,Act Now,Urgent! This offer expires soon. Click the link to receive your bonus and reward.
spam,Final Notice,Final notice: claim your cash reward now or your prize will be cancelled.
ham,Interview Schedule,Your interview has been scheduled for Monday at 4 PM. Please confirm your availability.
ham,Order Confirmation,Your order has been confirmed and will be delivered by Wednesday. Thank you for shopping with us.
spam,Limited Time Offer,Get an exclusive discount and free bonus today. Click now before this limited time offer ends.
spam,Urgent Account Alert,Your account will be suspended today. Verify your information immediately by clicking the link.
spam,Final Notice,Final notice: claim your cash reward now or your prize will be cancelled.
spam,Act Now,Urgent! This offer expires soon. Click the link to receive your bonus and reward.
spam,You Are a Winner,You are today's lucky winner! Claim your prize immediately before the offer expires.
spam,Investment Opportunity,Earn guaranteed profits quickly with our exclusive investment opportunity. Sign up now.
ham,Payment Receipt,Your payment of $10000 has been received successfully. This email is your receipt.
spam,Act Now,Urgent! This offer expires soon. Click the link to receive your bonus and reward.
ham,Document Request,Could you please send the requested document when you have time? Thank you.
spam,Exclusive Prize,An exclusive prize has been reserved for you. Click now to claim it.
spam,Lottery Winner,Your email has been selected as a lottery winner. Contact us immediately to claim your cash prize.
ham,Library Reminder,The book you borrowed is due back on Saturday. Please return it before the due date.
spam,Congratulations Reward,Congratulations! Your account has qualified for a valuable reward. Claim it immediately.
spam,Claim Your Free Reward,You have been selected for a free reward. Claim it now before this limited offer expires.
ham,Subscription Renewal,Your subscription will renew on Thursday. You can manage your subscription from your account.
spam,Free Gift Waiting,A free gift is waiting for you. Confirm your details now to receive your reward.
spam,Free Money,You have been chosen to receive free money. Complete the verification process now.
ham,Team Reminder,Please remember to attend the team meeting tomorrow and review the agenda beforehand.
ham,Assignment Reminder,This is a reminder that the assignment is due on Monday. Please submit it before the deadline.
ham,Interview Schedule,Your interview has been scheduled for Monday at 4 PM. Please confirm your availability.
spam,Exclusive Prize,An exclusive prize has been reserved for you. Click now to claim it.
spam,Special Bonus,You have received a special bonus. Click here to activate your reward before it expires.
ham,Office Announcement,The office will remain open during normal working hours tomorrow.
spam,Exclusive Prize,An exclusive prize has been reserved for you. Click now to claim it.
ham,Class Schedule,The class will begin at 11 AM on Wednesday. Please bring your notes and required materials.
spam,Congratulations! You Won,Congratulations! You have won $1000! Click the link now to claim your prize.
ham,Team Reminder,Please remember to attend the team meeting tomorrow and review the agenda beforehand.
ham,Payment Receipt,Your payment of $250 has been received successfully. This email is your receipt.
ham,Project Update,Please find the project update attached. Let me know if you have any questions.
spam,Special Bonus,You have received a special bonus. Click here to activate your reward before it expires.
spam,Exclusive Prize,An exclusive prize has been reserved for you. Click now to claim it.
spam,Special Bonus,You have received a special bonus. Click here to activate your reward before it expires.
ham,Interview Schedule,Your interview has been scheduled for Tuesday at 4 PM. Please confirm your availability.
ham,Travel Details,Your travel booking is confirmed. Please check the itinerary for the departure time and location.
ham,Office Announcement,The office will remain open during normal working hours tomorrow.
spam,Final Notice,Final notice: claim your cash reward now or your prize will be cancelled.
spam,Urgent Account Alert,Your account will be suspended today. Verify your information immediately by clicking the link.
spam,Limited Time Offer,Get an exclusive discount and free bonus today. Click now before this limited time offer ends.
spam,Congratulations! You Won,Congratulations! You have won $5000! Click the link now to claim your prize.
spam,Exclusive Prize,An exclusive prize has been reserved for you. Click now to claim it.
spam,Free Gift Waiting,A free gift is waiting for you. Confirm your details now to receive your reward.
spam,Congratulations Reward,Congratulations! Your account has qualified for a valuable reward. Claim it immediately.
spam,Claim Your Free Reward,You have been selected for a free reward. Claim it now before this limited offer expires.
spam,Claim Your Free Reward,You have been selected for a free reward. Claim it now before this limited offer expires.
ham,Office Announcement,The office will remain open during normal working hours tomorrow.
spam,Free Gift Waiting,A free gift is waiting for you. Confirm your details now to receive your reward.
spam,Limited Time Offer,Get an exclusive discount and free bonus today. Click now before this limited time offer ends.
ham,Account Notice,Your account information was updated successfully. Contact support if you did not make this change.
spam,Exclusive Prize,An exclusive prize has been reserved for you. Click now to claim it.
ham,Order Confirmation,Your order has been confirmed and will be delivered by Thursday. Thank you for shopping with us.
spam,Congratulations! You Won,Congratulations! You have won $500! Click the link now to claim your prize.
spam,Claim Your Free Reward,You have been selected for a free reward. Claim it now before this limited offer expires.
spam,Investment Opportunity,Earn guaranteed profits quickly with our exclusive investment opportunity. Sign up now.
spam,Lottery Winner,Your email has been selected as a lottery winner. Contact us immediately to claim your cash prize.
ham,Payment Receipt,Your payment of $50 has been received successfully. This email is your receipt.
ham,Library Reminder,The book you borrowed is due back on Thursday. Please return it before the due date.
spam,Free Gift Waiting,A free gift is waiting for you. Confirm your details now to receive your reward.
spam,Lottery Winner,Your email has been selected as a lottery winner. Contact us immediately to claim your cash prize.
ham,Account Notice,Your account information was updated successfully. Contact support if you did not make this change.
ham,Account Notice,Your account information was updated successfully. Contact support if you did not make this change.
ham,Feedback Request,We would appreciate your feedback about your recent experience. Thank you for your time.
ham,Document Request,Could you please send the requested document when you have time? Thank you.
spam,Exclusive Cash Offer,You are eligible to receive $5000 in free cash. Act now to claim your money.
spam,Special Bonus,You have received a special bonus. Click here to activate your reward before it expires.
ham,Order Confirmation,Your order has been confirmed and will be delivered by Tuesday. Thank you for shopping with us.
spam,Investment Opportunity,Earn guaranteed profits quickly with our exclusive investment opportunity. Sign up now.
spam,Urgent Account Alert,Your account will be suspended today. Verify your information immediately by clicking the link.
spam,Investment Opportunity,Earn guaranteed profits quickly with our exclusive investment opportunity. Sign up now.
spam,Limited Time Offer,Get an exclusive discount and free bonus today. Click now before this limited time offer ends.
spam,Free Money,You have been chosen to receive free money. Complete the verification process now.
ham,Subscription Renewal,Your subscription will renew on Wednesday. You can manage your subscription from your account.
spam,Lottery Winner,Your email has been selected as a lottery winner. Contact us immediately to claim your cash prize.
spam,Free Money,You have been chosen to receive free money. Complete the verification process now.
ham,Subscription Renewal,Your subscription will renew on Monday. You can manage your subscription from your account.
ham,Meeting Update,"Hi team, our meeting is scheduled for Wednesday at 4 PM. Please join on time."
spam,Exclusive Prize,An exclusive prize has been reserved for you. Click now to claim it.
ham,Interview Schedule,Your interview has been scheduled for Saturday at 9 AM. Please confirm your availability.
spam,Urgent Account Alert,Your account will be suspended today. Verify your information immediately by clicking the link.
ham,Assignment Reminder,This is a reminder that the assignment is due on Wednesday. Please submit it before the deadline.
spam,Urgent Account Alert,Your account will be suspended today. Verify your information immediately by clicking the link.
ham,Team Reminder,Please remember to attend the team meeting tomorrow and review the agenda beforehand.
spam,Claim Your Free Reward,You have been selected for a free reward. Claim it now before this limited offer expires.
spam,Limited Time Offer,Get an exclusive discount and free bonus today. Click now before this limited time offer ends.
ham,Library Reminder,The book you borrowed is due back on Tuesday. Please return it before the due date.
ham,Order Confirmation,Your order has been confirmed and will be delivered by Thursday. Thank you for shopping with us.
spam,Special Bonus,You have received a special bonus. Click here to activate your reward before it expires.
spam,Exclusive Prize,An exclusive prize has been reserved for you. Click now to claim it.
ham,Interview Schedule,Your interview has been scheduled for Tuesday at 9 AM. Please confirm your availability.
ham,Document Request,Could you please send the requested document when you have time? Thank you.
ham,Team Reminder,Please remember to attend the team meeting tomorrow and review the agenda beforehand.
spam,Urgent Account Alert,Your account will be suspended today. Verify your information immediately by clicking the link.
spam,Congratulations Reward,Congratulations! Your account has qualified for a valuable reward. Claim it immediately.
ham,Assignment Reminder,This is a reminder that the assignment is due on Thursday. Please submit it before the deadline.
spam,Congratulations! You Won,Congratulations! You have won $5000! Click the link now to claim your prize.
ham,Assignment Reminder,This is a reminder that the assignment is due on Friday. Please submit it before the deadline.
spam,Free Gift Waiting,A free gift is waiting for you. Confirm your details now to receive your reward.
ham,Order Confirmation,Your order has been confirmed and will be delivered by Monday. Thank you for shopping with us.
spam,Claim Your Free Reward,You have been selected for a free reward. Claim it now before this limited offer expires.
ham,Team Reminder,Please remember to attend the team meeting tomorrow and review the agenda beforehand.
ham,Feedback Request,We would appreciate your feedback about your recent experience. Thank you for your time.
spam,Claim Your Free Reward,You have been selected for a free reward. Claim it now before this limited offer expires.
ham,Payment Receipt,Your payment of $5000 has been received successfully. This email is your receipt.
ham,Document Request,Could you please send the requested document when you have time? Thank you.
spam,Congratulations! You Won,Congratulations! You have won $250! Click the link now to claim your prize.
ham,Team Reminder,Please remember to attend the team meeting tomorrow and review the agenda beforehand.
ham,Assignment Reminder,This is a reminder that the assignment is due on Saturday. Please submit it before the deadline.
spam,Congratulations Reward,Congratulations! Your account has qualified for a valuable reward. Claim it immediately.
spam,You Are a Winner,You are today's lucky winner! Claim your prize immediately before the offer expires.
spam,Act Now,Urgent! This offer expires soon. Click the link to receive your bonus and reward.
spam,Free Money,You have been chosen to receive free money. Complete the verification process now.
ham,Account Notice,Your account information was updated successfully. Contact support if you did not make this change.
spam,You Are a Winner,You are today's lucky winner! Claim your prize immediately before the offer expires.
spam,Congratulations! You Won,Congratulations! You have won $100! Click the link now to claim your prize.
ham,Account Notice,Your account information was updated successfully. Contact support if you did not make this change.
ham,Team Reminder,Please remember to attend the team meeting tomorrow and review the agenda beforehand.
ham,Order Confirmation,Your order has been confirmed and will be delivered by Wednesday. Thank you for shopping with us.
ham,Order Confirmation,Your order has been confirmed and will be delivered by Tuesday. Thank you for shopping with us.
spam,Claim Your Free Reward,You have been selected for a free reward. Claim it now before this limited offer expires.
ham,Class Schedule,The class will begin at 10 AM on Wednesday. Please bring your notes and required materials.
spam,Urgent Account Alert,Your account will be suspended today. Verify your information immediately by clicking the link.
spam,Investment Opportunity,Earn guaranteed profits quickly with our exclusive investment opportunity. Sign up now.
ham,Class Schedule,The class will begin at 9 AM on Monday. Please bring your notes and required materials.
spam,Limited Time Offer,Get an exclusive discount and free bonus today. Click now before this limited time offer ends.
ham,Project Update,Please find the project update attached. Let me know if you have any questions.
ham,Feedback Request,We would appreciate your feedback about your recent experience. Thank you for your time.
spam,You Are a Winner,You are today's lucky winner! Claim your prize immediately before the offer expires.
spam,Exclusive Cash Offer,You are eligible to receive $10000 in free cash. Act now to claim your money.
ham,Class Schedule,The class will begin at 2 PM on Tuesday. Please bring your notes and required materials.
spam,Act Now,Urgent! This offer expires soon. Click the link to receive your bonus and reward.
spam,Free Gift Waiting,A free gift is waiting for you. Confirm your details now to receive your reward.
spam,Investment Opportunity,Earn guaranteed profits quickly with our exclusive investment opportunity. Sign up now.
ham,Subscription Renewal,Your subscription will renew on Monday. You can manage your subscription from your account.
ham,Project Update,Please find the project update attached. Let me know if you have any questions.
spam,You Are a Winner,You are today's lucky winner! Claim your prize immediately before the offer expires.
ham,Account Notice,Your account information was updated successfully. Contact support if you did not make this change.
ham,Travel Details,Your travel booking is confirmed. Please check the itinerary for the departure time and location.
ham,Subscription Renewal,Your subscription will renew on Friday. You can manage your subscription from your account.
ham,Document Request,Could you please send the requested document when you have time? Thank you.
ham,Meeting Update,"Hi team, our meeting is scheduled for Tuesday at 4 PM. Please join on time."
ham,Library Reminder,The book you borrowed is due back on Friday. Please return it before the due date.
spam,Lottery Winner,Your email has been selected as a lottery winner. Contact us immediately to claim your cash prize.
ham,Account Notice,Your account information was updated successfully. Contact support if you did not make this change.
ham,Account Notice,Your account information was updated successfully. Contact support if you did not make this change.
ham,Travel Details,Your travel booking is confirmed. Please check the itinerary for the departure time and location.
ham,Interview Schedule,Your interview has been scheduled for Tuesday at 4 PM. Please confirm your availability.
spam,Congratulations Reward,Congratulations! Your account has qualified for a valuable reward. Claim it immediately.
spam,Congratulations Reward,Congratulations! Your account has qualified for a valuable reward. Claim it immediately.
spam,Urgent Account Alert,Your account will be suspended today. Verify your information immediately by clicking the link.
ham,Interview Schedule,Your interview has been scheduled for Thursday at 11 AM. Please confirm your availability.
spam,Urgent Account Alert,Your account will be suspended today. Verify your information immediately by clicking the link.
ham,Subscription Renewal,Your subscription will renew on Thursday. You can manage your subscription from your account.
spam,Final Notice,Final notice: claim your cash reward now or your prize will be cancelled.
ham,Feedback Request,We would appreciate your feedback about your recent experience. Thank you for your time.
ham,Project Update,Please find the project update attached. Let me know if you have any questions.
spam,You Are a Winner,You are today's lucky winner! Claim your prize immediately before the offer expires.
ham,Document Request,Could you please send the requested document when you have time? Thank you.
ham,Account Notice,Your account information was updated successfully. Contact support if you did not make this change.
ham,Team Reminder,Please remember to attend the team meeting tomorrow and review the agenda beforehand.
ham,Project Update,Please find the project update attached. Let me know if you have any questions.
ham,Interview Schedule,Your interview has been scheduled for Saturday at 9 AM. Please confirm your availability.
ham,Team Reminder,Please remember to attend the team meeting tomorrow and review the agenda beforehand.
ham,Class Schedule,The class will begin at 3 PM on Tuesday. Please bring your notes and required materials.
spam,Congratulations Reward,Congratulations! Your account has qualified for a valuable reward. Claim it immediately.
ham,Library Reminder,The book you borrowed is due back on Saturday. Please return it before the due date.
spam,Free Gift Waiting,A free gift is waiting for you. Confirm your details now to receive your reward.
ham,Subscription Renewal,Your subscription will renew on Thursday. You can manage your subscription from your account.
spam,Limited Time Offer,Get an exclusive discount and free bonus today. Click now before this limited time offer ends.
spam,Limited Time Offer,Get an exclusive discount and free bonus today. Click now before this limited time offer ends.
ham,Assignment Reminder,This is a reminder that the assignment is due on Wednesday. Please submit it before the deadline.
spam,Limited Time Offer,Get an exclusive discount and free bonus today. Click now before this limited time offer ends.
spam,Lottery Winner,Your email has been selected as a lottery winner. Contact us immediately to claim your cash prize.
spam,Exclusive Prize,An exclusive prize has been reserved for you. Click now to claim it.
ham,Payment Receipt,Your payment of $1000 has been received successfully. This email is your receipt.
spam,Investment Opportunity,Earn guaranteed profits quickly with our exclusive investment opportunity. Sign up now.
ham,Travel Details,Your travel booking is confirmed. Please check the itinerary for the departure time and location.
ham,Library Reminder,The book you borrowed is due back on Wednesday. Please return it before the due date.
spam,Exclusive Prize,An exclusive prize has been reserved for you. Click now to claim it.
ham,Office Announcement,The office will remain open during normal working hours tomorrow.
ham,Team Reminder,Please remember to attend the team meeting tomorrow and review the agenda beforehand.
ham,Meeting Update,"Hi team, our meeting is scheduled for Friday at 2 PM. Please join on time."
ham,Meeting Update,"Hi team, our meeting is scheduled for Saturday at 2 PM. Please join on time."
ham,Order Confirmation,Your order has been confirmed and will be delivered by Tuesday. Thank you for shopping with us.
spam,Act Now,Urgent! This offer expires soon. Click the link to receive your bonus and reward.
spam,Urgent Account Alert,Your account will be suspended today. Verify your information immediately by clicking the link.
spam,Special Bonus,You have received a special bonus. Click here to activate your reward before it expires.
spam,Exclusive Prize,An exclusive prize has been reserved for you. Click now to claim it.
ham,Feedback Request,We would appreciate your feedback about your recent experience. Thank you for your time.
spam,Limited Time Offer,Get an exclusive discount and free bonus today. Click now before this limited time offer ends.
ham,Office Announcement,The office will remain open during normal working hours tomorrow.
spam,Limited Time Offer,Get an exclusive discount and free bonus today. Click now before this limited time offer ends.
ham,Team Reminder,Please remember to attend the team meeting tomorrow and review the agenda beforehand.
spam,Limited Time Offer,Get an exclusive discount and free bonus today. Click now before this limited time offer ends.
ham,Document Request,Could you please send the requested document when you have time? Thank you.
ham,Office Announcement,The office will remain open during normal working hours tomorrow.
spam,Exclusive Cash Offer,You are eligible to receive $5000 in free cash. Act now to claim your money.
ham,Office Announcement,The office will remain open during normal working hours tomorrow.
ham,Meeting Update,"Hi team, our meeting is scheduled for Wednesday at 2 PM. Please join on time."
ham,Class Schedule,The class will begin at 10 AM on Monday. Please bring your notes and required materials.
spam,Special Bonus,You have received a special bonus. Click here to activate your reward before it expires.
spam,Claim Your Free Reward,You have been selected for a free reward. Claim it now before this limited offer expires.
spam,Lottery Winner,Your email has been selected as a lottery winner. Contact us immediately to claim your cash prize.
spam,Congratulations! You Won,Congratulations! You have won $500! Click the link now to claim your prize.
ham,Class Schedule,The class will begin at 9 AM on Thursday. Please bring your notes and required materials.
spam,Investment Opportunity,Earn guaranteed profits quickly with our exclusive investment opportunity. Sign up now.
ham,Assignment Reminder,This is a reminder that the assignment is due on Thursday. Please submit it before the deadline.
spam,Exclusive Cash Offer,You are eligible to receive $1000 in free cash. Act now to claim your money.
ham,Document Request,Could you please send the requested document when you have time? Thank you.
ham,Library Reminder,The book you borrowed is due back on Friday. Please return it before the due date.
ham,Library Reminder,The book you borrowed is due back on Tuesday. Please return it before the due date.
ham,Team Reminder,Please remember to attend the team meeting tomorrow and review the agenda beforehand.
spam,Congratulations Reward,Congratulations! Your account has qualified for a valuable reward. Claim it immediately.
ham,Team Reminder,Please remember to attend the team meeting tomorrow and review the agenda beforehand.
spam,Exclusive Cash Offer,You are eligible to receive $100 in free cash. Act now to claim your money.
spam,Congratulations! You Won,Congratulations! You have won $50! Click the link now to claim your prize.
spam,You Are a Winner,You are today's lucky winner! Claim your prize immediately before the offer expires.
spam,Final Notice,Final notice: claim your cash reward now or your prize will be cancelled.
ham,Order Confirmation,Your order has been confirmed and will be delivered by Friday. Thank you for shopping with us.
spam,Urgent Account Alert,Your account will be suspended today. Verify your information immediately by clicking the link.
spam,Exclusive Cash Offer,You are eligible to receive $500 in free cash. Act now to claim your money.
ham,Travel Details,Your travel booking is confirmed. Please check the itinerary for the departure time and location.
ham,Project Update,Please find the project update attached. Let me know if you have any questions.
spam,Free Money,You have been chosen to receive free money. Complete the verification process now.
ham,Interview Schedule,Your interview has been scheduled for Tuesday at 9 AM. Please confirm your availability.
ham,Office Announcement,The office will remain open during normal working hours tomorrow.
spam,Congratulations! You Won,Congratulations! You have won $10000! Click the link now to claim your prize.
ham,Assignment Reminder,This is a reminder that the assignment is due on Monday. Please submit it before the deadline.
spam,Claim Your Free Reward,You have been selected for a free reward. Claim it now before this limited offer expires.
ham,Team Reminder,Please remember to attend the team meeting tomorrow and review the agenda beforehand.
ham,Project Update,Please find the project update attached. Let me know if you have any questions.
ham,Account Notice,Your account information was updated successfully. Contact support if you did not make this change.
spam,Congratulations Reward,Congratulations! Your account has qualified for a valuable reward. Claim it immediately.
ham,Payment Receipt,Your payment of $10000 has been received successfully. This email is your receipt.
spam,Urgent Account Alert,Your account will be suspended today. Verify your information immediately by clicking the link.
ham,Document Request,Could you please send the requested document when you have time? Thank you.
ham,Office Announcement,The office will remain open during normal working hours tomorrow.
ham,Library Reminder,The book you borrowed is due back on Wednesday. Please return it before the due date.
ham,Library Reminder,The book you borrowed is due back on Friday. Please return it before the due date.
ham,Document Request,Could you please send the requested document when you have time? Thank you.
spam,Free Gift Waiting,A free gift is waiting for you. Confirm your details now to receive your reward.
spam,Special Bonus,You have received a special bonus. Click here to activate your reward before it expires.
spam,Exclusive Prize,An exclusive prize has been reserved for you. Click now to claim it.
spam,You Are a Winner,You are today's lucky winner! Claim your prize immediately before the offer expires.
spam,You Are a Winner,You are today's lucky winner! Claim your prize immediately before the offer expires.
spam,Act Now,Urgent! This offer expires soon. Click the link to receive your bonus and reward.
ham,Project Update,Please find the project update attached. Let me know if you have any questions.
spam,Special Bonus,You have received a special bonus. Click here to activate your reward before it expires.
spam,Urgent Account Alert,Your account will be suspended today. Verify your information immediately by clicking the link.
spam,Limited Time Offer,Get an exclusive discount and free bonus today. Click now before this limited time offer ends.
ham,Interview Schedule,Your interview has been scheduled for Thursday at 2 PM. Please confirm your availability.
ham,Class Schedule,The class will begin at 2 PM on Wednesday. Please bring your notes and required materials.
spam,Act Now,Urgent! This offer expires soon. Click the link to receive your bonus and reward.
ham,Document Request,Could you please send the requested document when you have time? Thank you.
spam,Free Money,You have been chosen to receive free money. Complete the verification process now.
ham,Travel Details,Your travel booking is confirmed. Please check the itinerary for the departure time and location.
ham,Project Update,Please find the project update attached. Let me know if you have any questions.
ham,Travel Details,Your travel booking is confirmed. Please check the itinerary for the departure time and location.
ham,Library Reminder,The book you borrowed is due back on Friday. Please return it before the due date.
spam,Lottery Winner,Your email has been selected as a lottery winner. Contact us immediately to claim your cash prize.
spam,Exclusive Cash Offer,You are eligible to receive $1000 in free cash. Act now to claim your money.
spam,Exclusive Cash Offer,You are eligible to receive $250 in free cash. Act now to claim your money.
spam,Investment Opportunity,Earn guaranteed profits quickly with our exclusive investment opportunity. Sign up now.
spam,Exclusive Prize,An exclusive prize has been reserved for you. Click now to claim it.
ham,Document Request,Could you please send the requested document when you have time? Thank you.
spam,Claim Your Free Reward,You have been selected for a free reward. Claim it now before this limited offer expires.
ham,Library Reminder,The book you borrowed is due back on Monday. Please return it before the due date.
spam,Exclusive Prize,An exclusive prize has been reserved for you. Click now to claim it.
spam,Congratulations! You Won,Congratulations! You have won $50! Click the link now to claim your prize.
ham,Class Schedule,The class will begin at 2 PM on Tuesday. Please bring your notes and required materials.
spam,Exclusive Prize,An exclusive prize has been reserved for you. Click now to claim it.
ham,Meeting Update,"Hi team, our meeting is scheduled for Wednesday at 4 PM. Please join on time."
spam,Exclusive Prize,An exclusive prize has been reserved for you. Click now to claim it.
ham,Document Request,Could you please send the requested document when you have time? Thank you.
spam,Congratulations Reward,Congratulations! Your account has qualified for a valuable reward. Claim it immediately.
ham,Travel Details,Your travel booking is confirmed. Please check the itinerary for the departure time and location.
spam,Free Money,You have been chosen to receive free money. Complete the verification process now.
ham,Account Notice,Your account information was updated successfully. Contact support if you did not make this change.
spam,Final Notice,Final notice: claim your cash reward now or your prize will be cancelled.
ham,Travel Details,Your travel booking is confirmed. Please check the itinerary for the departure time and location.
ham,Travel Details,Your travel booking is confirmed. Please check the itinerary for the departure time and location.
spam,You Are a Winner,You are today's lucky winner! Claim your prize immediately before the offer expires.
spam,Special Bonus,You have received a special bonus. Click here to activate your reward before it expires.
spam,Congratulations Reward,Congratulations! Your account has qualified for a valuable reward. Claim it immediately.
ham,Feedback Request,We would appreciate your feedback about your recent experience. Thank you for your time.
ham,Team Reminder,Please remember to attend the team meeting tomorrow and review the agenda beforehand.
spam,Investment Opportunity,Earn guaranteed profits quickly with our exclusive investment opportunity. Sign up now.
ham,Library Reminder,The book you borrowed is due back on Tuesday. Please return it before the due date.
ham,Account Notice,Your account information was updated successfully. Contact support if you did not make this change.
ham,Document Request,Could you please send the requested document when you have time? Thank you.
spam,Investment Opportunity,Earn guaranteed profits quickly with our exclusive investment opportunity. Sign up now.
ham,Feedback Request,We would appreciate your feedback about your recent experience. Thank you for your time.
ham,Office Announcement,The office will remain open during normal working hours tomorrow.
ham,Document Request,Could you please send the requested document when you have time? Thank you.
ham,Feedback Request,We would appreciate your feedback about your recent experience. Thank you for your time.
spam,Free Gift Waiting,A free gift is waiting for you. Confirm your details now to receive your reward.
spam,Final Notice,Final notice: claim your cash reward now or your prize will be cancelled.
ham,Office Announcement,The office will remain open during normal working hours tomorrow.
ham,Class Schedule,The class will begin at 4 PM on Tuesday. Please bring your notes and required materials.
ham,Office Announcement,The office will remain open during normal working hours tomorrow.
ham,Interview Schedule,Your interview has been scheduled for Saturday at 2 PM. Please confirm your availability.
spam,Exclusive Cash Offer,You are eligible to receive $250 in free cash. Act now to claim your money.
ham,Subscription Renewal,Your subscription will renew on Friday. You can manage your subscription from your account.
spam,Urgent Account Alert,Your account will be suspended today. Verify your information immediately by clicking the link.
ham,Assignment Reminder,This is a reminder that the assignment is due on Thursday. Please submit it before the deadline.
ham,Library Reminder,The book you borrowed is due back on Saturday. Please return it before the due date.
spam,Investment Opportunity,Earn guaranteed profits quickly with our exclusive investment opportunity. Sign up now.
spam,Final Notice,Final notice: claim your cash reward now or your prize will be cancelled.
spam,Investment Opportunity,Earn guaranteed profits quickly with our exclusive investment opportunity. Sign up now.
ham,Library Reminder,The book you borrowed is due back on Thursday. Please return it before the due date.
spam,Free Gift Waiting,A free gift is waiting for you. Confirm your details now to receive your reward.
ham,Project Update,Please find the project update attached. Let me know if you have any questions.
spam,Exclusive Cash Offer,You are eligible to receive $10000 in free cash. Act now to claim your money.
ham,Subscription Renewal,Your subscription will renew on Saturday. You can manage your subscription from your account.
ham,Account Notice,Your account information was updated successfully. Contact support if you did not make this change.
ham,Order Confirmation,Your order has been confirmed and will be delivered by Saturday. Thank you for shopping with us.
spam,Final Notice,Final notice: claim your cash reward now or your prize will be cancelled.
spam,Limited Time Offer,Get an exclusive discount and free bonus today. Click now before this limited time offer ends.
spam,Final Notice,Final notice: claim your cash reward now or your prize will be cancelled.
spam,Act Now,Urgent! This offer expires soon. Click the link to receive your bonus and reward.
ham,Subscription Renewal,Your subscription will renew on Monday. You can manage your subscription from your account.
spam,Free Gift Waiting,A free gift is waiting for you. Confirm your details now to receive your reward.
spam,Free Gift Waiting,A free gift is waiting for you. Confirm your details now to receive your reward.
spam,Exclusive Prize,An exclusive prize has been reserved for you. Click now to claim it.
ham,Payment Receipt,Your payment of $10000 has been received successfully. This email is your receipt.
spam,Special Bonus,You have received a special bonus. Click here to activate your reward before it expires.
ham,Feedback Request,We would appreciate your feedback about your recent experience. Thank you for your time.
spam,You Are a Winner,You are today's lucky winner! Claim your prize immediately before the offer expires.
spam,Limited Time Offer,Get an exclusive discount and free bonus today. Click now before this limited time offer ends.
ham,Library Reminder,The book you borrowed is due back on Saturday. Please return it before the due date.
ham,Office Announcement,The office will remain open during normal working hours tomorrow.
spam,Exclusive Cash Offer,You are eligible to receive $100 in free cash. Act now to claim your money.
spam,Final Notice,Final notice: claim your cash reward now or your prize will be cancelled.
ham,Class Schedule,The class will begin at 9 AM on Monday. Please bring your notes and required materials.
ham,Account Notice,Your account information was updated successfully. Contact support if you did not make this change.
spam,Claim Your Free Reward,You have been selected for a free reward. Claim it now before this limited offer expires.
ham,Assignment Reminder,This is a reminder that the assignment is due on Friday. Please submit it before the deadline.
ham,Team Reminder,Please remember to attend the team meeting tomorrow and review the agenda beforehand.
spam,Free Money,You have been chosen to receive free money. Complete the verification process now.
spam,Final Notice,Final notice: claim your cash reward now or your prize will be cancelled.
spam,Special Bonus,You have received a special bonus. Click here to activate your reward before it expires.
ham,Order Confirmation,Your order has been confirmed and will be delivered by Tuesday. Thank you for shopping with us.
spam,You Are a Winner,You are today's lucky winner! Claim your prize immediately before the offer expires.
ham,Meeting Update,"Hi team, our meeting is scheduled for Thursday at 9 AM. Please join on time."
ham,Interview Schedule,Your interview has been scheduled for Saturday at 9 AM. Please confirm your availability.
ham,Interview Schedule,Your interview has been scheduled for Wednesday at 3 PM. Please confirm your availability.
ham,Subscription Renewal,Your subscription will renew on Tuesday. You can manage your subscription from your account.
ham,Library Reminder,The book you borrowed is due back on Friday. Please return it before the due date.
ham,Office Announcement,The office will remain open during normal working hours tomorrow.
spam,You Are a Winner,You are today's lucky winner! Claim your prize immediately before the offer expires.
ham,Project Update,Please find the project update attached. Let me know if you have any questions.
ham,Payment Receipt,Your payment of $500 has been received successfully. This email is your receipt.
spam,Exclusive Prize,An exclusive prize has been reserved for you. Click now to claim it.
spam,Limited Time Offer,Get an exclusive discount and free bonus today. Click now before this limited time offer ends.
spam,Claim Your Free Reward,You have been selected for a free reward. Claim it now before this limited offer expires.
spam,Urgent Account Alert,Your account will be suspended today. Verify your information immediately by clicking the link.
ham,Library Reminder,The book you borrowed is due back on Tuesday. Please return it before the due date.
spam,Free Gift Waiting,A free gift is waiting for you. Confirm your details now to receive your reward.
spam,Free Money,You have been chosen to receive free money. Complete the verification process now.
spam,Congratulations Reward,Congratulations! Your account has qualified for a valuable reward. Claim it immediately.
spam,Act Now,Urgent! This offer expires soon. Click the link to receive your bonus and reward.
ham,Project Update,Please find the project update attached. Let me know if you have any questions.
ham,Assignment Reminder,This is a reminder that the assignment is due on Thursday. Please submit it before the deadline.
ham,Payment Receipt,Your payment of $500 has been received successfully. This email is your receipt.
ham,Team Reminder,Please remember to attend the team meeting tomorrow and review the agenda beforehand.
ham,Team Reminder,Please remember to attend the team meeting tomorrow and review the agenda beforehand.
ham,Order Confirmation,Your order has been confirmed and will be delivered by Wednesday. Thank you for shopping with us.
spam,Congratulations! You Won,Congratulations! You have won $10000! Click the link now to claim your prize.
ham,Team Reminder,Please remember to attend the team meeting tomorrow and review the agenda beforehand.
ham,Team Reminder,Please remember to attend the team meeting tomorrow and review the agenda beforehand.
ham,Document Request,Could you please send the requested document when you have time? Thank you.
ham,Document Request,Could you please send the requested document when you have time? Thank you.
ham,Payment Receipt,Your payment of $50 has been received successfully. This email is your receipt.
spam,You Are a Winner,You are today's lucky winner! Claim your prize immediately before the offer expires.
ham,Document Request,Could you please send the requested document when you have time? Thank you.
spam,Final Notice,Final notice: claim your cash reward now or your prize will be cancelled.
ham,Interview Schedule,Your interview has been scheduled for Monday at 11 AM. Please confirm your availability.
ham,Travel Details,Your travel booking is confirmed. Please check the itinerary for the departure time and location.
ham,Payment Receipt,Your payment of $500 has been received successfully. This email is your receipt.
ham,Office Announcement,The office will remain open during normal working hours tomorrow.
ham,Team Reminder,Please remember to attend the team meeting tomorrow and review the agenda beforehand.
spam,Free Money,You have been chosen to receive free money. Complete the verification process now.
spam,Exclusive Prize,An exclusive prize has been reserved for you. Click now to claim it.
spam,Exclusive Prize,An exclusive prize has been reserved for you. Click now to claim it.
spam,Final Notice,Final notice: claim your cash reward now or your prize will be cancelled.
spam,Free Money,You have been chosen to receive free money. Complete the verification process now.
ham,Assignment Reminder,This is a reminder that the assignment is due on Wednesday. Please submit it before the deadline.
spam,Investment Opportunity,Earn guaranteed profits quickly with our exclusive investment opportunity. Sign up now.
ham,Office Announcement,The office will remain open during normal working hours tomorrow.
spam,Exclusive Prize,An exclusive prize has been reserved for you. Click now to claim it.
spam,Exclusive Prize,An exclusive prize has been reserved for you. Click now to claim it.
ham,Interview Schedule,Your interview has been scheduled for Monday at 3 PM. Please confirm your availability.
ham,Project Update,Please find the project update attached. Let me know if you have any questions.
spam,Investment Opportunity,Earn guaranteed profits quickly with our exclusive investment opportunity. Sign up now.
spam,You Are a Winner,You are today's lucky winner! Claim your prize immediately before the offer expires.
ham,Class Schedule,The class will begin at 3 PM on Tuesday. Please bring your notes and required materials.
spam,Claim Your Free Reward,You have been selected for a free reward. Claim it now before this limited offer expires.
ham,Payment Receipt,Your payment of $100 has been received successfully. This email is your receipt.
spam,Congratulations Reward,Congratulations! Your account has qualified for a valuable reward. Claim it immediately.
spam,Free Money,You have been chosen to receive free money. Complete the verification process now.
ham,Class Schedule,The class will begin at 4 PM on Monday. Please bring your notes and required materials.
ham,Subscription Renewal,Your subscription will renew on Wednesday. You can manage your subscription from your account.
spam,Limited Time Offer,Get an exclusive discount and free bonus today. Click now before this limited time offer ends.
ham,Team Reminder,Please remember to attend the team meeting tomorrow and review the agenda beforehand.
spam,Final Notice,Final notice: claim your cash reward now or your prize will be cancelled.
spam,Exclusive Prize,An exclusive prize has been reserved for you. Click now to claim it.
spam,Free Money,You have been chosen to receive free money. Complete the verification process now.
ham,Team Reminder,Please remember to attend the team meeting tomorrow and review the agenda beforehand.
ham,Feedback Request,We would appreciate your feedback about your recent experience. Thank you for your time.
ham,Order Confirmation,Your order has been confirmed and will be delivered by Friday. Thank you for shopping with us.
spam,Investment Opportunity,Earn guaranteed profits quickly with our exclusive investment opportunity. Sign up now.
ham,Travel Details,Your travel booking is confirmed. Please check the itinerary for the departure time and location.
spam,Claim Your Free Reward,You have been selected for a free reward. Claim it now before this limited offer expires.
spam,Act Now,Urgent! This offer expires soon. Click the link to receive your bonus and reward.
spam,Free Gift Waiting,A free gift is waiting for you. Confirm your details now to receive your reward.
spam,Exclusive Prize,An exclusive prize has been reserved for you. Click now to claim it.
ham,Project Update,Please find the project update attached. Let me know if you have any questions.
ham,Interview Schedule,Your interview has been scheduled for Wednesday at 2 PM. Please confirm your availability.
spam,Act Now,Urgent! This offer expires soon. Click the link to receive your bonus and reward.
spam,Free Gift Waiting,A free gift is waiting for you. Confirm your details now to receive your reward.
ham,Meeting Update,"Hi team, our meeting is scheduled for Thursday at 11 AM. Please join on time."
ham,Document Request,Could you please send the requested document when you have time? Thank you.
ham,Order Confirmation,Your order has been confirmed and will be delivered by Wednesday. Thank you for shopping with us.
spam,Claim Your Free Reward,You have been selected for a free reward. Claim it now before this limited offer expires.
ham,Library Reminder,The book you borrowed is due back on Thursday. Please return it before the due date.
spam,Congratulations! You Won,Congratulations! You have won $500! Click the link now to claim your prize.
ham,Team Reminder,Please remember to attend the team meeting tomorrow and review the agenda beforehand.
ham,Account Notice,Your account information was updated successfully. Contact support if you did not make this change.
spam,Final Notice,Final notice: claim your cash reward now or your prize will be cancelled.
ham,Meeting Update,"Hi team, our meeting is scheduled for Tuesday at 9 AM. Please join on time."
spam,Lottery Winner,Your email has been selected as a lottery winner. Contact us immediately to claim your cash prize.
ham,Order Confirmation,Your order has been confirmed and will be delivered by Thursday. Thank you for shopping with us.
ham,Assignment Reminder,This is a reminder that the assignment is due on Saturday. Please submit it before the deadline.
ham,Class Schedule,The class will begin at 11 AM on Thursday. Please bring your notes and required materials.
spam,Act Now,Urgent! This offer expires soon. Click the link to receive your bonus and reward.
spam,Urgent Account Alert,Your account will be suspended today. Verify your information immediately by clicking the link.
ham,Order Confirmation,Your order has been confirmed and will be delivered by Tuesday. Thank you for shopping with us.
ham,Meeting Update,"Hi team, our meeting is scheduled for Monday at 4 PM. Please join on time."
spam,Free Gift Waiting,A free gift is waiting for you. Confirm your details now to receive your reward.
spam,Special Bonus,You have received a special bonus. Click here to activate your reward before it expires.
ham,Interview Schedule,Your interview has been scheduled for Tuesday at 3 PM. Please confirm your availability.
spam,Act Now,Urgent! This offer expires soon. Click the link to receive your bonus and reward.
ham,Office Announcement,The office will remain open during normal working hours tomorrow.
spam,Limited Time Offer,Get an exclusive discount and free bonus today. Click now before this limited time offer ends.
ham,Travel Details,Your travel booking is confirmed. Please check the itinerary for the departure time and location.
ham,Office Announcement,The office will remain open during normal working hours tomorrow.
ham,Library Reminder,The book you borrowed is due back on Tuesday. Please return it before the due date.
spam,Limited Time Offer,Get an exclusive discount and free bonus today. Click now before this limited time offer ends.
ham,Subscription Renewal,Your subscription will renew on Monday. You can manage your subscription from your account.
ham,Subscription Renewal,Your subscription will renew on Tuesday. You can manage your subscription from your account.
ham,Account Notice,Your account information was updated successfully. Contact support if you did not make this change.
ham,Library Reminder,The book you borrowed is due back on Tuesday. Please return it before the due date.
spam,Investment Opportunity,Earn guaranteed profits quickly with our exclusive investment opportunity. Sign up now.
spam,Exclusive Prize,An exclusive prize has been reserved for you. Click now to claim it.
spam,Act Now,Urgent! This offer expires soon. Click the link to receive your bonus and reward.
spam,Free Gift Waiting,A free gift is waiting for you. Confirm your details now to receive your reward.
ham,Interview Schedule,Your interview has been scheduled for Thursday at 9 AM. Please confirm your availability.
spam,Lottery Winner,Your email has been selected as a lottery winner. Contact us immediately to claim your cash prize.
ham,Library Reminder,The book you borrowed is due back on Friday. Please return it before the due date.
ham,Library Reminder,The book you borrowed is due back on Friday. Please return it before the due date.
spam,Free Money,You have been chosen to receive free money. Complete the verification process now.
ham,Account Notice,Your account information was updated successfully. Contact support if you did not make this change.
spam,Free Gift Waiting,A free gift is waiting for you. Confirm your details now to receive your reward.
ham,Office Announcement,The office will remain open during normal working hours tomorrow.
ham,Project Update,Please find the project update attached. Let me know if you have any questions.
spam,Lottery Winner,Your email has been selected as a lottery winner. Contact us immediately to claim your cash prize.
ham,Meeting Update,"Hi team, our meeting is scheduled for Wednesday at 9 AM. Please join on time."
spam,Claim Your Free Reward,You have been selected for a free reward. Claim it now before this limited offer expires.
spam,Investment Opportunity,Earn guaranteed profits quickly with our exclusive investment opportunity. Sign up now.
spam,Congratulations Reward,Congratulations! Your account has qualified for a valuable reward. Claim it immediately.
ham,Interview Schedule,Your interview has been scheduled for Friday at 2 PM. Please confirm your availability.
ham,Class Schedule,The class will begin at 10 AM on Tuesday. Please bring your notes and required materials.
ham,Project Update,Please find the project update attached. Let me know if you have any questions.
ham,Assignment Reminder,This is a reminder that the assignment is due on Tuesday. Please submit it before the deadline.
spam,Special Bonus,You have received a special bonus. Click here to activate your reward before it expires.
ham,Feedback Request,We would appreciate your feedback about your recent experience. Thank you for your time.
ham,Team Reminder,Please remember to attend the team meeting tomorrow and review the agenda beforehand.
spam,Urgent Account Alert,Your account will be suspended today. Verify your information immediately by clicking the link.
ham,Library Reminder,The book you borrowed is due back on Tuesday. Please return it before the due date.
ham,Order Confirmation,Your order has been confirmed and will be delivered by Friday. Thank you for shopping with us.
spam,Free Gift Waiting,A free gift is waiting for you. Confirm your details now to receive your reward.
ham,Interview Schedule,Your interview has been scheduled for Friday at 4 PM. Please confirm your availability.
ham,Office Announcement,The office will remain open during normal working hours tomorrow.
spam,Exclusive Prize,An exclusive prize has been reserved for you. Click now to claim it.
ham,Library Reminder,The book you borrowed is due back on Saturday. Please return it before the due date.
spam,Free Money,You have been chosen to receive free money. Complete the verification process now.
ham,Document Request,Could you please send the requested document when you have time? Thank you.
spam,Lottery Winner,Your email has been selected as a lottery winner. Contact us immediately to claim your cash prize.
ham,Document Request,Could you please send the requested document when you have time? Thank you.
ham,Meeting Update,"Hi team, our meeting is scheduled for Monday at 9 AM. Please join on time."
spam,Free Money,You have been chosen to receive free money. Complete the verification process now.
spam,Congratulations! You Won,Congratulations! You have won $500! Click the link now to claim your prize.
spam,Claim Your Free Reward,You have been selected for a free reward. Claim it now before this limited offer expires.
ham,Feedback Request,We would appreciate your feedback about your recent experience. Thank you for your time.
spam,Final Notice,Final notice: claim your cash reward now or your prize will be cancelled.
spam,Congratulations Reward,Congratulations! Your account has qualified for a valuable reward. Claim it immediately.
spam,Free Gift Waiting,A free gift is waiting for you. Confirm your details now to receive your reward.
spam,You Are a Winner,You are today's lucky winner! Claim your prize immediately before the offer expires.
spam,Final Notice,Final notice: claim your cash reward now or your prize will be cancelled.
ham,Document Request,Could you please send the requested document when you have time? Thank you.
spam,Limited Time Offer,Get an exclusive discount and free bonus today. Click now before this limited time offer ends.
spam,Limited Time Offer,Get an exclusive discount and free bonus today. Click now before this limited time offer ends.
ham,Interview Schedule,Your interview has been scheduled for Thursday at 9 AM. Please confirm your availability.
spam,Claim Your Free Reward,You have been selected for a free reward. Claim it now before this limited offer expires.
spam,Free Gift Waiting,A free gift is waiting for you. Confirm your details now to receive your reward.
ham,Meeting Update,"Hi team, our meeting is scheduled for Saturday at 3 PM. Please join on time."
ham,Feedback Request,We would appreciate your feedback about your recent experience. Thank you for your time.
ham,Project Update,Please find the project update attached. Let me know if you have any questions.
ham,Class Schedule,The class will begin at 3 PM on Wednesday. Please bring your notes and required materials.
ham,Account Notice,Your account information was updated successfully. Contact support if you did not make this change.
spam,Lottery Winner,Your email has been selected as a lottery winner. Contact us immediately to claim your cash prize.
spam,You Are a Winner,You are today's lucky winner! Claim your prize immediately before the offer expires.
spam,Lottery Winner,Your email has been selected as a lottery winner. Contact us immediately to claim your cash prize.
ham,Team Reminder,Please remember to attend the team meeting tomorrow and review the agenda beforehand.
ham,Meeting Update,"Hi team, our meeting is scheduled for Friday at 9 AM. Please join on time."
ham,Account Notice,Your account information was updated successfully. Contact support if you did not make this change.
spam,Investment Opportunity,Earn guaranteed profits quickly with our exclusive investment opportunity. Sign up now.
ham,Order Confirmation,Your order has been confirmed and will be delivered by Saturday. Thank you for shopping with us.
ham,Document Request,Could you please send the requested document when you have time? Thank you.
spam,Urgent Account Alert,Your account will be suspended today. Verify your information immediately by clicking the link.
spam,Congratulations Reward,Congratulations! Your account has qualified for a valuable reward. Claim it immediately.
spam,Act Now,Urgent! This offer expires soon. Click the link to receive your bonus and reward.
ham,Travel Details,Your travel booking is confirmed. Please check the itinerary for the departure time and location.
spam,Lottery Winner,Your email has been selected as a lottery winner. Contact us immediately to claim your cash prize.
spam,Claim Your Free Reward,You have been selected for a free reward. Claim it now before this limited offer expires.
ham,Assignment Reminder,This is a reminder that the assignment is due on Monday. Please submit it before the deadline.
spam,You Are a Winner,You are today's lucky winner! Claim your prize immediately before the offer expires.
ham,Document Request,Could you please send the requested document when you have time? Thank you.
ham,Subscription Renewal,Your subscription will renew on Friday. You can manage your subscription from your account.
ham,Document Request,Could you please send the requested document when you have time? Thank you.
spam,Exclusive Cash Offer,You are eligible to receive $1000 in free cash. Act now to claim your money.
ham,Order Confirmation,Your order has been confirmed and will be delivered by Wednesday. Thank you for shopping with us.
spam,Free Money,You have been chosen to receive free money. Complete the verification process now.
spam,Claim Your Free Reward,You have been selected for a free reward. Claim it now before this limited offer expires.
spam,Investment Opportunity,Earn guaranteed profits quickly with our exclusive investment opportunity. Sign up now.
spam,Urgent Account Alert,Your account will be suspended today. Verify your information immediately by clicking the link.
ham,Document Request,Could you please send the requested document when you have time? Thank you.
spam,Claim Your Free Reward,You have been selected for a free reward. Claim it now before this limited offer expires.
spam,Limited Time Offer,Get an exclusive discount and free bonus today. Click now before this limited time offer ends.
spam,Exclusive Prize,An exclusive prize has been reserved for you. Click now to claim it.
ham,Account Notice,Your account information was updated successfully. Contact support if you did not make this change.
ham,Order Confirmation,Your order has been confirmed and will be delivered by Saturday. Thank you for shopping with us.
spam,Free Gift Waiting,A free gift is waiting for you. Confirm your details now to receive your reward.
spam,Limited Time Offer,Get an exclusive discount and free bonus today. Click now before this limited time offer ends.
spam,Free Money,You have been chosen to receive free money. Complete the verification process now.
spam,Urgent Account Alert,Your account will be suspended today. Verify your information immediately by clicking the link.
spam,Exclusive Prize,An exclusive prize has been reserved for you. Click now to claim it.
spam,Free Gift Waiting,A free gift is waiting for you. Confirm your details now to receive your reward.
ham,Interview Schedule,Your interview has been scheduled for Thursday at 3 PM. Please confirm your availability.
spam,Urgent Account Alert,Your account will be suspended today. Verify your information immediately by clicking the link.
spam,Limited Time Offer,Get an exclusive discount and free bonus today. Click now before this limited time offer ends.
spam,Exclusive Prize,An exclusive prize has been reserved for you. Click now to claim it.
ham,Order Confirmation,Your order has been confirmed and will be delivered by Saturday. Thank you for shopping with us.
ham,Office Announcement,The office will remain open during normal working hours tomorrow.
spam,Claim Your Free Reward,You have been selected for a free reward. Claim it now before this limited offer expires.
ham,Class Schedule,The class will begin at 11 AM on Thursday. Please bring your notes and required materials.
ham,Order Confirmation,Your order has been confirmed and will be delivered by Saturday. Thank you for shopping with us.
ham,Payment Receipt,Your payment of $5000 has been received successfully. This email is your receipt.
spam,Congratulations Reward,Congratulations! Your account has qualified for a valuable reward. Claim it immediately.
spam,Final Notice,Final notice: claim your cash reward now or your prize will be cancelled.
spam,Exclusive Prize,An exclusive prize has been reserved for you. Click now to claim it.
ham,Order Confirmation,Your order has been confirmed and will be delivered by Thursday. Thank you for shopping with us.
spam,Investment Opportunity,Earn guaranteed profits quickly with our exclusive investment opportunity. Sign up now.
ham,Class Schedule,The class will begin at 3 PM on Friday. Please bring your notes and required materials.
ham,Project Update,Please find the project update attached. Let me know if you have any questions.
ham,Library Reminder,The book you borrowed is due back on Friday. Please return it before the due date.
spam,Congratulations! You Won,Congratulations! You have won $1000! Click the link now to claim your prize.
spam,Exclusive Cash Offer,You are eligible to receive $500 in free cash. Act now to claim your money.
spam,Free Gift Waiting,A free gift is waiting for you. Confirm your details now to receive your reward.
spam,Investment Opportunity,Earn guaranteed profits quickly with our exclusive investment opportunity. Sign up now.
spam,Investment Opportunity,Earn guaranteed profits quickly with our exclusive investment opportunity. Sign up now.
spam,Free Money,You have been chosen to receive free money. Complete the verification process now.
ham,Interview Schedule,Your interview has been scheduled for Thursday at 9 AM. Please confirm your availability.
spam,Act Now,Urgent! This offer expires soon. Click the link to receive your bonus and reward.
spam,Exclusive Prize,An exclusive prize has been reserved for you. Click now to claim it.
spam,Free Gift Waiting,A free gift is waiting for you. Confirm your details now to receive your reward.
ham,Order Confirmation,Your order has been confirmed and will be delivered by Thursday. Thank you for shopping with us.
ham,Account Notice,Your account information was updated successfully. Contact support if you did not make this change.
spam,Exclusive Cash Offer,You are eligible to receive $250 in free cash. Act now to claim your money.
ham,Office Announcement,The office will remain open during normal working hours tomorrow.
spam,Special Bonus,You have received a special bonus. Click here to activate your reward before it expires.
ham,Interview Schedule,Your interview has been scheduled for Wednesday at 3 PM. Please confirm your availability.
ham,Account Notice,Your account information was updated successfully. Contact support if you did not make this change.
spam,Free Gift Waiting,A free gift is waiting for you. Confirm your details now to receive your reward.
spam,Special Bonus,You have received a special bonus. Click here to activate your reward before it expires.
ham,Travel Details,Your travel booking is confirmed. Please check the itinerary for the departure time and location.
ham,Project Update,Please find the project update attached. Let me know if you have any questions.
ham,Office Announcement,The office will remain open during normal working hours tomorrow.
spam,Exclusive Prize,An exclusive prize has been reserved for you. Click now to claim it.
ham,Feedback Request,We would appreciate your feedback about your recent experience. Thank you for your time.
spam,You Are a Winner,You are today's lucky winner! Claim your prize immediately before the offer expires.
ham,Office Announcement,The office will remain open during normal working hours tomorrow.
spam,Lottery Winner,Your email has been selected as a lottery winner. Contact us immediately to claim your cash prize.
ham,Order Confirmation,Your order has been confirmed and will be delivered by Monday. Thank you for shopping with us.
spam,Final Notice,Final notice: claim your cash reward now or your prize will be cancelled.
ham,Subscription Renewal,Your subscription will renew on Thursday. You can manage your subscription from your account.
ham,Team Reminder,Please remember to attend the team meeting tomorrow and review the agenda beforehand.
ham,Project Update,Please find the project update attached. Let me know if you have any questions.
spam,Act Now,Urgent! This offer expires soon. Click the link to receive your bonus and reward.
spam,Free Gift Waiting,A free gift is waiting for you. Confirm your details now to receive your reward.
spam,Final Notice,Final notice: claim your cash reward now or your prize will be cancelled.
ham,Subscription Renewal,Your subscription will renew on Tuesday. You can manage your subscription from your account.
spam,Congratulations Reward,Congratulations! Your account has qualified for a valuable reward. Claim it immediately.
ham,Office Announcement,The office will remain open during normal working hours tomorrow.
spam,Final Notice,Final notice: claim your cash reward now or your prize will be cancelled.
ham,Travel Details,Your travel booking is confirmed. Please check the itinerary for the departure time and location.
spam,Claim Your Free Reward,You have been selected for a free reward. Claim it now before this limited offer expires.
spam,Special Bonus,You have received a special bonus. Click here to activate your reward before it expires.
ham,Office Announcement,The office will remain open during normal working hours tomorrow.
spam,Special Bonus,You have received a special bonus. Click here to activate your reward before it expires.
spam,Exclusive Cash Offer,You are eligible to receive $100 in free cash. Act now to claim your money.
ham,Library Reminder,The book you borrowed is due back on Thursday. Please return it before the due date.
spam,Free Gift Waiting,A free gift is waiting for you. Confirm your details now to receive your reward.
ham,Assignment Reminder,This is a reminder that the assignment is due on Friday. Please submit it before the deadline.
ham,Interview Schedule,Your interview has been scheduled for Friday at 10 AM. Please confirm your availability.
spam,Investment Opportunity,Earn guaranteed profits quickly with our exclusive investment opportunity. Sign up now.
ham,Assignment Reminder,This is a reminder that the assignment is due on Thursday. Please submit it before the deadline.
ham,Order Confirmation,Your order has been confirmed and will be delivered by Thursday. Thank you for shopping with us.
ham,Team Reminder,Please remember to attend the team meeting tomorrow and review the agenda beforehand.
ham,Meeting Update,"Hi team, our meeting is scheduled for Friday at 3 PM. Please join on time."
spam,Act Now,Urgent! This offer expires soon. Click the link to receive your bonus and reward.
ham,Feedback Request,We would appreciate your feedback about your recent experience. Thank you for your time.
spam,Investment Opportunity,Earn guaranteed profits quickly with our exclusive investment opportunity. Sign up now.
spam,Congratulations! You Won,Congratulations! You have won $500! Click the link now to claim your prize.
ham,Subscription Renewal,Your subscription will renew on Saturday. You can manage your subscription from your account.
ham,Order Confirmation,Your order has been confirmed and will be delivered by Thursday. Thank you for shopping with us.
ham,Subscription Renewal,Your subscription will renew on Wednesday. You can manage your subscription from your account.
ham,Travel Details,Your travel booking is confirmed. Please check the itinerary for the departure time and location.
spam,You Are a Winner,You are today's lucky winner! Claim your prize immediately before the offer expires.
spam,You Are a Winner,You are today's lucky winner! Claim your prize immediately before the offer expires.
spam,Congratulations! You Won,Congratulations! You have won $5000! Click the link now to claim your prize.
spam,Act Now,Urgent! This offer expires soon. Click the link to receive your bonus and reward.
spam,Act Now,Urgent! This offer expires soon. Click the link to receive your bonus and reward.
spam,Free Gift Waiting,A free gift is waiting for you. Confirm your details now to receive your reward.
ham,Assignment Reminder,This is a reminder that the assignment is due on Saturday. Please submit it before the deadline.
ham,Class Schedule,The class will begin at 3 PM on Tuesday. Please bring your notes and required materials.
spam,Claim Your Free Reward,You have been selected for a free reward. Claim it now before this limited offer expires.
ham,Class Schedule,The class will begin at 9 AM on Monday. Please bring your notes and required materials.
spam,Claim Your Free Reward,You have been selected for a free reward. Claim it now before this limited offer expires.
spam,Exclusive Cash Offer,You are eligible to receive $250 in free cash. Act now to claim your money.
ham,Document Request,Could you please send the requested document when you have time? Thank you.
spam,Claim Your Free Reward,You have been selected for a free reward. Claim it now before this limited offer expires.
ham,Payment Receipt,Your payment of $500 has been received successfully. This email is your receipt.
ham,Project Update,Please find the project update attached. Let me know if you have any questions.
ham,Account Notice,Your account information was updated successfully. Contact support if you did not make this change.
ham,Project Update,Please find the project update attached. Let me know if you have any questions.
ham,Class Schedule,The class will begin at 10 AM on Saturday. Please bring your notes and required materials.
ham,Class Schedule,The class will begin at 4 PM on Friday. Please bring your notes and required materials.
spam,Investment Opportunity,Earn guaranteed profits quickly with our exclusive investment opportunity. Sign up now.
ham,Class Schedule,The class will begin at 3 PM on Monday. Please bring your notes and required materials.
ham,Class Schedule,The class will begin at 9 AM on Wednesday. Please bring your notes and required materials.
spam,Investment Opportunity,Earn guaranteed profits quickly with our exclusive investment opportunity. Sign up now.
spam,You Are a Winner,You are today's lucky winner! Claim your prize immediately before the offer expires.
ham,Assignment Reminder,This is a reminder that the assignment is due on Wednesday. Please submit it before the deadline.
ham,Travel Details,Your travel booking is confirmed. Please check the itinerary for the departure time and location.
ham,Assignment Reminder,This is a reminder that the assignment is due on Friday. Please submit it before the deadline.
spam,Urgent Account Alert,Your account will be suspended today. Verify your information immediately by clicking the link.
spam,Limited Time Offer,Get an exclusive discount and free bonus today. Click now before this limited time offer ends.
ham,Subscription Renewal,Your subscription will renew on Saturday. You can manage your subscription from your account.
spam,Investment Opportunity,Earn guaranteed profits quickly with our exclusive investment opportunity. Sign up now.
ham,Team Reminder,Please remember to attend the team meeting tomorrow and review the agenda beforehand.
ham,Travel Details,Your travel booking is confirmed. Please check the itinerary for the departure time and location.
spam,Congratulations! You Won,Congratulations! You have won $250! Click the link now to claim your prize.
ham,Feedback Request,We would appreciate your feedback about your recent experience. Thank you for your time.
ham,Travel Details,Your travel booking is confirmed. Please check the itinerary for the departure time and location.
spam,Congratulations! You Won,Congratulations! You have won $1000! Click the link now to claim your prize.
ham,Account Notice,Your account information was updated successfully. Contact support if you did not make this change.
spam,Congratulations! You Won,Congratulations! You have won $5000! Click the link now to claim your prize.
spam,Exclusive Cash Offer,You are eligible to receive $250 in free cash. Act now to claim your money.
spam,Congratulations Reward,Congratulations! Your account has qualified for a valuable reward. Claim it immediately.
spam,Free Money,You have been chosen to receive free money. Complete the verification process now.
ham,Order Confirmation,Your order has been confirmed and will be delivered by Saturday. Thank you for shopping with us.
ham,Project Update,Please find the project update attached. Let me know if you have any questions.
spam,Investment Opportunity,Earn guaranteed profits quickly with our exclusive investment opportunity. Sign up now.
ham,Travel Details,Your travel booking is confirmed. Please check the itinerary for the departure time and location.
ham,Team Reminder,Please remember to attend the team meeting tomorrow and review the agenda beforehand.
spam,Congratulations Reward,Congratulations! Your account has qualified for a valuable reward. Claim it immediately.
ham,Feedback Request,We would appreciate your feedback about your recent experience. Thank you for your time.
ham,Travel Details,Your travel booking is confirmed. Please check the itinerary for the departure time and location.
spam,Congratulations! You Won,Congratulations! You have won $500! Click the link now to claim your prize.
spam,Exclusive Cash Offer,You are eligible to receive $50 in free cash. Act now to claim your money.
spam,Final Notice,Final notice: claim your cash reward now or your prize will be cancelled.
ham,Interview Schedule,Your interview has been scheduled for Saturday at 9 AM. Please confirm your availability.
ham,Account Notice,Your account information was updated successfully. Contact support if you did not make this change.
spam,Exclusive Prize,An exclusive prize has been reserved for you. Click now to claim it.
spam,Congratulations! You Won,Congratulations! You have won $1000! Click the link now to claim your prize.
ham,Travel Details,Your travel booking is confirmed. Please check the itinerary for the departure time and location.
ham,Class Schedule,The class will begin at 11 AM on Monday. Please bring your notes and required materials.
ham,Payment Receipt,Your payment of $1000 has been received successfully. This email is your receipt.
spam,You Are a Winner,You are today's lucky winner! Claim your prize immediately before the offer expires.
ham,Team Reminder,Please remember to attend the team meeting tomorrow and review the agenda beforehand.
spam,Lottery Winner,Your email has been selected as a lottery winner. Contact us immediately to claim your cash prize.
ham,Document Request,Could you please send the requested document when you have time? Thank you.
ham,Subscription Renewal,Your subscription will renew on Thursday. You can manage your subscription from your account.
ham,Document Request,Could you please send the requested document when you have time? Thank you.
spam,Final Notice,Final notice: claim your cash reward now or your prize will be cancelled.
ham,Interview Schedule,Your interview has been scheduled for Saturday at 10 AM. Please confirm your availability.
spam,Investment Opportunity,Earn guaranteed profits quickly with our exclusive investment opportunity. Sign up now.
ham,Interview Schedule,Your interview has been scheduled for Friday at 9 AM. Please confirm your availability.
spam,Urgent Account Alert,Your account will be suspended today. Verify your information immediately by clicking the link.
ham,Account Notice,Your account information was updated successfully. Contact support if you did not make this change.
spam,Urgent Account Alert,Your account will be suspended today. Verify your information immediately by clicking the link.
spam,Claim Your Free Reward,You have been selected for a free reward. Claim it now before this limited offer expires.
spam,Lottery Winner,Your email has been selected as a lottery winner. Contact us immediately to claim your cash prize.
spam,Exclusive Prize,An exclusive prize has been reserved for you. Click now to claim it.
spam,Act Now,Urgent! This offer expires soon. Click the link to receive your bonus and reward.
ham,Class Schedule,The class will begin at 2 PM on Tuesday. Please bring your notes and required materials.
ham,Library Reminder,The book you borrowed is due back on Friday. Please return it before the due date.
spam,Congratulations! You Won,Congratulations! You have won $50! Click the link now to claim your prize.
ham,Class Schedule,The class will begin at 2 PM on Tuesday. Please bring your notes and required materials.
spam,Exclusive Cash Offer,You are eligible to receive $250 in free cash. Act now to claim your money.
spam,Urgent Account Alert,Your account will be suspended today. Verify your information immediately by clicking the link.
ham,Project Update,Please find the project update attached. Let me know if you have any questions.
spam,Special Bonus,You have received a special bonus. Click here to activate your reward before it expires.
ham,Team Reminder,Please remember to attend the team meeting tomorrow and review the agenda beforehand.
ham,Class Schedule,The class will begin at 10 AM on Saturday. Please bring your notes and required materials.
spam,Free Money,You have been chosen to receive free money. Complete the verification process now.
spam,Final Notice,Final notice: claim your cash reward now or your prize will be cancelled.
ham,Feedback Request,We would appreciate your feedback about your recent experience. Thank you for your time.
ham,Class Schedule,The class will begin at 9 AM on Saturday. Please bring your notes and required materials.
ham,Order Confirmation,Your order has been confirmed and will be delivered by Tuesday. Thank you for shopping with us.
spam,Final Notice,Final notice: claim your cash reward now or your prize will be cancelled.
spam,You Are a Winner,You are today's lucky winner! Claim your prize immediately before the offer expires.
spam,Urgent Account Alert,Your account will be suspended today. Verify your information immediately by clicking the link.
ham,Class Schedule,The class will begin at 9 AM on Thursday. Please bring your notes and required materials.
ham,Feedback Request,We would appreciate your feedback about your recent experience. Thank you for your time.
spam,Free Money,You have been chosen to receive free money. Complete the verification process now.
ham,Account Notice,Your account information was updated successfully. Contact support if you did not make this change.
ham,Project Update,Please find the project update attached. Let me know if you have any questions.
ham,Document Request,Could you please send the requested document when you have time? Thank you.
ham,Meeting Update,"Hi team, our meeting is scheduled for Thursday at 4 PM. Please join on time."
ham,Office Announcement,The office will remain open during normal working hours tomorrow.
ham,Subscription Renewal,Your subscription will renew on Tuesday. You can manage your subscription from your account.
ham,Interview Schedule,Your interview has been scheduled for Monday at 4 PM. Please confirm your availability.
ham,Team Reminder,Please remember to attend the team meeting tomorrow and review the agenda beforehand.
spam,Limited Time Offer,Get an exclusive discount and free bonus today. Click now before this limited time offer ends.
spam,Act Now,Urgent! This offer expires soon. Click the link to receive your bonus and reward.
ham,Project Update,Please find the project update attached. Let me know if you have any questions.
ham,Library Reminder,The book you borrowed is due back on Wednesday. Please return it before the due date.
ham,Payment Receipt,Your payment of $10000 has been received successfully. This email is your receipt.
ham,Team Reminder,Please remember to attend the team meeting tomorrow and review the agenda beforehand.
spam,Act Now,Urgent! This offer expires soon. Click the link to receive your bonus and reward.
ham,Account Notice,Your account information was updated successfully. Contact support if you did not make this change.
spam,Claim Your Free Reward,You have been selected for a free reward. Claim it now before this limited offer expires.
ham,Subscription Renewal,Your subscription will renew on Saturday. You can manage your subscription from your account.
ham,Meeting Update,"Hi team, our meeting is scheduled for Friday at 3 PM. Please join on time."
spam,Free Gift Waiting,A free gift is waiting for you. Confirm your details now to receive your reward.
spam,Urgent Account Alert,Your account will be suspended today. Verify your information immediately by clicking the link.
ham,Interview Schedule,Your interview has been scheduled for Monday at 10 AM. Please confirm your availability.
spam,Congratulations! You Won,Congratulations! You have won $10000! Click the link now to claim your prize.
spam,Lottery Winner,Your email has been selected as a lottery winner. Contact us immediately to claim your cash prize.
spam,Act Now,Urgent! This offer expires soon. Click the link to receive your bonus and reward.
spam,Exclusive Cash Offer,You are eligible to receive $100 in free cash. Act now to claim your money.
spam,Urgent Account Alert,Your account will be suspended today. Verify your information immediately by clicking the link.
spam,Free Gift Waiting,A free gift is waiting for you. Confirm your details now to receive your reward.
spam,Congratulations Reward,Congratulations! Your account has qualified for a valuable reward. Claim it immediately.
ham,Subscription Renewal,Your subscription will renew on Tuesday. You can manage your subscription from your account.
spam,Final Notice,Final notice: claim your cash reward now or your prize will be cancelled.
spam,Investment Opportunity,Earn guaranteed profits quickly with our exclusive investment opportunity. Sign up now.
spam,Limited Time Offer,Get an exclusive discount and free bonus today. Click now before this limited time offer ends.
spam,Exclusive Prize,An exclusive prize has been reserved for you. Click now to claim it.
ham,Office Announcement,The office will remain open during normal working hours tomorrow.
spam,You Are a Winner,You are today's lucky winner! Claim your prize immediately before the offer expires.
ham,Library Reminder,The book you borrowed is due back on Friday. Please return it before the due date.
spam,Congratulations Reward,Congratulations! Your account has qualified for a valuable reward. Claim it immediately.
spam,Lottery Winner,Your email has been selected as a lottery winner. Contact us immediately to claim your cash prize.
ham,Assignment Reminder,This is a reminder that the assignment is due on Thursday. Please submit it before the deadline.
ham,Account Notice,Your account information was updated successfully. Contact support if you did not make this change.
ham,Assignment Reminder,This is a reminder that the assignment is due on Monday. Please submit it before the deadline.
ham,Account Notice,Your account information was updated successfully. Contact support if you did not make this change.
spam,Free Money,You have been chosen to receive free money. Complete the verification process now.
ham,Library Reminder,The book you borrowed is due back on Tuesday. Please return it before the due date.
spam,Exclusive Prize,An exclusive prize has been reserved for you. Click now to claim it.
spam,Investment Opportunity,Earn guaranteed profits quickly with our exclusive investment opportunity. Sign up now.
ham,Project Update,Please find the project update attached. Let me know if you have any questions.
ham,Interview Schedule,Your interview has been scheduled for Monday at 11 AM. Please confirm your availability.
spam,Final Notice,Final notice: claim your cash reward now or your prize will be cancelled.
ham,Interview Schedule,Your interview has been scheduled for Wednesday at 11 AM. Please confirm your availability.
spam,Act Now,Urgent! This offer expires soon. Click the link to receive your bonus and reward.
spam,Investment Opportunity,Earn guaranteed profits quickly with our exclusive investment opportunity. Sign up now.
spam,Free Money,You have been chosen to receive free money. Complete the verification process now.
ham,Library Reminder,The book you borrowed is due back on Saturday. Please return it before the due date.
spam,Limited Time Offer,Get an exclusive discount and free bonus today. Click now before this limited time offer ends.
ham,Project Update,Please find the project update attached. Let me know if you have any questions.
spam,Act Now,Urgent! This offer expires soon. Click the link to receive your bonus and reward.
spam,Investment Opportunity,Earn guaranteed profits quickly with our exclusive investment opportunity. Sign up now.
spam,Free Gift Waiting,A free gift is waiting for you. Confirm your details now to receive your reward.
spam,Lottery Winner,Your email has been selected as a lottery winner. Contact us immediately to claim your cash prize.
ham,Payment Receipt,Your payment of $500 has been received successfully. This email is your receipt.
ham,Account Notice,Your account information was updated successfully. Contact support if you did not make this change.
ham,Project Update,Please find the project update attached. Let me know if you have any questions.
ham,Meeting Update,"Hi team, our meeting is scheduled for Wednesday at 3 PM. Please join on time."
spam,Congratulations! You Won,Congratulations! You have won $50! Click the link now to claim your prize.
ham,Meeting Update,"Hi team, our meeting is scheduled for Tuesday at 3 PM. Please join on time."
spam,Limited Time Offer,Get an exclusive discount and free bonus today. Click now before this limited time offer ends.
spam,Investment Opportunity,Earn guaranteed profits quickly with our exclusive investment opportunity. Sign up now.
ham,Interview Schedule,Your interview has been scheduled for Thursday at 2 PM. Please confirm your availability.
spam,Congratulations Reward,Congratulations! Your account has qualified for a valuable reward. Claim it immediately.
ham,Project Update,Please find the project update attached. Let me know if you have any questions.
spam,Investment Opportunity,Earn guaranteed profits quickly with our exclusive investment opportunity. Sign up now.
ham,Travel Details,Your travel booking is confirmed. Please check the itinerary for the departure time and location.
ham,Assignment Reminder,This is a reminder that the assignment is due on Tuesday. Please submit it before the deadline.
spam,Free Gift Waiting,A free gift is waiting for you. Confirm your details now to receive your reward.
ham,Feedback Request,We would appreciate your feedback about your recent experience. Thank you for your time.
ham,Library Reminder,The book you borrowed is due back on Wednesday. Please return it before the due date.
ham,Subscription Renewal,Your subscription will renew on Thursday. You can manage your subscription from your account.
spam,Limited Time Offer,Get an exclusive discount and free bonus today. Click now before this limited time offer ends.
spam,Final Notice,Final notice: claim your cash reward now or your prize will be cancelled.
ham,Travel Details,Your travel booking is confirmed. Please check the itinerary for the departure time and location.
spam,Free Gift Waiting,A free gift is waiting for you. Confirm your details now to receive your reward.
spam,Limited Time Offer,Get an exclusive discount and free bonus today. Click now before this limited time offer ends.
ham,Class Schedule,The class will begin at 10 AM on Saturday. Please bring your notes and required materials.
spam,Urgent Account Alert,Your account will be suspended today. Verify your information immediately by clicking the link.
spam,Exclusive Cash Offer,You are eligible to receive $100 in free cash. Act now to claim your money.
ham,Library Reminder,The book you borrowed is due back on Tuesday. Please return it before the due date.
spam,Special Bonus,You have received a special bonus. Click here to activate your reward before it expires.
spam,You Are a Winner,You are today's lucky winner! Claim your prize immediately before the offer expires.
ham,Library Reminder,The book you borrowed is due back on Saturday. Please return it before the due date.
spam,Exclusive Prize,An exclusive prize has been reserved for you. Click now to claim it.
ham,Order Confirmation,Your order has been confirmed and will be delivered by Saturday. Thank you for shopping with us.
spam,You Are a Winner,You are today's lucky winner! Claim your prize immediately before the offer expires.
spam,Congratulations Reward,Congratulations! Your account has qualified for a valuable reward. Claim it immediately.
spam,Lottery Winner,Your email has been selected as a lottery winner. Contact us immediately to claim your cash prize.
spam,Free Gift Waiting,A free gift is waiting for you. Confirm your details now to receive your reward.
spam,Exclusive Cash Offer,You are eligible to receive $1000 in free cash. Act now to claim your money.
spam,Congratulations! You Won,Congratulations! You have won $5000! Click the link now to claim your prize.
ham,Project Update,Please find the project update attached. Let me know if you have any questions.
spam,Free Money,You have been chosen to receive free money. Complete the verification process now.
ham,Office Announcement,The office will remain open during normal working hours tomorrow.
spam,Urgent Account Alert,Your account will be suspended today. Verify your information immediately by clicking the link.
spam,Final Notice,Final notice: claim your cash reward now or your prize will be cancelled.
ham,Payment Receipt,Your payment of $250 has been received successfully. This email is your receipt.
ham,Team Reminder,Please remember to attend the team meeting tomorrow and review the agenda beforehand.
spam,Claim Your Free Reward,You have been selected for a free reward. Claim it now before this limited offer expires.
spam,Special Bonus,You have received a special bonus. Click here to activate your reward before it expires.
ham,Library Reminder,The book you borrowed is due back on Wednesday. Please return it before the due date.
ham,Feedback Request,We would appreciate your feedback about your recent experience. Thank you for your time.
ham,Payment Receipt,Your payment of $5000 has been received successfully. This email is your receipt.
ham,Class Schedule,The class will begin at 2 PM on Wednesday. Please bring your notes and required materials.
spam,Urgent Account Alert,Your account will be suspended today. Verify your information immediately by clicking the link.
spam,Free Gift Waiting,A free gift is waiting for you. Confirm your details now to receive your reward.
spam,Urgent Account Alert,Your account will be suspended today. Verify your information immediately by clicking the link.
spam,Final Notice,Final notice: claim your cash reward now or your prize will be cancelled.
spam,Investment Opportunity,Earn guaranteed profits quickly with our exclusive investment opportunity. Sign up now.
ham,Assignment Reminder,This is a reminder that the assignment is due on Saturday. Please submit it before the deadline.
ham,Project Update,Please find the project update attached. Let me know if you have any questions.
spam,Claim Your Free Reward,You have been selected for a free reward. Claim it now before this limited offer expires.
ham,Document Request,Could you please send the requested document when you have time? Thank you.
ham,Interview Schedule,Your interview has been scheduled for Thursday at 2 PM. Please confirm your availability.
spam,Act Now,Urgent! This offer expires soon. Click the link to receive your bonus and reward.
spam,Exclusive Prize,An exclusive prize has been reserved for you. Click now to claim it.
spam,Act Now,Urgent! This offer expires soon. Click the link to receive your bonus and reward.
ham,Travel Details,Your travel booking is confirmed. Please check the itinerary for the departure time and location.
ham,Class Schedule,The class will begin at 3 PM on Monday. Please bring your notes and required materials.
ham,Assignment Reminder,This is a reminder that the assignment is due on Monday. Please submit it before the deadline.
spam,Congratulations Reward,Congratulations! Your account has qualified for a valuable reward. Claim it immediately.
spam,Free Money,You have been chosen to receive free money. Complete the verification process now.
spam,Free Gift Waiting,A free gift is waiting for you. Confirm your details now to receive your reward.
ham,Library Reminder,The book you borrowed is due back on Friday. Please return it before the due date.
spam,Final Notice,Final notice: claim your cash reward now or your prize will be cancelled.
ham,Assignment Reminder,This is a reminder that the assignment is due on Thursday. Please submit it before the deadline.
ham,Payment Receipt,Your payment of $5000 has been received successfully. This email is your receipt.
ham,Subscription Renewal,Your subscription will renew on Tuesday. You can manage your subscription from your account.
spam,Act Now,Urgent! This offer expires soon. Click the link to receive your bonus and reward.
spam,Investment Opportunity,Earn guaranteed profits quickly with our exclusive investment opportunity. Sign up now.
ham,Project Update,Please find the project update attached. Let me know if you have any questions.
spam,Urgent Account Alert,Your account will be suspended today. Verify your information immediately by clicking the link.
ham,Payment Receipt,Your payment of $250 has been received successfully. This email is your receipt.
ham,Interview Schedule,Your interview has been scheduled for Monday at 4 PM. Please confirm your availability.
spam,Act Now,Urgent! This offer expires soon. Click the link to receive your bonus and reward.
spam,Claim Your Free Reward,You have been selected for a free reward. Claim it now before this limited offer expires.
spam,Claim Your Free Reward,You have been selected for a free reward. Claim it now before this limited offer expires.
ham,Payment Receipt,Your payment of $5000 has been received successfully. This email is your receipt.
ham,Office Announcement,The office will remain open during normal working hours tomorrow.
spam,Free Gift Waiting,A free gift is waiting for you. Confirm your details now to receive your reward.
spam,Investment Opportunity,Earn guaranteed profits quickly with our exclusive investment opportunity. Sign up now.
spam,Claim Your Free Reward,You have been selected for a free reward. Claim it now before this limited offer expires.
ham,Project Update,Please find the project update attached. Let me know if you have any questions.
spam,Free Money,You have been chosen to receive free money. Complete the verification process now.
spam,Exclusive Prize,An exclusive prize has been reserved for you. Click now to claim it.
spam,Claim Your Free Reward,You have been selected for a free reward. Claim it now before this limited offer expires.
ham,Travel Details,Your travel booking is confirmed. Please check the itinerary for the departure time and location.
ham,Document Request,Could you please send the requested document when you have time? Thank you.
ham,Subscription Renewal,Your subscription will renew on Tuesday. You can manage your subscription from your account.
ham,Assignment Reminder,This is a reminder that the assignment is due on Wednesday. Please submit it before the deadline.
ham,Class Schedule,The class will begin at 2 PM on Friday. Please bring your notes and required materials.
ham,Project Update,Please find the project update attached. Let me know if you have any questions.
ham,Account Notice,Your account information was updated successfully. Contact support if you did not make this change.
ham,Payment Receipt,Your payment of $1000 has been received successfully. This email is your receipt.
spam,Free Money,You have been chosen to receive free money. Complete the verification process now.
spam,You Are a Winner,You are today's lucky winner! Claim your prize immediately before the offer expires.
ham,Assignment Reminder,This is a reminder that the assignment is due on Tuesday. Please submit it before the deadline.
ham,Library Reminder,The book you borrowed is due back on Friday. Please return it before the due date.
spam,Exclusive Cash Offer,You are eligible to receive $100 in free cash. Act now to claim your money.
spam,Claim Your Free Reward,You have been selected for a free reward. Claim it now before this limited offer expires.
spam,Congratulations Reward,Congratulations! Your account has qualified for a valuable reward. Claim it immediately.
spam,Congratulations! You Won,Congratulations! You have won $5000! Click the link now to claim your prize.
ham,Team Reminder,Please remember to attend the team meeting tomorrow and review the agenda beforehand.
ham,Team Reminder,Please remember to attend the team meeting tomorrow and review the agenda beforehand.
spam,Claim Your Free Reward,You have been selected for a free reward. Claim it now before this limited offer expires.
ham,Order Confirmation,Your order has been confirmed and will be delivered by Wednesday. Thank you for shopping with us.
ham,Team Reminder,Please remember to attend the team meeting tomorrow and review the agenda beforehand.
spam,Congratulations! You Won,Congratulations! You have won $1000! Click the link now to claim your prize.
spam,Free Money,You have been chosen to receive free money. Complete the verification process now.
ham,Feedback Request,We would appreciate your feedback about your recent experience. Thank you for your time.
spam,Investment Opportunity,Earn guaranteed profits quickly with our exclusive investment opportunity. Sign up now.
ham,Class Schedule,The class will begin at 11 AM on Thursday. Please bring your notes and required materials.
ham,Office Announcement,The office will remain open during normal working hours tomorrow.
ham,Account Notice,Your account information was updated successfully. Contact support if you did not make this change.
spam,Free Money,You have been chosen to receive free money. Complete the verification process now.
spam,Investment Opportunity,Earn guaranteed profits quickly with our exclusive investment opportunity. Sign up now.
spam,Lottery Winner,Your email has been selected as a lottery winner. Contact us immediately to claim your cash prize.
ham,Interview Schedule,Your interview has been scheduled for Friday at 3 PM. Please confirm your availability.
spam,Urgent Account Alert,Your account will be suspended today. Verify your information immediately by clicking the link.
spam,Congratulations! You Won,Congratulations! You have won $250! Click the link now to claim your prize.
spam,Free Gift Waiting,A free gift is waiting for you. Confirm your details now to receive your reward.
spam,Final Notice,Final notice: claim your cash reward now or your prize will be cancelled.
spam,Congratulations Reward,Congratulations! Your account has qualified for a valuable reward. Claim it immediately.
spam,You Are a Winner,You are today's lucky winner! Claim your prize immediately before the offer expires.
spam,Act Now,Urgent! This offer expires soon. Click the link to receive your bonus and reward.
ham,Team Reminder,Please remember to attend the team meeting tomorrow and review the agenda beforehand.
spam,Exclusive Prize,An exclusive prize has been reserved for you. Click now to claim it.
ham,Assignment Reminder,This is a reminder that the assignment is due on Thursday. Please submit it before the deadline.
spam,Act Now,Urgent! This offer expires soon. Click the link to receive your bonus and reward.
spam,Limited Time Offer,Get an exclusive discount and free bonus today. Click now before this limited time offer ends.
ham,Library Reminder,The book you borrowed is due back on Monday. Please return it before the due date.
ham,Project Update,Please find the project update attached. Let me know if you have any questions.
ham,Feedback Request,We would appreciate your feedback about your recent experience. Thank you for your time.
spam,Free Money,You have been chosen to receive free money. Complete the verification process now.
spam,Lottery Winner,Your email has been selected as a lottery winner. Contact us immediately to claim your cash prize.
spam,Exclusive Cash Offer,You are eligible to receive $5000 in free cash. Act now to claim your money.
ham,Payment Receipt,Your payment of $5000 has been received successfully. This email is your receipt.
ham,Library Reminder,The book you borrowed is due back on Monday. Please return it before the due date.
spam,Exclusive Prize,An exclusive prize has been reserved for you. Click now to claim it.
spam,Lottery Winner,Your email has been selected as a lottery winner. Contact us immediately to claim your cash prize.
ham,Subscription Renewal,Your subscription will renew on Monday. You can manage your subscription from your account.
ham,Class Schedule,The class will begin at 2 PM on Saturday. Please bring your notes and required materials.
ham,Order Confirmation,Your order has been confirmed and will be delivered by Saturday. Thank you for shopping with us.
spam,Claim Your Free Reward,You have been selected for a free reward. Claim it now before this limited offer expires.
spam,Urgent Account Alert,Your account will be suspended today. Verify your information immediately by clicking the link.
spam,Free Gift Waiting,A free gift is waiting for you. Confirm your details now to receive your reward.
ham,Class Schedule,The class will begin at 10 AM on Friday. Please bring your notes and required materials.
ham,Project Update,Please find the project update attached. Let me know if you have any questions.
ham,Travel Details,Your travel booking is confirmed. Please check the itinerary for the departure time and location.
spam,Lottery Winner,Your email has been selected as a lottery winner. Contact us immediately to claim your cash prize.
ham,Travel Details,Your travel booking is confirmed. Please check the itinerary for the departure time and location.
ham,Account Notice,Your account information was updated successfully. Contact support if you did not make this change.
ham,Library Reminder,The book you borrowed is due back on Monday. Please return it before the due date.
spam,Limited Time Offer,Get an exclusive discount and free bonus today. Click now before this limited time offer ends.
ham,Order Confirmation,Your order has been confirmed and will be delivered by Wednesday. Thank you for shopping with us.
ham,Office Announcement,The office will remain open during normal working hours tomorrow.
spam,Exclusive Prize,An exclusive prize has been reserved for you. Click now to claim it.
spam,Lottery Winner,Your email has been selected as a lottery winner. Contact us immediately to claim your cash prize.
ham,Office Announcement,The office will remain open during normal working hours tomorrow.
ham,Travel Details,Your travel booking is confirmed. Please check the itinerary for the departure time and location.
ham,Project Update,Please find the project update attached. Let me know if you have any questions.
spam,Claim Your Free Reward,You have been selected for a free reward. Claim it now before this limited offer expires.
spam,Free Money,You have been chosen to receive free money. Complete the verification process now.
spam,Urgent Account Alert,Your account will be suspended today. Verify your information immediately by clicking the link.
ham,Feedback Request,We would appreciate your feedback about your recent experience. Thank you for your time.
ham,Subscription Renewal,Your subscription will renew on Wednesday. You can manage your subscription from your account.
ham,Payment Receipt,Your payment of $5000 has been received successfully. This email is your receipt.
ham,Travel Details,Your travel booking is confirmed. Please check the itinerary for the departure time and location.
spam,You Are a Winner,You are today's lucky winner! Claim your prize immediately before the offer expires.
ham,Office Announcement,The office will remain open during normal working hours tomorrow.
spam,Limited Time Offer,Get an exclusive discount and free bonus today. Click now before this limited time offer ends.
ham,Class Schedule,The class will begin at 3 PM on Tuesday. Please bring your notes and required materials.
spam,Special Bonus,You have received a special bonus. Click here to activate your reward before it expires.
ham,Document Request,Could you please send the requested document when you have time? Thank you.
ham,Assignment Reminder,This is a reminder that the assignment is due on Wednesday. Please submit it before the deadline.
spam,Special Bonus,You have received a special bonus. Click here to activate your reward before it expires.
ham,Class Schedule,The class will begin at 4 PM on Wednesday. Please bring your notes and required materials.
ham,Payment Receipt,Your payment of $500 has been received successfully. This email is your receipt.
ham,Class Schedule,The class will begin at 3 PM on Wednesday. Please bring your notes and required materials.
ham,Class Schedule,The class will begin at 3 PM on Thursday. Please bring your notes and required materials.
ham,Office Announcement,The office will remain open during normal working hours tomorrow.
ham,Payment Receipt,Your payment of $100 has been received successfully. This email is your receipt.
spam,Claim Your Free Reward,You have been selected for a free reward. Claim it now before this limited offer expires.
ham,Subscription Renewal,Your subscription will renew on Friday. You can manage your subscription from your account.
ham,Assignment Reminder,This is a reminder that the assignment is due on Saturday. Please submit it before the deadline.
ham,Library Reminder,The book you borrowed is due back on Saturday. Please return it before the due date.
ham,Assignment Reminder,This is a reminder that the assignment is due on Friday. Please submit it before the deadline.
ham,Interview Schedule,Your interview has been scheduled for Monday at 11 AM. Please confirm your availability.
ham,Payment Receipt,Your payment of $10000 has been received successfully. This email is your receipt.
ham,Interview Schedule,Your interview has been scheduled for Tuesday at 4 PM. Please confirm your availability.
spam,Exclusive Cash Offer,You are eligible to receive $50 in free cash. Act now to claim your money.
ham,Document Request,Could you please send the requested document when you have time? Thank you.
spam,Exclusive Prize,An exclusive prize has been reserved for you. Click now to claim it.
spam,Lottery Winner,Your email has been selected as a lottery winner. Contact us immediately to claim your cash prize.
spam,Congratulations! You Won,Congratulations! You have won $250! Click the link now to claim your prize.
spam,Act Now,Urgent! This offer expires soon. Click the link to receive your bonus and reward.
spam,Exclusive Prize,An exclusive prize has been reserved for you. Click now to claim it.
ham,Document Request,Could you please send the requested document when you have time? Thank you.
ham,Account Notice,Your account information was updated successfully. Contact support if you did not make this change.
spam,Free Gift Waiting,A free gift is waiting for you. Confirm your details now to receive your reward.
spam,Congratulations Reward,Congratulations! Your account has qualified for a valuable reward. Claim it immediately.
ham,Team Reminder,Please remember to attend the team meeting tomorrow and review the agenda beforehand.
ham,Library Reminder,The book you borrowed is due back on Saturday. Please return it before the due date.
ham,Project Update,Please find the project update attached. Let me know if you have any questions.
spam,Limited Time Offer,Get an exclusive discount and free bonus today. Click now before this limited time offer ends.
spam,Act Now,Urgent! This offer expires soon. Click the link to receive your bonus and reward.
spam,Lottery Winner,Your email has been selected as a lottery winner. Contact us immediately to claim your cash prize.
spam,Free Money,You have been chosen to receive free money. Complete the verification process now.
ham,Document Request,Could you please send the requested document when you have time? Thank you.
spam,Congratulations Reward,Congratulations! Your account has qualified for a valuable reward. Claim it immediately.
spam,Free Money,You have been chosen to receive free money. Complete the verification process now.
spam,You Are a Winner,You are today's lucky winner! Claim your prize immediately before the offer expires.
spam,Urgent Account Alert,Your account will be suspended today. Verify your information immediately by clicking the link.
ham,Interview Schedule,Your interview has been scheduled for Friday at 11 AM. Please confirm your availability.
ham,Assignment Reminder,This is a reminder that the assignment is due on Wednesday. Please submit it before the deadline.
ham,Payment Receipt,Your payment of $500 has been received successfully. This email is your receipt.
ham,Travel Details,Your travel booking is confirmed. Please check the itinerary for the departure time and location.
spam,You Are a Winner,You are today's lucky winner! Claim your prize immediately before the offer expires.
ham,Project Update,Please find the project update attached. Let me know if you have any questions.
ham,Payment Receipt,Your payment of $500 has been received successfully. This email is your receipt.
ham,Feedback Request,We would appreciate your feedback about your recent experience. Thank you for your time.
spam,Lottery Winner,Your email has been selected as a lottery winner. Contact us immediately to claim your cash prize.
ham,Assignment Reminder,This is a reminder that the assignment is due on Tuesday. Please submit it before the deadline.
ham,Office Announcement,The office will remain open during normal working hours tomorrow.
spam,Final Notice,Final notice: claim your cash reward now or your prize will be cancelled.
ham,Account Notice,Your account information was updated successfully. Contact support if you did not make this change.
ham,Account Notice,Your account information was updated successfully. Contact support if you did not make this change.
ham,Feedback Request,We would appreciate your feedback about your recent experience. Thank you for your time.
spam,Free Money,You have been chosen to receive free money. Complete the verification process now.
spam,Free Gift Waiting,A free gift is waiting for you. Confirm your details now to receive your reward.
ham,Library Reminder,The book you borrowed is due back on Friday. Please return it before the due date.
spam,Congratulations! You Won,Congratulations! You have won $500! Click the link now to claim your prize.
spam,Free Money,You have been chosen to receive free money. Complete the verification process now.
ham,Office Announcement,The office will remain open during normal working hours tomorrow.
spam,Urgent Account Alert,Your account will be suspended today. Verify your information immediately by clicking the link.
spam,You Are a Winner,You are today's lucky winner! Claim your prize immediately before the offer expires.
spam,Final Notice,Final notice: claim your cash reward now or your prize will be cancelled.
spam,Special Bonus,You have received a special bonus. Click here to activate your reward before it expires.
spam,Act Now,Urgent! This offer expires soon. Click the link to receive your bonus and reward.
ham,Assignment Reminder,This is a reminder that the assignment is due on Friday. Please submit it before the deadline.
spam,Limited Time Offer,Get an exclusive discount and free bonus today. Click now before this limited time offer ends.
ham,Interview Schedule,Your interview has been scheduled for Monday at 11 AM. Please confirm your availability.
ham,Assignment Reminder,This is a reminder that the assignment is due on Monday. Please submit it before the deadline.
ham,Payment Receipt,Your payment of $500 has been received successfully. This email is your receipt.
ham,Class Schedule,The class will begin at 4 PM on Saturday. Please bring your notes and required materials.
spam,Exclusive Cash Offer,You are eligible to receive $500 in free cash. Act now to claim your money.
ham,Account Notice,Your account information was updated successfully. Contact support if you did not make this change.
spam,Congratulations Reward,Congratulations! Your account has qualified for a valuable reward. Claim it immediately.
spam,Exclusive Prize,An exclusive prize has been reserved for you. Click now to claim it.
ham,Subscription Renewal,Your subscription will renew on Thursday. You can manage your subscription from your account.
spam,Urgent Account Alert,Your account will be suspended today. Verify your information immediately by clicking the link.
ham,Library Reminder,The book you borrowed is due back on Wednesday. Please return it before the due date.
spam,Congratulations Reward,Congratulations! Your account has qualified for a valuable reward. Claim it immediately.
spam,Free Gift Waiting,A free gift is waiting for you. Confirm your details now to receive your reward.
spam,Exclusive Cash Offer,You are eligible to receive $1000 in free cash. Act now to claim your money.
ham,Subscription Renewal,Your subscription will renew on Tuesday. You can manage your subscription from your account.
spam,Special Bonus,You have received a special bonus. Click here to activate your reward before it expires.
spam,Final Notice,Final notice: claim your cash reward now or your prize will be cancelled.
spam,Free Gift Waiting,A free gift is waiting for you. Confirm your details now to receive your reward.
spam,Free Gift Waiting,A free gift is waiting for you. Confirm your details now to receive your reward.
ham,Feedback Request,We would appreciate your feedback about your recent experience. Thank you for your time.
ham,Office Announcement,The office will remain open during normal working hours tomorrow.
ham,Library Reminder,The book you borrowed is due back on Tuesday. Please return it before the due date.
spam,Exclusive Prize,An exclusive prize has been reserved for you. Click now to claim it.
spam,Special Bonus,You have received a special bonus. Click here to activate your reward before it expires.
ham,Travel Details,Your travel booking is confirmed. Please check the itinerary for the departure time and location.
ham,Office Announcement,The office will remain open during normal working hours tomorrow.
spam,Congratulations! You Won,Congratulations! You have won $500! Click the link now to claim your prize.
ham,Project Update,Please find the project update attached. Let me know if you have any questions.
spam,Exclusive Prize,An exclusive prize has been reserved for you. Click now to claim it.
ham,Office Announcement,The office will remain open during normal working hours tomorrow.
spam,Free Money,You have been chosen to receive free money. Complete the verification process now.
spam,Urgent Account Alert,Your account will be suspended today. Verify your information immediately by clicking the link.
spam,Limited Time Offer,Get an exclusive discount and free bonus today. Click now before this limited time offer ends.
spam,Investment Opportunity,Earn guaranteed profits quickly with our exclusive investment opportunity. Sign up now.
ham,Project Update,Please find the project update attached. Let me know if you have any questions.
ham,Meeting Update,"Hi team, our meeting is scheduled for Friday at 10 AM. Please join on time."
spam,Free Money,You have been chosen to receive free money. Complete the verification process now.
spam,Congratulations Reward,Congratulations! Your account has qualified for a valuable reward. Claim it immediately.
ham,Team Reminder,Please remember to attend the team meeting tomorrow and review the agenda beforehand.
ham,Account Notice,Your account information was updated successfully. Contact support if you did not make this change.
spam,Free Money,You have been chosen to receive free money. Complete the verification process now.
ham,Meeting Update,"Hi team, our meeting is scheduled for Friday at 2 PM. Please join on time."
spam,Congratulations Reward,Congratulations! Your account has qualified for a valuable reward. Claim it immediately.
ham,Class Schedule,The class will begin at 2 PM on Monday. Please bring your notes and required materials.
ham,Travel Details,Your travel booking is confirmed. Please check the itinerary for the departure time and location.
spam,Special Bonus,You have received a special bonus. Click here to activate your reward before it expires.
spam,Special Bonus,You have received a special bonus. Click here to activate your reward before it expires.
spam,You Are a Winner,You are today's lucky winner! Claim your prize immediately before the offer expires.
ham,Library Reminder,The book you borrowed is due back on Tuesday. Please return it before the due date.
spam,Free Gift Waiting,A free gift is waiting for you. Confirm your details now to receive your reward.
spam,Urgent Account Alert,Your account will be suspended today. Verify your information immediately by clicking the link.
spam,Free Money,You have been chosen to receive free money. Complete the verification process now.
spam,Free Gift Waiting,A free gift is waiting for you. Confirm your details now to receive your reward.
ham,Assignment Reminder,This is a reminder that the assignment is due on Saturday. Please submit it before the deadline.
ham,Team Reminder,Please remember to attend the team meeting tomorrow and review the agenda beforehand.
ham,Feedback Request,We would appreciate your feedback about your recent experience. Thank you for your time.
ham,Team Reminder,Please remember to attend the team meeting tomorrow and review the agenda beforehand.
ham,Class Schedule,The class will begin at 4 PM on Thursday. Please bring your notes and required materials.
spam,Final Notice,Final notice: claim your cash reward now or your prize will be cancelled.
spam,Final Notice,Final notice: claim your cash reward now or your prize will be cancelled.
spam,Congratulations! You Won,Congratulations! You have won $1000! Click the link now to claim your prize.
ham,Account Notice,Your account information was updated successfully. Contact support if you did not make this change.
spam,Act Now,Urgent! This offer expires soon. Click the link to receive your bonus and reward.
spam,Urgent Account Alert,Your account will be suspended today. Verify your information immediately by clicking the link.
spam,Exclusive Prize,An exclusive prize has been reserved for you. Click now to claim it.
spam,Urgent Account Alert,Your account will be suspended today. Verify your information immediately by clicking the link.
spam,Exclusive Cash Offer,You are eligible to receive $10000 in free cash. Act now to claim your money.
spam,Free Gift Waiting,A free gift is waiting for you. Confirm your details now to receive your reward.
ham,Class Schedule,The class will begin at 3 PM on Monday. Please bring your notes and required materials.
spam,Urgent Account Alert,Your account will be suspended today. Verify your information immediately by clicking the link.
spam,Free Money,You have been chosen to receive free money. Complete the verification process now.
ham,Travel Details,Your travel booking is confirmed. Please check the itinerary for the departure time and location.
ham,Interview Schedule,Your interview has been scheduled for Thursday at 2 PM. Please confirm your availability.
spam,Claim Your Free Reward,You have been selected for a free reward. Claim it now before this limited offer expires.
spam,You Are a Winner,You are today's lucky winner! Claim your prize immediately before the offer expires.
ham,Subscription Renewal,Your subscription will renew on Saturday. You can manage your subscription from your account.
spam,Exclusive Prize,An exclusive prize has been reserved for you. Click now to claim it.
ham,Meeting Update,"Hi team, our meeting is scheduled for Wednesday at 4 PM. Please join on time."
spam,Claim Your Free Reward,You have been selected for a free reward. Claim it now before this limited offer expires.
spam,Act Now,Urgent! This offer expires soon. Click the link to receive your bonus and reward.
ham,Office Announcement,The office will remain open during normal working hours tomorrow.
ham,Document Request,Could you please send the requested document when you have time? Thank you.
ham,Interview Schedule,Your interview has been scheduled for Thursday at 11 AM. Please confirm your availability.
ham,Payment Receipt,Your payment of $500 has been received successfully. This email is your receipt.
spam,Final Notice,Final notice: claim your cash reward now or your prize will be cancelled.
spam,Special Bonus,You have received a special bonus. Click here to activate your reward before it expires.
ham,Payment Receipt,Your payment of $500 has been received successfully. This email is your receipt.
ham,Account Notice,Your account information was updated successfully. Contact support if you did not make this change.
spam,Final Notice,Final notice: claim your cash reward now or your prize will be cancelled.
ham,Office Announcement,The office will remain open during normal working hours tomorrow.
ham,Office Announcement,The office will remain open during normal working hours tomorrow.
ham,Team Reminder,Please remember to attend the team meeting tomorrow and review the agenda beforehand.
spam,Final Notice,Final notice: claim your cash reward now or your prize will be cancelled.
ham,Subscription Renewal,Your subscription will renew on Thursday. You can manage your subscription from your account.
ham,Feedback Request,We would appreciate your feedback about your recent experience. Thank you for your time.
ham,Project Update,Please find the project update attached. Let me know if you have any questions.
ham,Payment Receipt,Your payment of $500 has been received successfully. This email is your receipt.
ham,Project Update,Please find the project update attached. Let me know if you have any questions.
spam,Congratulations! You Won,Congratulations! You have won $50! Click the link now to claim your prize.
spam,You Are a Winner,You are today's lucky winner! Claim your prize immediately before the offer expires.
spam,Free Gift Waiting,A free gift is waiting for you. Confirm your details now to receive your reward.
ham,Travel Details,Your travel booking is confirmed. Please check the itinerary for the departure time and location.
ham,Meeting Update,"Hi team, our meeting is scheduled for Monday at 9 AM. Please join on time."
ham,Travel Details,Your travel booking is confirmed. Please check the itinerary for the departure time and location.
spam,Urgent Account Alert,Your account will be suspended today. Verify your information immediately by clicking the link.
ham,Feedback Request,We would appreciate your feedback about your recent experience. Thank you for your time.
spam,Free Gift Waiting,A free gift is waiting for you. Confirm your details now to receive your reward.
spam,Limited Time Offer,Get an exclusive discount and free bonus today. Click now before this limited time offer ends.
ham,Project Update,Please find the project update attached. Let me know if you have any questions.
ham,Library Reminder,The book you borrowed is due back on Thursday. Please return it before the due date.
spam,Free Gift Waiting,A free gift is waiting for you. Confirm your details now to receive your reward.
ham,Meeting Update,"Hi team, our meeting is scheduled for Tuesday at 4 PM. Please join on time."
ham,Office Announcement,The office will remain open during normal working hours tomorrow.
spam,Special Bonus,You have received a special bonus. Click here to activate your reward before it expires.
spam,Lottery Winner,Your email has been selected as a lottery winner. Contact us immediately to claim your cash prize.
ham,Payment Receipt,Your payment of $500 has been received successfully. This email is your receipt.
ham,Interview Schedule,Your interview has been scheduled for Saturday at 4 PM. Please confirm your availability.
ham,Account Notice,Your account information was updated successfully. Contact support if you did not make this change.
spam,Investment Opportunity,Earn guaranteed profits quickly with our exclusive investment opportunity. Sign up now.
spam,Investment Opportunity,Earn guaranteed profits quickly with our exclusive investment opportunity. Sign up now.
spam,Congratulations! You Won,Congratulations! You have won $1000! Click the link now to claim your prize.
spam,Congratulations! You Won,Congratulations! You have won $50! Click the link now to claim your prize.
spam,You Are a Winner,You are today's lucky winner! Claim your prize immediately before the offer expires.
spam,Exclusive Prize,An exclusive prize has been reserved for you. Click now to claim it.
ham,Meeting Update,"Hi team, our meeting is scheduled for Monday at 11 AM. Please join on time."
spam,Investment Opportunity,Earn guaranteed profits quickly with our exclusive investment opportunity. Sign up now.
ham,Assignment Reminder,This is a reminder that the assignment is due on Monday. Please submit it before the deadline.
ham,Team Reminder,Please remember to attend the team meeting tomorrow and review the agenda beforehand.
spam,Lottery Winner,Your email has been selected as a lottery winner. Contact us immediately to claim your cash prize.
ham,Subscription Renewal,Your subscription will renew on Tuesday. You can manage your subscription from your account.
ham,Library Reminder,The book you borrowed is due back on Monday. Please return it before the due date.
spam,Congratulations Reward,Congratulations! Your account has qualified for a valuable reward. Claim it immediately.
spam,You Are a Winner,You are today's lucky winner! Claim your prize immediately before the offer expires.
spam,Special Bonus,You have received a special bonus. Click here to activate your reward before it expires.
spam,Exclusive Prize,An exclusive prize has been reserved for you. Click now to claim it.
spam,Congratulations! You Won,Congratulations! You have won $10000! Click the link now to claim your prize.
ham,Travel Details,Your travel booking is confirmed. Please check the itinerary for the departure time and location.
spam,Exclusive Prize,An exclusive prize has been reserved for you. Click now to claim it.
ham,Payment Receipt,Your payment of $1000 has been received successfully. This email is your receipt.
spam,Special Bonus,You have received a special bonus. Click here to activate your reward before it expires.
ham,Project Update,Please find the project update attached. Let me know if you have any questions.
ham,Project Update,Please find the project update attached. Let me know if you have any questions.
ham,Account Notice,Your account information was updated successfully. Contact support if you did not make this change.
spam,Congratulations! You Won,Congratulations! You have won $1000! Click the link now to claim your prize.
ham,Project Update,Please find the project update attached. Let me know if you have any questions.
ham,Interview Schedule,Your interview has been scheduled for Saturday at 9 AM. Please confirm your availability.
ham,Travel Details,Your travel booking is confirmed. Please check the itinerary for the departure time and location.
ham,Payment Receipt,Your payment of $250 has been received successfully. This email is your receipt.
ham,Payment Receipt,Your payment of $250 has been received successfully. This email is your receipt.
spam,Investment Opportunity,Earn guaranteed profits quickly with our exclusive investment opportunity. Sign up now.
ham,Project Update,Please find the project update attached. Let me know if you have any questions.
spam,Congratulations Reward,Congratulations! Your account has qualified for a valuable reward. Claim it immediately.
ham,Office Announcement,The office will remain open during normal working hours tomorrow.
ham,Payment Receipt,Your payment of $1000 has been received successfully. This email is your receipt.
ham,Class Schedule,The class will begin at 11 AM on Monday. Please bring your notes and required materials.
spam,Urgent Account Alert,Your account will be suspended today. Verify your information immediately by clicking the link.
spam,Urgent Account Alert,Your account will be suspended today. Verify your information immediately by clicking the link.
spam,Final Notice,Final notice: claim your cash reward now or your prize will be cancelled.
ham,Team Reminder,Please remember to attend the team meeting tomorrow and review the agenda beforehand.
spam,You Are a Winner,You are today's lucky winner! Claim your prize immediately before the offer expires.
ham,Payment Receipt,Your payment of $1000 has been received successfully. This email is your receipt.
ham,Document Request,Could you please send the requested document when you have time? Thank you.
ham,Library Reminder,The book you borrowed is due back on Wednesday. Please return it before the due date.
spam,Investment Opportunity,Earn guaranteed profits quickly with our exclusive investment opportunity. Sign up now.
spam,Exclusive Cash Offer,You are eligible to receive $100 in free cash. Act now to claim your money.
ham,Order Confirmation,Your order has been confirmed and will be delivered by Friday. Thank you for shopping with us.
spam,Final Notice,Final notice: claim your cash reward now or your prize will be cancelled.
spam,Lottery Winner,Your email has been selected as a lottery winner. Contact us immediately to claim your cash prize.
spam,Congratulations Reward,Congratulations! Your account has qualified for a valuable reward. Claim it immediately.
spam,Limited Time Offer,Get an exclusive discount and free bonus today. Click now before this limited time offer ends.
spam,Final Notice,Final notice: claim your cash reward now or your prize will be cancelled.
ham,Team Reminder,Please remember to attend the team meeting tomorrow and review the agenda beforehand.
ham,Project Update,Please find the project update attached. Let me know if you have any questions.
spam,Investment Opportunity,Earn guaranteed profits quickly with our exclusive investment opportunity. Sign up now.
spam,Final Notice,Final notice: claim your cash reward now or your prize will be cancelled.
ham,Assignment Reminder,This is a reminder that the assignment is due on Saturday. Please submit it before the deadline.
spam,Free Money,You have been chosen to receive free money. Complete the verification process now.
ham,Travel Details,Your travel booking is confirmed. Please check the itinerary for the departure time and location.
ham,Library Reminder,The book you borrowed is due back on Monday. Please return it before the due date.
ham,Payment Receipt,Your payment of $500 has been received successfully. This email is your receipt.
ham,Project Update,Please find the project update attached. Let me know if you have any questions.
ham,Team Reminder,Please remember to attend the team meeting tomorrow and review the agenda beforehand.
spam,Lottery Winner,Your email has been selected as a lottery winner. Contact us immediately to claim your cash prize.
spam,Act Now,Urgent! This offer expires soon. Click the link to receive your bonus and reward.
ham,Subscription Renewal,Your subscription will renew on Saturday. You can manage your subscription from your account.
spam,Act Now,Urgent! This offer expires soon. Click the link to receive your bonus and reward.
spam,Congratulations Reward,Congratulations! Your account has qualified for a valuable reward. Claim it immediately.
ham,Project Update,Please find the project update attached. Let me know if you have any questions.
ham,Library Reminder,The book you borrowed is due back on Friday. Please return it before the due date.
spam,Exclusive Prize,An exclusive prize has been reserved for you. Click now to claim it.
ham,Interview Schedule,Your interview has been scheduled for Monday at 3 PM. Please confirm your availability.
spam,Final Notice,Final notice: claim your cash reward now or your prize will be cancelled.
spam,Congratulations Reward,Congratulations! Your account has qualified for a valuable reward. Claim it immediately.
ham,Feedback Request,We would appreciate your feedback about your recent experience. Thank you for your time.
spam,Limited Time Offer,Get an exclusive discount and free bonus today. Click now before this limited time offer ends.
spam,Limited Time Offer,Get an exclusive discount and free bonus today. Click now before this limited time offer ends.
ham,Order Confirmation,Your order has been confirmed and will be delivered by Wednesday. Thank you for shopping with us.
ham,Payment Receipt,Your payment of $50 has been received successfully. This email is your receipt.
ham,Interview Schedule,Your interview has been scheduled for Friday at 3 PM. Please confirm your availability.
ham,Account Notice,Your account information was updated successfully. Contact support if you did not make this change.
spam,Congratulations! You Won,Congratulations! You have won $10000! Click the link now to claim your prize.
ham,Account Notice,Your account information was updated successfully. Contact support if you did not make this change.
ham,Assignment Reminder,This is a reminder that the assignment is due on Friday. Please submit it before the deadline.
spam,Final Notice,Final notice: claim your cash reward now or your prize will be cancelled.
ham,Account Notice,Your account information was updated successfully. Contact support if you did not make this change.
ham,Project Update,Please find the project update attached. Let me know if you have any questions.
ham,Meeting Update,"Hi team, our meeting is scheduled for Monday at 3 PM. Please join on time."
spam,Free Gift Waiting,A free gift is waiting for you. Confirm your details now to receive your reward.
spam,You Are a Winner,You are today's lucky winner! Claim your prize immediately before the offer expires.
ham,Order Confirmation,Your order has been confirmed and will be delivered by Friday. Thank you for shopping with us.
spam,Investment Opportunity,Earn guaranteed profits quickly with our exclusive investment opportunity. Sign up now.
ham,Meeting Update,"Hi team, our meeting is scheduled for Monday at 3 PM. Please join on time."
spam,Free Money,You have been chosen to receive free money. Complete the verification process now.
ham,Project Update,Please find the project update attached. Let me know if you have any questions.
spam,Free Gift Waiting,A free gift is waiting for you. Confirm your details now to receive your reward.
spam,Free Money,You have been chosen to receive free money. Complete the verification process now.
spam,Free Money,You have been chosen to receive free money. Complete the verification process now.
spam,Investment Opportunity,Earn guaranteed profits quickly with our exclusive investment opportunity. Sign up now.
ham,Payment Receipt,Your payment of $500 has been received successfully. This email is your receipt.
ham,Project Update,Please find the project update attached. Let me know if you have any questions.
ham,Document Request,Could you please send the requested document when you have time? Thank you.
ham,Library Reminder,The book you borrowed is due back on Thursday. Please return it before the due date.
ham,Travel Details,Your travel booking is confirmed. Please check the itinerary for the departure time and location.
ham,Library Reminder,The book you borrowed is due back on Saturday. Please return it before the due date.
ham,Assignment Reminder,This is a reminder that the assignment is due on Monday. Please submit it before the deadline.
spam,Free Money,You have been chosen to receive free money. Complete the verification process now.
ham,Subscription Renewal,Your subscription will renew on Tuesday. You can manage your subscription from your account.
spam,Exclusive Cash Offer,You are eligible to receive $50 in free cash. Act now to claim your money.
spam,Congratulations Reward,Congratulations! Your account has qualified for a valuable reward. Claim it immediately.
spam,Free Gift Waiting,A free gift is waiting for you. Confirm your details now to receive your reward.
spam,You Are a Winner,You are today's lucky winner! Claim your prize immediately before the offer expires.
ham,Travel Details,Your travel booking is confirmed. Please check the itinerary for the departure time and location.
spam,Exclusive Prize,An exclusive prize has been reserved for you. Click now to claim it.
spam,Congratulations! You Won,Congratulations! You have won $1000! Click the link now to claim your prize.
spam,Limited Time Offer,Get an exclusive discount and free bonus today. Click now before this limited time offer ends.
ham,Class Schedule,The class will begin at 2 PM on Thursday. Please bring your notes and required materials.
ham,Interview Schedule,Your interview has been scheduled for Thursday at 3 PM. Please confirm your availability.
ham,Project Update,Please find the project update attached. Let me know if you have any questions.
ham,Interview Schedule,Your interview has been scheduled for Saturday at 3 PM. Please confirm your availability.
ham,Document Request,Could you please send the requested document when you have time? Thank you.
ham,Team Reminder,Please remember to attend the team meeting tomorrow and review the agenda beforehand.
ham,Library Reminder,The book you borrowed is due back on Tuesday. Please return it before the due date.
spam,Congratulations Reward,Congratulations! Your account has qualified for a valuable reward. Claim it immediately.
ham,Assignment Reminder,This is a reminder that the assignment is due on Thursday. Please submit it before the deadline.
spam,Investment Opportunity,Earn guaranteed profits quickly with our exclusive investment opportunity. Sign up now.
ham,Interview Schedule,Your interview has been scheduled for Monday at 10 AM. Please confirm your availability.
spam,Free Money,You have been chosen to receive free money. Complete the verification process now.
spam,Exclusive Prize,An exclusive prize has been reserved for you. Click now to claim it.
ham,Class Schedule,The class will begin at 10 AM on Thursday. Please bring your notes and required materials.
spam,Exclusive Prize,An exclusive prize has been reserved for you. Click now to claim it.
spam,Free Gift Waiting,A free gift is waiting for you. Confirm your details now to receive your reward.
ham,Library Reminder,The book you borrowed is due back on Tuesday. Please return it before the due date.
ham,Account Notice,Your account information was updated successfully. Contact support if you did not make this change.
ham,Project Update,Please find the project update attached. Let me know if you have any questions.
spam,Free Gift Waiting,A free gift is waiting for you. Confirm your details now to receive your reward.
spam,You Are a Winner,You are today's lucky winner! Claim your prize immediately before the offer expires.
ham,Subscription Renewal,Your subscription will renew on Thursday. You can manage your subscription from your account.
ham,Subscription Renewal,Your subscription will renew on Monday. You can manage your subscription from your account.
spam,Claim Your Free Reward,You have been selected for a free reward. Claim it now before this limited offer expires.
ham,Travel Details,Your travel booking is confirmed. Please check the itinerary for the departure time and location.
spam,Exclusive Cash Offer,You are eligible to receive $5000 in free cash. Act now to claim your money.
ham,Feedback Request,We would appreciate your feedback about your recent experience. Thank you for your time.
ham,Travel Details,Your travel booking is confirmed. Please check the itinerary for the departure time and location.
spam,Congratulations! You Won,Congratulations! You have won $10000! Click the link now to claim your prize.
ham,Team Reminder,Please remember to attend the team meeting tomorrow and review the agenda beforehand.
ham,Assignment Reminder,This is a reminder that the assignment is due on Tuesday. Please submit it before the deadline.
spam,Exclusive Prize,An exclusive prize has been reserved for you. Click now to claim it.
ham,Meeting Update,"Hi team, our meeting is scheduled for Wednesday at 11 AM. Please join on time."
spam,Free Money,You have been chosen to receive free money. Complete the verification process now.
ham,Office Announcement,The office will remain open during normal working hours tomorrow.
spam,Act Now,Urgent! This offer expires soon. Click the link to receive your bonus and reward.
spam,Special Bonus,You have received a special bonus. Click here to activate your reward before it expires.
spam,Final Notice,Final notice: claim your cash reward now or your prize will be cancelled.
ham,Feedback Request,We would appreciate your feedback about your recent experience. Thank you for your time.
spam,Congratulations Reward,Congratulations! Your account has qualified for a valuable reward. Claim it immediately.
spam,Claim Your Free Reward,You have been selected for a free reward. Claim it now before this limited offer expires.
ham,Travel Details,Your travel booking is confirmed. Please check the itinerary for the departure time and location.
spam,Exclusive Prize,An exclusive prize has been reserved for you. Click now to claim it.
ham,Document Request,Could you please send the requested document when you have time? Thank you.
ham,Office Announcement,The office will remain open during normal working hours tomorrow.
ham,Document Request,Could you please send the requested document when you have time? Thank you.
ham,Interview Schedule,Your interview has been scheduled for Friday at 10 AM. Please confirm your availability.
ham,Order Confirmation,Your order has been confirmed and will be delivered by Saturday. Thank you for shopping with us.
spam,Exclusive Cash Offer,You are eligible to receive $10000 in free cash. Act now to claim your money.
ham,Project Update,Please find the project update attached. Let me know if you have any questions.
ham,Library Reminder,The book you borrowed is due back on Thursday. Please return it before the due date.
ham,Office Announcement,The office will remain open during normal working hours tomorrow.
spam,Exclusive Cash Offer,You are eligible to receive $100 in free cash. Act now to claim your money.
ham,Meeting Update,"Hi team, our meeting is scheduled for Friday at 2 PM. Please join on time."
ham,Subscription Renewal,Your subscription will renew on Tuesday. You can manage your subscription from your account.
spam,Limited Time Offer,Get an exclusive discount and free bonus today. Click now before this limited time offer ends.
ham,Subscription Renewal,Your subscription will renew on Friday. You can manage your subscription from your account.
spam,Exclusive Prize,An exclusive prize has been reserved for you. Click now to claim it.
spam,Urgent Account Alert,Your account will be suspended today. Verify your information immediately by clicking the link.
ham,Office Announcement,The office will remain open during normal working hours tomorrow.
ham,Team Reminder,Please remember to attend the team meeting tomorrow and review the agenda beforehand.
spam,Urgent Account Alert,Your account will be suspended today. Verify your information immediately by clicking the link.
spam,Final Notice,Final notice: claim your cash reward now or your prize will be cancelled.
ham,Payment Receipt,Your payment of $10000 has been received successfully. This email is your receipt.
ham,Interview Schedule,Your interview has been scheduled for Wednesday at 11 AM. Please confirm your availability.
ham,Interview Schedule,Your interview has been scheduled for Saturday at 4 PM. Please confirm your availability.
spam,Act Now,Urgent! This offer expires soon. Click the link to receive your bonus and reward.
ham,Class Schedule,The class will begin at 2 PM on Monday. Please bring your notes and required materials.
ham,Office Announcement,The office will remain open during normal working hours tomorrow.
ham,Account Notice,Your account information was updated successfully. Contact support if you did not make this change.
spam,Congratulations! You Won,Congratulations! You have won $100! Click the link now to claim your prize.
ham,Team Reminder,Please remember to attend the team meeting tomorrow and review the agenda beforehand.
spam,Congratulations Reward,Congratulations! Your account has qualified for a valuable reward. Claim it immediately.
spam,Congratulations! You Won,Congratulations! You have won $500! Click the link now to claim your prize.
spam,Congratulations Reward,Congratulations! Your account has qualified for a valuable reward. Claim it immediately.
spam,You Are a Winner,You are today's lucky winner! Claim your prize immediately before the offer expires.
spam,Free Gift Waiting,A free gift is waiting for you. Confirm your details now to receive your reward.
ham,Assignment Reminder,This is a reminder that the assignment is due on Thursday. Please submit it before the deadline.
spam,You Are a Winner,You are today's lucky winner! Claim your prize immediately before the offer expires.
spam,Free Money,You have been chosen to receive free money. Complete the verification process now.
spam,Congratulations! You Won,Congratulations! You have won $1000! Click the link now to claim your prize.
ham,Team Reminder,Please remember to attend the team meeting tomorrow and review the agenda beforehand.
spam,Urgent Account Alert,Your account will be suspended today. Verify your information immediately by clicking the link.
ham,Meeting Update,"Hi team, our meeting is scheduled for Friday at 2 PM. Please join on time."
ham,Payment Receipt,Your payment of $50 has been received successfully. This email is your receipt.
spam,Exclusive Prize,An exclusive prize has been reserved for you. Click now to claim it.
spam,Act Now,Urgent! This offer expires soon. Click the link to receive your bonus and reward.
spam,Exclusive Cash Offer,You are eligible to receive $10000 in free cash. Act now to claim your money.
ham,Account Notice,Your account information was updated successfully. Contact support if you did not make this change.
spam,Congratulations Reward,Congratulations! Your account has qualified for a valuable reward. Claim it immediately.
spam,Urgent Account Alert,Your account will be suspended today. Verify your information immediately by clicking the link.
ham,Payment Receipt,Your payment of $100 has been received successfully. This email is your receipt.
spam,Congratulations! You Won,Congratulations! You have won $250! Click the link now to claim your prize.
spam,Investment Opportunity,Earn guaranteed profits quickly with our exclusive investment opportunity. Sign up now.
spam,Congratulations! You Won,Congratulations! You have won $1000! Click the link now to claim your prize.
ham,Feedback Request,We would appreciate your feedback about your recent experience. Thank you for your time.
ham,Account Notice,Your account information was updated successfully. Contact support if you did not make this change.
ham,Interview Schedule,Your interview has been scheduled for Thursday at 10 AM. Please confirm your availability.
spam,Free Gift Waiting,A free gift is waiting for you. Confirm your details now to receive your reward.
ham,Payment Receipt,Your payment of $50 has been received successfully. This email is your receipt.
spam,Urgent Account Alert,Your account will be suspended today. Verify your information immediately by clicking the link.
ham,Feedback Request,We would appreciate your feedback about your recent experience. Thank you for your time.
spam,Investment Opportunity,Earn guaranteed profits quickly with our exclusive investment opportunity. Sign up now.
spam,Free Gift Waiting,A free gift is waiting for you. Confirm your details now to receive your reward.
ham,Meeting Update,"Hi team, our meeting is scheduled for Friday at 4 PM. Please join on time."
ham,Class Schedule,The class will begin at 10 AM on Saturday. Please bring your notes and required materials.
spam,Final Notice,Final notice: claim your cash reward now or your prize will be cancelled.
ham,Interview Schedule,Your interview has been scheduled for Wednesday at 10 AM. Please confirm your availability.
spam,Free Money,You have been chosen to receive free money. Complete the verification process now.
spam,Claim Your Free Reward,You have been selected for a free reward. Claim it now before this limited offer expires.
ham,Subscription Renewal,Your subscription will renew on Monday. You can manage your subscription from your account.
ham,Office Announcement,The office will remain open during normal working hours tomorrow.
ham,Payment Receipt,Your payment of $50 has been received successfully. This email is your receipt.
ham,Meeting Update,"Hi team, our meeting is scheduled for Tuesday at 10 AM. Please join on time."
ham,Library Reminder,The book you borrowed is due back on Monday. Please return it before the due date.
ham,Feedback Request,We would appreciate your feedback about your recent experience. Thank you for your time.
ham,Document Request,Could you please send the requested document when you have time? Thank you.
spam,Act Now,Urgent! This offer expires soon. Click the link to receive your bonus and reward.
ham,Feedback Request,We would appreciate your feedback about your recent experience. Thank you for your time.
spam,Special Bonus,You have received a special bonus. Click here to activate your reward before it expires.
spam,Exclusive Prize,An exclusive prize has been reserved for you. Click now to claim it.
spam,Congratulations! You Won,Congratulations! You have won $1000! Click the link now to claim your prize.
ham,Office Announcement,The office will remain open during normal working hours tomorrow.
spam,Final Notice,Final notice: claim your cash reward now or your prize will be cancelled.
spam,Congratulations! You Won,Congratulations! You have won $50! Click the link now to claim your prize.
spam,Claim Your Free Reward,You have been selected for a free reward. Claim it now before this limited offer expires.
ham,Office Announcement,The office will remain open during normal working hours tomorrow.
ham,Team Reminder,Please remember to attend the team meeting tomorrow and review the agenda beforehand.
ham,Document Request,Could you please send the requested document when you have time? Thank you.
ham,Document Request,Could you please send the requested document when you have time? Thank you.
spam,Exclusive Cash Offer,You are eligible to receive $5000 in free cash. Act now to claim your money.
ham,Subscription Renewal,Your subscription will renew on Saturday. You can manage your subscription from your account.
ham,Payment Receipt,Your payment of $10000 has been received successfully. This email is your receipt.
spam,Special Bonus,You have received a special bonus. Click here to activate your reward before it expires.
spam,Congratulations! You Won,Congratulations! You have won $500! Click the link now to claim your prize.
ham,Subscription Renewal,Your subscription will renew on Monday. You can manage your subscription from your account.
spam,Exclusive Cash Offer,You are eligible to receive $100 in free cash. Act now to claim your money.
spam,Exclusive Prize,An exclusive prize has been reserved for you. Click now to claim it.
spam,Special Bonus,You have received a special bonus. Click here to activate your reward before it expires.
spam,You Are a Winner,You are today's lucky winner! Claim your prize immediately before the offer expires.
ham,Interview Schedule,Your interview has been scheduled for Monday at 9 AM. Please confirm your availability.
spam,Lottery Winner,Your email has been selected as a lottery winner. Contact us immediately to claim your cash prize.
spam,Investment Opportunity,Earn guaranteed profits quickly with our exclusive investment opportunity. Sign up now.
ham,Assignment Reminder,This is a reminder that the assignment is due on Wednesday. Please submit it before the deadline.
ham,Account Notice,Your account information was updated successfully. Contact support if you did not make this change.
spam,Free Gift Waiting,A free gift is waiting for you. Confirm your details now to receive your reward.
ham,Assignment Reminder,This is a reminder that the assignment is due on Wednesday. Please submit it before the deadline.
ham,Class Schedule,The class will begin at 9 AM on Thursday. Please bring your notes and required materials.
ham,Library Reminder,The book you borrowed is due back on Saturday. Please return it before the due date.
spam,You Are a Winner,You are today's lucky winner! Claim your prize immediately before the offer expires.
spam,Lottery Winner,Your email has been selected as a lottery winner. Contact us immediately to claim your cash prize.
ham,Order Confirmation,Your order has been confirmed and will be delivered by Wednesday. Thank you for shopping with us.
ham,Order Confirmation,Your order has been confirmed and will be delivered by Saturday. Thank you for shopping with us.
spam,Special Bonus,You have received a special bonus. Click here to activate your reward before it expires.
spam,Investment Opportunity,Earn guaranteed profits quickly with our exclusive investment opportunity. Sign up now.
ham,Travel Details,Your travel booking is confirmed. Please check the itinerary for the departure time and location.
ham,Assignment Reminder,This is a reminder that the assignment is due on Wednesday. Please submit it before the deadline.
spam,Investment Opportunity,Earn guaranteed profits quickly with our exclusive investment opportunity. Sign up now.
spam,Free Money,You have been chosen to receive free money. Complete the verification process now.
ham,Team Reminder,Please remember to attend the team meeting tomorrow and review the agenda beforehand.
ham,Order Confirmation,Your order has been confirmed and will be delivered by Friday. Thank you for shopping with us.
spam,Free Money,You have been chosen to receive free money. Complete the verification process now.
ham,Travel Details,Your travel booking is confirmed. Please check the itinerary for the departure time and location.
spam,Final Notice,Final notice: claim your cash reward now or your prize will be cancelled.
ham,Order Confirmation,Your order has been confirmed and will be delivered by Saturday. Thank you for shopping with us.
ham,Travel Details,Your travel booking is confirmed. Please check the itinerary for the departure time and location.
ham,Subscription Renewal,Your subscription will renew on Wednesday. You can manage your subscription from your account.
ham,Office Announcement,The office will remain open during normal working hours tomorrow.
spam,Limited Time Offer,Get an exclusive discount and free bonus today. Click now before this limited time offer ends.
spam,You Are a Winner,You are today's lucky winner! Claim your prize immediately before the offer expires.
ham,Payment Receipt,Your payment of $1000 has been received successfully. This email is your receipt.
ham,Order Confirmation,Your order has been confirmed and will be delivered by Thursday. Thank you for shopping with us.
ham,Assignment Reminder,This is a reminder that the assignment is due on Wednesday. Please submit it before the deadline.
spam,Limited Time Offer,Get an exclusive discount and free bonus today. Click now before this limited time offer ends.
spam,Congratulations Reward,Congratulations! Your account has qualified for a valuable reward. Claim it immediately.
ham,Class Schedule,The class will begin at 10 AM on Monday. Please bring your notes and required materials.
ham,Subscription Renewal,Your subscription will renew on Thursday. You can manage your subscription from your account.
ham,Assignment Reminder,This is a reminder that the assignment is due on Monday. Please submit it before the deadline.
spam,Lottery Winner,Your email has been selected as a lottery winner. Contact us immediately to claim your cash prize.
ham,Class Schedule,The class will begin at 2 PM on Friday. Please bring your notes and required materials.
spam,Congratulations! You Won,Congratulations! You have won $250! Click the link now to claim your prize.
ham,Feedback Request,We would appreciate your feedback about your recent experience. Thank you for your time.
ham,Library Reminder,The book you borrowed is due back on Monday. Please return it before the due date.
spam,Final Notice,Final notice: claim your cash reward now or your prize will be cancelled.
spam,Congratulations Reward,Congratulations! Your account has qualified for a valuable reward. Claim it immediately.
ham,Team Reminder,Please remember to attend the team meeting tomorrow and review the agenda beforehand.
spam,Free Money,You have been chosen to receive free money. Complete the verification process now.
ham,Travel Details,Your travel booking is confirmed. Please check the itinerary for the departure time and location.
ham,Travel Details,Your travel booking is confirmed. Please check the itinerary for the departure time and location.
ham,Feedback Request,We would appreciate your feedback about your recent experience. Thank you for your time.
ham,Meeting Update,"Hi team, our meeting is scheduled for Tuesday at 10 AM. Please join on time."
ham,Office Announcement,The office will remain open during normal working hours tomorrow.
ham,Meeting Update,"Hi team, our meeting is scheduled for Friday at 11 AM. Please join on time."
spam,Exclusive Prize,An exclusive prize has been reserved for you. Click now to claim it.
spam,Free Money,You have been chosen to receive free money. Complete the verification process now.
spam,Investment Opportunity,Earn guaranteed profits quickly with our exclusive investment opportunity. Sign up now.
ham,Meeting Update,"Hi team, our meeting is scheduled for Friday at 10 AM. Please join on time."
spam,Act Now,Urgent! This offer expires soon. Click the link to receive your bonus and reward.
spam,Congratulations Reward,Congratulations! Your account has qualified for a valuable reward. Claim it immediately.
spam,Final Notice,Final notice: claim your cash reward now or your prize will be cancelled.
spam,Exclusive Prize,An exclusive prize has been reserved for you. Click now to claim it.
ham,Project Update,Please find the project update attached. Let me know if you have any questions.
spam,Exclusive Cash Offer,You are eligible to receive $10000 in free cash. Act now to claim your money.
spam,Congratulations! You Won,Congratulations! You have won $50! Click the link now to claim your prize.
spam,Limited Time Offer,Get an exclusive discount and free bonus today. Click now before this limited time offer ends.
spam,Exclusive Prize,An exclusive prize has been reserved for you. Click now to claim it.
spam,Exclusive Prize,An exclusive prize has been reserved for you. Click now to claim it.
ham,Subscription Renewal,Your subscription will renew on Monday. You can manage your subscription from your account.
spam,Limited Time Offer,Get an exclusive discount and free bonus today. Click now before this limited time offer ends.
spam,Exclusive Prize,An exclusive prize has been reserved for you. Click now to claim it.
spam,Congratulations Reward,Congratulations! Your account has qualified for a valuable reward. Claim it immediately.
ham,Subscription Renewal,Your subscription will renew on Monday. You can manage your subscription from your account.
ham,Office Announcement,The office will remain open during normal working hours tomorrow.
spam,Claim Your Free Reward,You have been selected for a free reward. Claim it now before this limited offer expires.
spam,Claim Your Free Reward,You have been selected for a free reward. Claim it now before this limited offer expires.
ham,Project Update,Please find the project update attached. Let me know if you have any questions.
spam,Congratulations! You Won,Congratulations! You have won $50! Click the link now to claim your prize.
spam,Special Bonus,You have received a special bonus. Click here to activate your reward before it expires.
spam,Lottery Winner,Your email has been selected as a lottery winner. Contact us immediately to claim your cash prize.
spam,Urgent Account Alert,Your account will be suspended today. Verify your information immediately by clicking the link.
ham,Payment Receipt,Your payment of $100 has been received successfully. This email is your receipt.
spam,Congratulations! You Won,Congratulations! You have won $500! Click the link now to claim your prize.
spam,Act Now,Urgent! This offer expires soon. Click the link to receive your bonus and reward.
spam,You Are a Winner,You are today's lucky winner! Claim your prize immediately before the offer expires.
spam,Exclusive Cash Offer,You are eligible to receive $500 in free cash. Act now to claim your money.
ham,Class Schedule,The class will begin at 2 PM on Tuesday. Please bring your notes and required materials.
spam,Act Now,Urgent! This offer expires soon. Click the link to receive your bonus and reward.
ham,Office Announcement,The office will remain open during normal working hours tomorrow.
ham,Feedback Request,We would appreciate your feedback about your recent experience. Thank you for your time.
ham,Project Update,Please find the project update attached. Let me know if you have any questions.
ham,Payment Receipt,Your payment of $500 has been received successfully. This email is your receipt.
spam,Exclusive Prize,An exclusive prize has been reserved for you. Click now to claim it.
spam,Urgent Account Alert,Your account will be suspended today. Verify your information immediately by clicking the link.
spam,Exclusive Cash Offer,You are eligible to receive $250 in free cash. Act now to claim your money.
ham,Office Announcement,The office will remain open during normal working hours tomorrow.
ham,Office Announcement,The office will remain open during normal working hours tomorrow.
spam,Free Gift Waiting,A free gift is waiting for you. Confirm your details now to receive your reward.
ham,Assignment Reminder,This is a reminder that the assignment is due on Saturday. Please submit it before the deadline.
ham,Meeting Update,"Hi team, our meeting is scheduled for Monday at 9 AM. Please join on time."
ham,Class Schedule,The class will begin at 3 PM on Saturday. Please bring your notes and required materials.
spam,Urgent Account Alert,Your account will be suspended today. Verify your information immediately by clicking the link.
spam,Claim Your Free Reward,You have been selected for a free reward. Claim it now before this limited offer expires.
spam,Urgent Account Alert,Your account will be suspended today. Verify your information immediately by clicking the link.
spam,Free Money,You have been chosen to receive free money. Complete the verification process now.
ham,Document Request,Could you please send the requested document when you have time? Thank you.
spam,Urgent Account Alert,Your account will be suspended today. Verify your information immediately by clicking the link.
spam,Investment Opportunity,Earn guaranteed profits quickly with our exclusive investment opportunity. Sign up now.
ham,Subscription Renewal,Your subscription will renew on Friday. You can manage your subscription from your account.
spam,Free Money,You have been chosen to receive free money. Complete the verification process now.
ham,Subscription Renewal,Your subscription will renew on Saturday. You can manage your subscription from your account.
spam,Special Bonus,You have received a special bonus. Click here to activate your reward before it expires.
ham,Library Reminder,The book you borrowed is due back on Monday. Please return it before the due date.
spam,Congratulations Reward,Congratulations! Your account has qualified for a valuable reward. Claim it immediately.
spam,Act Now,Urgent! This offer expires soon. Click the link to receive your bonus and reward.
ham,Feedback Request,We would appreciate your feedback about your recent experience. Thank you for your time.
ham,Assignment Reminder,This is a reminder that the assignment is due on Wednesday. Please submit it before the deadline.
ham,Payment Receipt,Your payment of $5000 has been received successfully. This email is your receipt.
ham,Assignment Reminder,This is a reminder that the assignment is due on Tuesday. Please submit it before the deadline.
spam,Special Bonus,You have received a special bonus. Click here to activate your reward before it expires.
spam,You Are a Winner,You are today's lucky winner! Claim your prize immediately before the offer expires.
ham,Order Confirmation,Your order has been confirmed and will be delivered by Friday. Thank you for shopping with us.
ham,Team Reminder,Please remember to attend the team meeting tomorrow and review the agenda beforehand.
ham,Class Schedule,The class will begin at 3 PM on Wednesday. Please bring your notes and required materials.
ham,Account Notice,Your account information was updated successfully. Contact support if you did not make this change.
spam,Limited Time Offer,Get an exclusive discount and free bonus today. Click now before this limited time offer ends.
spam,Free Money,You have been chosen to receive free money. Complete the verification process now.
ham,Interview Schedule,Your interview has been scheduled for Thursday at 4 PM. Please confirm your availability.
ham,Project Update,Please find the project update attached. Let me know if you have any questions.
ham,Feedback Request,We would appreciate your feedback about your recent experience. Thank you for your time.
spam,Exclusive Prize,An exclusive prize has been reserved for you. Click now to claim it.
ham,Office Announcement,The office will remain open during normal working hours tomorrow.
ham,Class Schedule,The class will begin at 3 PM on Wednesday. Please bring your notes and required materials.
ham,Project Update,Please find the project update attached. Let me know if you have any questions.
spam,Limited Time Offer,Get an exclusive discount and free bonus today. Click now before this limited time offer ends.
spam,You Are a Winner,You are today's lucky winner! Claim your prize immediately before the offer expires.
ham,Class Schedule,The class will begin at 11 AM on Saturday. Please bring your notes and required materials.
ham,Office Announcement,The office will remain open during normal working hours tomorrow.
spam,Claim Your Free Reward,You have been selected for a free reward. Claim it now before this limited offer expires.
ham,Subscription Renewal,Your subscription will renew on Saturday. You can manage your subscription from your account.
ham,Team Reminder,Please remember to attend the team meeting tomorrow and review the agenda beforehand.
spam,Free Money,You have been chosen to receive free money. Complete the verification process now.
spam,Urgent Account Alert,Your account will be suspended today. Verify your information immediately by clicking the link.
ham,Document Request,Could you please send the requested document when you have time? Thank you.
ham,Document Request,Could you please send the requested document when you have time? Thank you.
spam,Claim Your Free Reward,You have been selected for a free reward. Claim it now before this limited offer expires.
spam,Congratulations! You Won,Congratulations! You have won $100! Click the link now to claim your prize.
spam,Congratulations! You Won,Congratulations! You have won $250! Click the link now to claim your prize.
ham,Project Update,Please find the project update attached. Let me know if you have any questions.
ham,Project Update,Please find the project update attached. Let me know if you have any questions.
ham,Payment Receipt,Your payment of $50 has been received successfully. This email is your receipt.
spam,Final Notice,Final notice: claim your cash reward now or your prize will be cancelled.
spam,Exclusive Cash Offer,You are eligible to receive $10000 in free cash. Act now to claim your money.
ham,Order Confirmation,Your order has been confirmed and will be delivered by Tuesday. Thank you for shopping with us.
spam,Investment Opportunity,Earn guaranteed profits quickly with our exclusive investment opportunity. Sign up now.
spam,Investment Opportunity,Earn guaranteed profits quickly with our exclusive investment opportunity. Sign up now.
ham,Assignment Reminder,This is a reminder that the assignment is due on Tuesday. Please submit it before the deadline.
spam,Limited Time Offer,Get an exclusive discount and free bonus today. Click now before this limited time offer ends.
spam,Congratulations! You Won,Congratulations! You have won $250! Click the link now to claim your prize.
spam,Claim Your Free Reward,You have been selected for a free reward. Claim it now before this limited offer expires.
spam,Special Bonus,You have received a special bonus. Click here to activate your reward before it expires.
ham,Library Reminder,The book you borrowed is due back on Thursday. Please return it before the due date.
spam,Claim Your Free Reward,You have been selected for a free reward. Claim it now before this limited offer expires.
ham,Payment Receipt,Your payment of $5000 has been received successfully. This email is your receipt.
ham,Library Reminder,The book you borrowed is due back on Saturday. Please return it before the due date.
ham,Office Announcement,The office will remain open during normal working hours tomorrow.
ham,Interview Schedule,Your interview has been scheduled for Wednesday at 4 PM. Please confirm your availability.
spam,Free Gift Waiting,A free gift is waiting for you. Confirm your details now to receive your reward.
ham,Order Confirmation,Your order has been confirmed and will be delivered by Friday. Thank you for shopping with us.
spam,Special Bonus,You have received a special bonus. Click here to activate your reward before it expires.
ham,Project Update,Please find the project update attached. Let me know if you have any questions.
ham,Library Reminder,The book you borrowed is due back on Monday. Please return it before the due date.
spam,Special Bonus,You have received a special bonus. Click here to activate your reward before it expires.
spam,Free Gift Waiting,A free gift is waiting for you. Confirm your details now to receive your reward.
ham,Assignment Reminder,This is a reminder that the assignment is due on Wednesday. Please submit it before the deadline.
spam,Urgent Account Alert,Your account will be suspended today. Verify your information immediately by clicking the link.
spam,Free Money,You have been chosen to receive free money. Complete the verification process now.
ham,Assignment Reminder,This is a reminder that the assignment is due on Saturday. Please submit it before the deadline.
spam,Special Bonus,You have received a special bonus. Click here to activate your reward before it expires.
ham,Assignment Reminder,This is a reminder that the assignment is due on Tuesday. Please submit it before the deadline.
ham,Class Schedule,The class will begin at 11 AM on Monday. Please bring your notes and required materials.
spam,Free Money,You have been chosen to receive free money. Complete the verification process now.
spam,Lottery Winner,Your email has been selected as a lottery winner. Contact us immediately to claim your cash prize.
spam,Congratulations! You Won,Congratulations! You have won $50! Click the link now to claim your prize.
ham,Travel Details,Your travel booking is confirmed. Please check the itinerary for the departure time and location.
spam,Claim Your Free Reward,You have been selected for a free reward. Claim it now before this limited offer expires.
spam,Free Gift Waiting,A free gift is waiting for you. Confirm your details now to receive your reward.
ham,Class Schedule,The class will begin at 4 PM on Thursday. Please bring your notes and required materials.
spam,You Are a Winner,You are today's lucky winner! Claim your prize immediately before the offer expires.
spam,Special Bonus,You have received a special bonus. Click here to activate your reward before it expires.
spam,Congratulations Reward,Congratulations! Your account has qualified for a valuable reward. Claim it immediately.
ham,Interview Schedule,Your interview has been scheduled for Thursday at 10 AM. Please confirm your availability.
ham,Interview Schedule,Your interview has been scheduled for Tuesday at 2 PM. Please confirm your availability.
spam,Special Bonus,You have received a special bonus. Click here to activate your reward before it expires.
ham,Account Notice,Your account information was updated successfully. Contact support if you did not make this change.
ham,Subscription Renewal,Your subscription will renew on Friday. You can manage your subscription from your account.
spam,Claim Your Free Reward,You have been selected for a free reward. Claim it now before this limited offer expires.
ham,Interview Schedule,Your interview has been scheduled for Friday at 11 AM. Please confirm your availability.
ham,Interview Schedule,Your interview has been scheduled for Monday at 4 PM. Please confirm your availability.
spam,Free Gift Waiting,A free gift is waiting for you. Confirm your details now to receive your reward.
spam,Special Bonus,You have received a special bonus. Click here to activate your reward before it expires.
ham,Payment Receipt,Your payment of $50 has been received successfully. This email is your receipt.
ham,Travel Details,Your travel booking is confirmed. Please check the itinerary for the departure time and location.
spam,Exclusive Prize,An exclusive prize has been reserved for you. Click now to claim it.
ham,Interview Schedule,Your interview has been scheduled for Friday at 2 PM. Please confirm your availability.
spam,Congratulations Reward,Congratulations! Your account has qualified for a valuable reward. Claim it immediately.
spam,Exclusive Prize,An exclusive prize has been reserved for you. Click now to claim it.
spam,Urgent Account Alert,Your account will be suspended today. Verify your information immediately by clicking the link.
ham,Document Request,Could you please send the requested document when you have time? Thank you.
spam,Congratulations! You Won,Congratulations! You have won $10000! Click the link now to claim your prize.
spam,Urgent Account Alert,Your account will be suspended today. Verify your information immediately by clicking the link.
ham,Office Announcement,The office will remain open during normal working hours tomorrow.
spam,Free Gift Waiting,A free gift is waiting for you. Confirm your details now to receive your reward.
ham,Library Reminder,The book you borrowed is due back on Wednesday. Please return it before the due date.
spam,Special Bonus,You have received a special bonus. Click here to activate your reward before it expires.
spam,Urgent Account Alert,Your account will be suspended today. Verify your information immediately by clicking the link.
ham,Feedback Request,We would appreciate your feedback about your recent experience. Thank you for your time.
spam,Investment Opportunity,Earn guaranteed profits quickly with our exclusive investment opportunity. Sign up now.
ham,Account Notice,Your account information was updated successfully. Contact support if you did not make this change.
ham,Subscription Renewal,Your subscription will renew on Wednesday. You can manage your subscription from your account.
spam,Congratulations Reward,Congratulations! Your account has qualified for a valuable reward. Claim it immediately.
spam,Limited Time Offer,Get an exclusive discount and free bonus today. Click now before this limited time offer ends.
ham,Payment Receipt,Your payment of $10000 has been received successfully. This email is your receipt.
spam,Free Gift Waiting,A free gift is waiting for you. Confirm your details now to receive your reward.
spam,Congratulations! You Won,Congratulations! You have won $10000! Click the link now to claim your prize.
spam,You Are a Winner,You are today's lucky winner! Claim your prize immediately before the offer expires.
spam,Investment Opportunity,Earn guaranteed profits quickly with our exclusive investment opportunity. Sign up now.
spam,Urgent Account Alert,Your account will be suspended today. Verify your information immediately by clicking the link.
ham,Office Announcement,The office will remain open during normal working hours tomorrow.
spam,Free Gift Waiting,A free gift is waiting for you. Confirm your details now to receive your reward.
spam,Special Bonus,You have received a special bonus. Click here to activate your reward before it expires.
spam,You Are a Winner,You are today's lucky winner! Claim your prize immediately before the offer expires.
ham,Order Confirmation,Your order has been confirmed and will be delivered by Thursday. Thank you for shopping with us.
ham,Account Notice,Your account information was updated successfully. Contact support if you did not make this change.
spam,Final Notice,Final notice: claim your cash reward now or your prize will be cancelled.
ham,Office Announcement,The office will remain open during normal working hours tomorrow.
spam,Act Now,Urgent! This offer expires soon. Click the link to receive your bonus and reward.
ham,Subscription Renewal,Your subscription will renew on Saturday. You can manage your subscription from your account.
spam,Congratulations! You Won,Congratulations! You have won $100! Click the link now to claim your prize.
spam,Final Notice,Final notice: claim your cash reward now or your prize will be cancelled.
ham,Travel Details,Your travel booking is confirmed. Please check the itinerary for the departure time and location.
spam,Urgent Account Alert,Your account will be suspended today. Verify your information immediately by clicking the link.
ham,Office Announcement,The office will remain open during normal working hours tomorrow.
spam,Claim Your Free Reward,You have been selected for a free reward. Claim it now before this limited offer expires.
ham,Subscription Renewal,Your subscription will renew on Friday. You can manage your subscription from your account.
spam,Exclusive Cash Offer,You are eligible to receive $250 in free cash. Act now to claim your money.
ham,Order Confirmation,Your order has been confirmed and will be delivered by Saturday. Thank you for shopping with us.
spam,Special Bonus,You have received a special bonus. Click here to activate your reward before it expires.
ham,Project Update,Please find the project update attached. Let me know if you have any questions.
spam,Claim Your Free Reward,You have been selected for a free reward. Claim it now before this limited offer expires.
spam,Limited Time Offer,Get an exclusive discount and free bonus today. Click now before this limited time offer ends.
spam,Congratulations! You Won,Congratulations! You have won $10000! Click the link now to claim your prize.
ham,Project Update,Please find the project update attached. Let me know if you have any questions.
ham,Team Reminder,Please remember to attend the team meeting tomorrow and review the agenda beforehand.
spam,Free Gift Waiting,A free gift is waiting for you. Confirm your details now to receive your reward.
ham,Office Announcement,The office will remain open during normal working hours tomorrow.
spam,Congratulations! You Won,Congratulations! You have won $10000! Click the link now to claim your prize.
ham,Team Reminder,Please remember to attend the team meeting tomorrow and review the agenda beforehand.
spam,Free Money,You have been chosen to receive free money. Complete the verification process now.
spam,Exclusive Prize,An exclusive prize has been reserved for you. Click now to claim it.
ham,Document Request,Could you please send the requested document when you have time? Thank you.
ham,Payment Receipt,Your payment of $50 has been received successfully. This email is your receipt.
spam,Free Gift Waiting,A free gift is waiting for you. Confirm your details now to receive your reward.
ham,Class Schedule,The class will begin at 10 AM on Wednesday. Please bring your notes and required materials.
ham,Class Schedule,The class will begin at 11 AM on Friday. Please bring your notes and required materials.
spam,You Are a Winner,You are today's lucky winner! Claim your prize immediately before the offer expires.
spam,Congratulations Reward,Congratulations! Your account has qualified for a valuable reward. Claim it immediately.
ham,Meeting Update,"Hi team, our meeting is scheduled for Tuesday at 2 PM. Please join on time."
ham,Subscription Renewal,Your subscription will renew on Monday. You can manage your subscription from your account.
ham,Assignment Reminder,This is a reminder that the assignment is due on Thursday. Please submit it before the deadline.
spam,Special Bonus,You have received a special bonus. Click here to activate your reward before it expires.
spam,Exclusive Cash Offer,You are eligible to receive $10000 in free cash. Act now to claim your money.
ham,Meeting Update,"Hi team, our meeting is scheduled for Tuesday at 9 AM. Please join on time."
spam,Congratulations! You Won,Congratulations! You have won $50! Click the link now to claim your prize.
ham,Travel Details,Your travel booking is confirmed. Please check the itinerary for the departure time and location.
spam,Exclusive Prize,An exclusive prize has been reserved for you. Click now to claim it.
spam,You Are a Winner,You are today's lucky winner! Claim your prize immediately before the offer expires.
spam,Congratulations Reward,Congratulations! Your account has qualified for a valuable reward. Claim it immediately.
ham,Feedback Request,We would appreciate your feedback about your recent experience. Thank you for your time.
ham,Account Notice,Your account information was updated successfully. Contact support if you did not make this change.
ham,Order Confirmation,Your order has been confirmed and will be delivered by Tuesday. Thank you for shopping with us.
ham,Meeting Update,"Hi team, our meeting is scheduled for Friday at 2 PM. Please join on time."
spam,Free Money,You have been chosen to receive free money. Complete the verification process now.
ham,Team Reminder,Please remember to attend the team meeting tomorrow and review the agenda beforehand.
spam,Congratulations Reward,Congratulations! Your account has qualified for a valuable reward. Claim it immediately.
spam,Exclusive Prize,An exclusive prize has been reserved for you. Click now to claim it.
spam,Claim Your Free Reward,You have been selected for a free reward. Claim it now before this limited offer expires.
ham,Account Notice,Your account information was updated successfully. Contact support if you did not make this change.
ham,Library Reminder,The book you borrowed is due back on Friday. Please return it before the due date.
ham,Library Reminder,The book you borrowed is due back on Wednesday. Please return it before the due date.
ham,Interview Schedule,Your interview has been scheduled for Wednesday at 2 PM. Please confirm your availability.
ham,Class Schedule,The class will begin at 3 PM on Wednesday. Please bring your notes and required materials.
spam,Claim Your Free Reward,You have been selected for a free reward. Claim it now before this limited offer expires.
ham,Library Reminder,The book you borrowed is due back on Tuesday. Please return it before the due date.
spam,Free Money,You have been chosen to receive free money. Complete the verification process now.
spam,Congratulations Reward,Congratulations! Your account has qualified for a valuable reward. Claim it immediately.
ham,Account Notice,Your account information was updated successfully. Contact support if you did not make this change.
ham,Travel Details,Your travel booking is confirmed. Please check the itinerary for the departure time and location.
ham,Assignment Reminder,This is a reminder that the assignment is due on Saturday. Please submit it before the deadline.
spam,Limited Time Offer,Get an exclusive discount and free bonus today. Click now before this limited time offer ends.
spam,Exclusive Prize,An exclusive prize has been reserved for you. Click now to claim it.
ham,Team Reminder,Please remember to attend the team meeting tomorrow and review the agenda beforehand.
spam,Congratulations Reward,Congratulations! Your account has qualified for a valuable reward. Claim it immediately.
ham,Travel Details,Your travel booking is confirmed. Please check the itinerary for the departure time and location.
ham,Payment Receipt,Your payment of $50 has been received successfully. This email is your receipt.
ham,Meeting Update,"Hi team, our meeting is scheduled for Friday at 11 AM. Please join on time."
ham,Office Announcement,The office will remain open during normal working hours tomorrow.
spam,You Are a Winner,You are today's lucky winner! Claim your prize immediately before the offer expires.
ham,Library Reminder,The book you borrowed is due back on Monday. Please return it before the due date.
spam,Limited Time Offer,Get an exclusive discount and free bonus today. Click now before this limited time offer ends.
ham,Assignment Reminder,This is a reminder that the assignment is due on Friday. Please submit it before the deadline.
ham,Class Schedule,The class will begin at 3 PM on Friday. Please bring your notes and required materials.
ham,Interview Schedule,Your interview has been scheduled for Monday at 4 PM. Please confirm your availability.
ham,Office Announcement,The office will remain open during normal working hours tomorrow.
spam,Congratulations! You Won,Congratulations! You have won $50! Click the link now to claim your prize.
spam,Limited Time Offer,Get an exclusive discount and free bonus today. Click now before this limited time offer ends.
ham,Document Request,Could you please send the requested document when you have time? Thank you.
ham,Library Reminder,The book you borrowed is due back on Tuesday. Please return it before the due date.
ham,Account Notice,Your account information was updated successfully. Contact support if you did not make this change.
spam,Lottery Winner,Your email has been selected as a lottery winner. Contact us immediately to claim your cash prize.
spam,Lottery Winner,Your email has been selected as a lottery winner. Contact us immediately to claim your cash prize.
ham,Class Schedule,The class will begin at 11 AM on Thursday. Please bring your notes and required materials.
spam,You Are a Winner,You are today's lucky winner! Claim your prize immediately before the offer expires.
ham,Assignment Reminder,This is a reminder that the assignment is due on Thursday. Please submit it before the deadline.
spam,Congratulations! You Won,Congratulations! You have won $10000! Click the link now to claim your prize.
spam,Investment Opportunity,Earn guaranteed profits quickly with our exclusive investment opportunity. Sign up now.
spam,Investment Opportunity,Earn guaranteed profits quickly with our exclusive investment opportunity. Sign up now.
spam,Exclusive Cash Offer,You are eligible to receive $250 in free cash. Act now to claim your money.
ham,Meeting Update,"Hi team, our meeting is scheduled for Tuesday at 2 PM. Please join on time."
ham,Order Confirmation,Your order has been confirmed and will be delivered by Saturday. Thank you for shopping with us.
ham,Account Notice,Your account information was updated successfully. Contact support if you did not make this change.
ham,Account Notice,Your account information was updated successfully. Contact support if you did not make this change.
spam,Congratulations! You Won,Congratulations! You have won $100! Click the link now to claim your prize.
ham,Meeting Update,"Hi team, our meeting is scheduled for Wednesday at 4 PM. Please join on time."
spam,Free Gift Waiting,A free gift is waiting for you. Confirm your details now to receive your reward.
spam,Free Money,You have been chosen to receive free money. Complete the verification process now.
spam,Final Notice,Final notice: claim your cash reward now or your prize will be cancelled.
ham,Meeting Update,"Hi team, our meeting is scheduled for Wednesday at 3 PM. Please join on time."
spam,Final Notice,Final notice: claim your cash reward now or your prize will be cancelled.
ham,Interview Schedule,Your interview has been scheduled for Saturday at 4 PM. Please confirm your availability.
ham,Class Schedule,The class will begin at 3 PM on Tuesday. Please bring your notes and required materials.
ham,Order Confirmation,Your order has been confirmed and will be delivered by Tuesday. Thank you for shopping with us.
spam,Exclusive Cash Offer,You are eligible to receive $250 in free cash. Act now to claim your money.
ham,Project Update,Please find the project update attached. Let me know if you have any questions.
spam,Congratulations Reward,Congratulations! Your account has qualified for a valuable reward. Claim it immediately.
ham,Meeting Update,"Hi team, our meeting is scheduled for Saturday at 10 AM. Please join on time."
spam,Final Notice,Final notice: claim your cash reward now or your prize will be cancelled.
ham,Meeting Update,"Hi team, our meeting is scheduled for Saturday at 2 PM. Please join on time."
ham,Document Request,Could you please send the requested document when you have time? Thank you.
spam,Lottery Winner,Your email has been selected as a lottery winner. Contact us immediately to claim your cash prize.
spam,Special Bonus,You have received a special bonus. Click here to activate your reward before it expires.
spam,Free Gift Waiting,A free gift is waiting for you. Confirm your details now to receive your reward.
ham,Class Schedule,The class will begin at 10 AM on Wednesday. Please bring your notes and required materials.
ham,Project Update,Please find the project update attached. Let me know if you have any questions.
spam,Final Notice,Final notice: claim your cash reward now or your prize will be cancelled.
ham,Team Reminder,Please remember to attend the team meeting tomorrow and review the agenda beforehand.
spam,Free Gift Waiting,A free gift is waiting for you. Confirm your details now to receive your reward.
ham,Order Confirmation,Your order has been confirmed and will be delivered by Tuesday. Thank you for shopping with us.
spam,Congratulations Reward,Congratulations! Your account has qualified for a valuable reward. Claim it immediately.
spam,Investment Opportunity,Earn guaranteed profits quickly with our exclusive investment opportunity. Sign up now.
spam,Special Bonus,You have received a special bonus. Click here to activate your reward before it expires.
spam,Special Bonus,You have received a special bonus. Click here to activate your reward before it expires.
ham,Document Request,Could you please send the requested document when you have time? Thank you.
spam,Lottery Winner,Your email has been selected as a lottery winner. Contact us immediately to claim your cash prize.
ham,Assignment Reminder,This is a reminder that the assignment is due on Friday. Please submit it before the deadline.
spam,Exclusive Cash Offer,You are eligible to receive $5000 in free cash. Act now to claim your money.
spam,Exclusive Cash Offer,You are eligible to receive $1000 in free cash. Act now to claim your money.
spam,Urgent Account Alert,Your account will be suspended today. Verify your information immediately by clicking the link.
ham,Team Reminder,Please remember to attend the team meeting tomorrow and review the agenda beforehand.
ham,Travel Details,Your travel booking is confirmed. Please check the itinerary for the departure time and location.
spam,Limited Time Offer,Get an exclusive discount and free bonus today. Click now before this limited time offer ends.
ham,Office Announcement,The office will remain open during normal working hours tomorrow.
spam,Final Notice,Final notice: claim your cash reward now or your prize will be cancelled.
spam,Claim Your Free Reward,You have been selected for a free reward. Claim it now before this limited offer expires.
ham,Library Reminder,The book you borrowed is due back on Friday. Please return it before the due date.
ham,Class Schedule,The class will begin at 10 AM on Wednesday. Please bring your notes and required materials.
ham,Team Reminder,Please remember to attend the team meeting tomorrow and review the agenda beforehand.
ham,Travel Details,Your travel booking is confirmed. Please check the itinerary for the departure time and location.
ham,Document Request,Could you please send the requested document when you have time? Thank you.
spam,Final Notice,Final notice: claim your cash reward now or your prize will be cancelled.
ham,Order Confirmation,Your order has been confirmed and will be delivered by Wednesday. Thank you for shopping with us.
spam,You Are a Winner,You are today's lucky winner! Claim your prize immediately before the offer expires.
ham,Document Request,Could you please send the requested document when you have time? Thank you.
spam,Free Money,You have been chosen to receive free money. Complete the verification process now.
ham,Class Schedule,The class will begin at 4 PM on Monday. Please bring your notes and required materials.
spam,Free Money,You have been chosen to receive free money. Complete the verification process now.
ham,Office Announcement,The office will remain open during normal working hours tomorrow.
spam,Free Gift Waiting,A free gift is waiting for you. Confirm your details now to receive your reward.
spam,Free Money,You have been chosen to receive free money. Complete the verification process now.
ham,Document Request,Could you please send the requested document when you have time? Thank you.
spam,Act Now,Urgent! This offer expires soon. Click the link to receive your bonus and reward.
spam,Exclusive Prize,An exclusive prize has been reserved for you. Click now to claim it.
ham,Office Announcement,The office will remain open during normal working hours tomorrow.
ham,Account Notice,Your account information was updated successfully. Contact support if you did not make this change.
spam,Congratulations! You Won,Congratulations! You have won $250! Click the link now to claim your prize.
spam,Lottery Winner,Your email has been selected as a lottery winner. Contact us immediately to claim your cash prize.
spam,Final Notice,Final notice: claim your cash reward now or your prize will be cancelled.
ham,Team Reminder,Please remember to attend the team meeting tomorrow and review the agenda beforehand.
spam,Free Gift Waiting,A free gift is waiting for you. Confirm your details now to receive your reward.
ham,Subscription Renewal,Your subscription will renew on Thursday. You can manage your subscription from your account.
spam,Act Now,Urgent! This offer expires soon. Click the link to receive your bonus and reward.
spam,Investment Opportunity,Earn guaranteed profits quickly with our exclusive investment opportunity. Sign up now.
spam,Final Notice,Final notice: claim your cash reward now or your prize will be cancelled.
ham,Class Schedule,The class will begin at 3 PM on Thursday. Please bring your notes and required materials.
ham,Travel Details,Your travel booking is confirmed. Please check the itinerary for the departure time and location.
ham,Document Request,Could you please send the requested document when you have time? Thank you.
ham,Subscription Renewal,Your subscription will renew on Friday. You can manage your subscription from your account.
spam,Limited Time Offer,Get an exclusive discount and free bonus today. Click now before this limited time offer ends.
ham,Assignment Reminder,This is a reminder that the assignment is due on Wednesday. Please submit it before the deadline.
spam,Exclusive Cash Offer,You are eligible to receive $500 in free cash. Act now to claim your money.
spam,Investment Opportunity,Earn guaranteed profits quickly with our exclusive investment opportunity. Sign up now.
ham,Order Confirmation,Your order has been confirmed and will be delivered by Thursday. Thank you for shopping with us.
ham,Travel Details,Your travel booking is confirmed. Please check the itinerary for the departure time and location.
ham,Team Reminder,Please remember to attend the team meeting tomorrow and review the agenda beforehand.
ham,Office Announcement,The office will remain open during normal working hours tomorrow.
ham,Team Reminder,Please remember to attend the team meeting tomorrow and review the agenda beforehand.
ham,Feedback Request,We would appreciate your feedback about your recent experience. Thank you for your time.
spam,Free Gift Waiting,A free gift is waiting for you. Confirm your details now to receive your reward.
ham,Meeting Update,"Hi team, our meeting is scheduled for Tuesday at 3 PM. Please join on time."
spam,Congratulations Reward,Congratulations! Your account has qualified for a valuable reward. Claim it immediately.
spam,Claim Your Free Reward,You have been selected for a free reward. Claim it now before this limited offer expires.
spam,Congratulations! You Won,Congratulations! You have won $100! Click the link now to claim your prize.
ham,Interview Schedule,Your interview has been scheduled for Tuesday at 11 AM. Please confirm your availability.
ham,Travel Details,Your travel booking is confirmed. Please check the itinerary for the departure time and location.
spam,Free Money,You have been chosen to receive free money. Complete the verification process now.
ham,Class Schedule,The class will begin at 11 AM on Wednesday. Please bring your notes and required materials.
ham,Office Announcement,The office will remain open during normal working hours tomorrow.
ham,Feedback Request,We would appreciate your feedback about your recent experience. Thank you for your time.
spam,Special Bonus,You have received a special bonus. Click here to activate your reward before it expires.
ham,Travel Details,Your travel booking is confirmed. Please check the itinerary for the departure time and location.
spam,Urgent Account Alert,Your account will be suspended today. Verify your information immediately by clicking the link.
ham,Account Notice,Your account information was updated successfully. Contact support if you did not make this change.
ham,Account Notice,Your account information was updated successfully. Contact support if you did not make this change.
spam,Exclusive Prize,An exclusive prize has been reserved for you. Click now to claim it.
ham,Feedback Request,We would appreciate your feedback about your recent experience. Thank you for your time.
ham,Team Reminder,Please remember to attend the team meeting tomorrow and review the agenda beforehand.
spam,Special Bonus,You have received a special bonus. Click here to activate your reward before it expires.
spam,Lottery Winner,Your email has been selected as a lottery winner. Contact us immediately to claim your cash prize.
ham,Team Reminder,Please remember to attend the team meeting tomorrow and review the agenda beforehand.
spam,Investment Opportunity,Earn guaranteed profits quickly with our exclusive investment opportunity. Sign up now.
ham,Team Reminder,Please remember to attend the team meeting tomorrow and review the agenda beforehand.
ham,Travel Details,Your travel booking is confirmed. Please check the itinerary for the departure time and location.
spam,You Are a Winner,You are today's lucky winner! Claim your prize immediately before the offer expires.
ham,Interview Schedule,Your interview has been scheduled for Saturday at 2 PM. Please confirm your availability.
ham,Meeting Update,"Hi team, our meeting is scheduled for Friday at 2 PM. Please join on time."
spam,Congratulations! You Won,Congratulations! You have won $500! Click the link now to claim your prize.
ham,Account Notice,Your account information was updated successfully. Contact support if you did not make this change.
spam,Urgent Account Alert,Your account will be suspended today. Verify your information immediately by clicking the link.
ham,Meeting Update,"Hi team, our meeting is scheduled for Wednesday at 4 PM. Please join on time."
ham,Office Announcement,The office will remain open during normal working hours tomorrow.
ham,Library Reminder,The book you borrowed is due back on Tuesday. Please return it before the due date.
spam,Congratulations Reward,Congratulations! Your account has qualified for a valuable reward. Claim it immediately.
ham,Class Schedule,The class will begin at 10 AM on Friday. Please bring your notes and required materials.
ham,Library Reminder,The book you borrowed is due back on Saturday. Please return it before the due date.
spam,Limited Time Offer,Get an exclusive discount and free bonus today. Click now before this limited time offer ends.
ham,Payment Receipt,Your payment of $500 has been received successfully. This email is your receipt.
spam,Lottery Winner,Your email has been selected as a lottery winner. Contact us immediately to claim your cash prize.
spam,Special Bonus,You have received a special bonus. Click here to activate your reward before it expires.
spam,Limited Time Offer,Get an exclusive discount and free bonus today. Click now before this limited time offer ends.
ham,Office Announcement,The office will remain open during normal working hours tomorrow.
ham,Assignment Reminder,This is a reminder that the assignment is due on Saturday. Please submit it before the deadline.
spam,Exclusive Prize,An exclusive prize has been reserved for you. Click now to claim it.
spam,Congratulations Reward,Congratulations! Your account has qualified for a valuable reward. Claim it immediately.
ham,Account Notice,Your account information was updated successfully. Contact support if you did not make this change.
spam,Free Money,You have been chosen to receive free money. Complete the verification process now.
ham,Account Notice,Your account information was updated successfully. Contact support if you did not make this change.
ham,Class Schedule,The class will begin at 4 PM on Saturday. Please bring your notes and required materials.
spam,Congratulations Reward,Congratulations! Your account has qualified for a valuable reward. Claim it immediately.
spam,Exclusive Prize,An exclusive prize has been reserved for you. Click now to claim it.
spam,Free Money,You have been chosen to receive free money. Complete the verification process now.
ham,Assignment Reminder,This is a reminder that the assignment is due on Monday. Please submit it before the deadline.
ham,Library Reminder,The book you borrowed is due back on Saturday. Please return it before the due date.
spam,Congratulations! You Won,Congratulations! You have won $100! Click the link now to claim your prize.
ham,Office Announcement,The office will remain open during normal working hours tomorrow.
ham,Travel Details,Your travel booking is confirmed. Please check the itinerary for the departure time and location.
spam,Lottery Winner,Your email has been selected as a lottery winner. Contact us immediately to claim your cash prize.
ham,Project Update,Please find the project update attached. Let me know if you have any questions.
ham,Assignment Reminder,This is a reminder that the assignment is due on Friday. Please submit it before the deadline.
ham,Account Notice,Your account information was updated successfully. Contact support if you did not make this change.
spam,Free Money,You have been chosen to receive free money. Complete the verification process now.
ham,Office Announcement,The office will remain open during normal working hours tomorrow.
spam,Claim Your Free Reward,You have been selected for a free reward. Claim it now before this limited offer expires.
spam,Lottery Winner,Your email has been selected as a lottery winner. Contact us immediately to claim your cash prize.
ham,Meeting Update,"Hi team, our meeting is scheduled for Wednesday at 10 AM. Please join on time."
ham,Library Reminder,The book you borrowed is due back on Wednesday. Please return it before the due date.
ham,Assignment Reminder,This is a reminder that the assignment is due on Tuesday. Please submit it before the deadline.
ham,Payment Receipt,Your payment of $100 has been received successfully. This email is your receipt.
spam,Free Money,You have been chosen to receive free money. Complete the verification process now.
ham,Assignment Reminder,This is a reminder that the assignment is due on Wednesday. Please submit it before the deadline.
ham,Feedback Request,We would appreciate your feedback about your recent experience. Thank you for your time.
spam,Exclusive Cash Offer,You are eligible to receive $1000 in free cash. Act now to claim your money.
ham,Travel Details,Your travel booking is confirmed. Please check the itinerary for the departure time and location.
spam,Congratulations Reward,Congratulations! Your account has qualified for a valuable reward. Claim it immediately.
ham,Travel Details,Your travel booking is confirmed. Please check the itinerary for the departure time and location.
ham,Feedback Request,We would appreciate your feedback about your recent experience. Thank you for your time.
spam,Investment Opportunity,Earn guaranteed profits quickly with our exclusive investment opportunity. Sign up now.
spam,Special Bonus,You have received a special bonus. Click here to activate your reward before it expires.
spam,You Are a Winner,You are today's lucky winner! Claim your prize immediately before the offer expires.
ham,Payment Receipt,Your payment of $50 has been received successfully. This email is your receipt.
ham,Feedback Request,We would appreciate your feedback about your recent experience. Thank you for your time.
ham,Travel Details,Your travel booking is confirmed. Please check the itinerary for the departure time and location.
spam,Exclusive Cash Offer,You are eligible to receive $100 in free cash. Act now to claim your money.
spam,You Are a Winner,You are today's lucky winner! Claim your prize immediately before the offer expires.
spam,Act Now,Urgent! This offer expires soon. Click the link to receive your bonus and reward.
ham,Library Reminder,The book you borrowed is due back on Monday. Please return it before the due date.
spam,Exclusive Prize,An exclusive prize has been reserved for you. Click now to claim it.
spam,Investment Opportunity,Earn guaranteed profits quickly with our exclusive investment opportunity. Sign up now.
spam,You Are a Winner,You are today's lucky winner! Claim your prize immediately before the offer expires.
ham,Document Request,Could you please send the requested document when you have time? Thank you.
ham,Document Request,Could you please send the requested document when you have time? Thank you.
spam,Final Notice,Final notice: claim your cash reward now or your prize will be cancelled.
ham,Travel Details,Your travel booking is confirmed. Please check the itinerary for the departure time and location.
ham,Feedback Request,We would appreciate your feedback about your recent experience. Thank you for your time.
ham,Feedback Request,We would appreciate your feedback about your recent experience. Thank you for your time.
spam,Act Now,Urgent! This offer expires soon. Click the link to receive your bonus and reward.
ham,Account Notice,Your account information was updated successfully. Contact support if you did not make this change.
spam,Limited Time Offer,Get an exclusive discount and free bonus today. Click now before this limited time offer ends.
ham,Interview Schedule,Your interview has been scheduled for Friday at 3 PM. Please confirm your availability.
ham,Class Schedule,The class will begin at 11 AM on Monday. Please bring your notes and required materials.
spam,Exclusive Cash Offer,You are eligible to receive $5000 in free cash. Act now to claim your money.
ham,Interview Schedule,Your interview has been scheduled for Friday at 3 PM. Please confirm your availability.
ham,Travel Details,Your travel booking is confirmed. Please check the itinerary for the departure time and location.
spam,Act Now,Urgent! This offer expires soon. Click the link to receive your bonus and reward.
spam,Special Bonus,You have received a special bonus. Click here to activate your reward before it expires.
spam,Exclusive Prize,An exclusive prize has been reserved for you. Click now to claim it.
ham,Travel Details,Your travel booking is confirmed. Please check the itinerary for the departure time and location.
ham,Travel Details,Your travel booking is confirmed. Please check the itinerary for the departure time and location.
spam,Urgent Account Alert,Your account will be suspended today. Verify your information immediately by clicking the link.
ham,Team Reminder,Please remember to attend the team meeting tomorrow and review the agenda beforehand.
ham,Library Reminder,The book you borrowed is due back on Wednesday. Please return it before the due date.
ham,Order Confirmation,Your order has been confirmed and will be delivered by Friday. Thank you for shopping with us.
spam,Urgent Account Alert,Your account will be suspended today. Verify your information immediately by clicking the link.
spam,Exclusive Prize,An exclusive prize has been reserved for you. Click now to claim it.
ham,Interview Schedule,Your interview has been scheduled for Saturday at 9 AM. Please confirm your availability.
ham,Class Schedule,The class will begin at 3 PM on Wednesday. Please bring your notes and required materials.
ham,Account Notice,Your account information was updated successfully. Contact support if you did not make this change.
spam,You Are a Winner,You are today's lucky winner! Claim your prize immediately before the offer expires.
spam,Exclusive Prize,An exclusive prize has been reserved for you. Click now to claim it.
spam,Congratulations! You Won,Congratulations! You have won $500! Click the link now to claim your prize.
spam,Act Now,Urgent! This offer expires soon. Click the link to receive your bonus and reward.
spam,Limited Time Offer,Get an exclusive discount and free bonus today. Click now before this limited time offer ends.
ham,Class Schedule,The class will begin at 10 AM on Friday. Please bring your notes and required materials.
spam,Free Money,You have been chosen to receive free money. Complete the verification process now.
spam,Free Gift Waiting,A free gift is waiting for you. Confirm your details now to receive your reward.
spam,Congratulations! You Won,Congratulations! You have won $500! Click the link now to claim your prize.
ham,Feedback Request,We would appreciate your feedback about your recent experience. Thank you for your time.
spam,Congratulations Reward,Congratulations! Your account has qualified for a valuable reward. Claim it immediately.
ham,Account Notice,Your account information was updated successfully. Contact support if you did not make this change.
spam,Lottery Winner,Your email has been selected as a lottery winner. Contact us immediately to claim your cash prize.
spam,Free Money,You have been chosen to receive free money. Complete the verification process now.
spam,You Are a Winner,You are today's lucky winner! Claim your prize immediately before the offer expires.
ham,Account Notice,Your account information was updated successfully. Contact support if you did not make this change.
ham,Office Announcement,The office will remain open during normal working hours tomorrow.
ham,Account Notice,Your account information was updated successfully. Contact support if you did not make this change.
ham,Class Schedule,The class will begin at 3 PM on Wednesday. Please bring your notes and required materials.
spam,You Are a Winner,You are today's lucky winner! Claim your prize immediately before the offer expires.
ham,Assignment Reminder,This is a reminder that the assignment is due on Tuesday. Please submit it before the deadline.
spam,Claim Your Free Reward,You have been selected for a free reward. Claim it now before this limited offer expires.
ham,Assignment Reminder,This is a reminder that the assignment is due on Thursday. Please submit it before the deadline.
ham,Subscription Renewal,Your subscription will renew on Monday. You can manage your subscription from your account.
spam,Exclusive Prize,An exclusive prize has been reserved for you. Click now to claim it.
spam,Congratulations Reward,Congratulations! Your account has qualified for a valuable reward. Claim it immediately.
spam,Exclusive Prize,An exclusive prize has been reserved for you. Click now to claim it.
spam,Exclusive Cash Offer,You are eligible to receive $5000 in free cash. Act now to claim your money.
ham,Library Reminder,The book you borrowed is due back on Tuesday. Please return it before the due date.
spam,Limited Time Offer,Get an exclusive discount and free bonus today. Click now before this limited time offer ends.
ham,Project Update,Please find the project update attached. Let me know if you have any questions.
ham,Subscription Renewal,Your subscription will renew on Wednesday. You can manage your subscription from your account.
spam,Free Gift Waiting,A free gift is waiting for you. Confirm your details now to receive your reward.
ham,Subscription Renewal,Your subscription will renew on Friday. You can manage your subscription from your account.
ham,Assignment Reminder,This is a reminder that the assignment is due on Monday. Please submit it before the deadline.
spam,Final Notice,Final notice: claim your cash reward now or your prize will be cancelled.
ham,Meeting Update,"Hi team, our meeting is scheduled for Wednesday at 11 AM. Please join on time."
ham,Assignment Reminder,This is a reminder that the assignment is due on Tuesday. Please submit it before the deadline.
ham,Subscription Renewal,Your subscription will renew on Wednesday. You can manage your subscription from your account.
spam,Free Gift Waiting,A free gift is waiting for you. Confirm your details now to receive your reward.
ham,Project Update,Please find the project update attached. Let me know if you have any questions.
spam,Congratulations Reward,Congratulations! Your account has qualified for a valuable reward. Claim it immediately.
ham,Feedback Request,We would appreciate your feedback about your recent experience. Thank you for your time.
ham,Order Confirmation,Your order has been confirmed and will be delivered by Friday. Thank you for shopping with us.
spam,Exclusive Cash Offer,You are eligible to receive $10000 in free cash. Act now to claim your money.
spam,Congratulations! You Won,Congratulations! You have won $10000! Click the link now to claim your prize.
ham,Order Confirmation,Your order has been confirmed and will be delivered by Saturday. Thank you for shopping with us.
ham,Assignment Reminder,This is a reminder that the assignment is due on Saturday. Please submit it before the deadline.
ham,Payment Receipt,Your payment of $250 has been received successfully. This email is your receipt.
ham,Document Request,Could you please send the requested document when you have time? Thank you.
spam,Congratulations Reward,Congratulations! Your account has qualified for a valuable reward. Claim it immediately.
ham,Account Notice,Your account information was updated successfully. Contact support if you did not make this change.
ham,Document Request,Could you please send the requested document when you have time? Thank you.
spam,Final Notice,Final notice: claim your cash reward now or your prize will be cancelled.
ham,Feedback Request,We would appreciate your feedback about your recent experience. Thank you for your time.
ham,Feedback Request,We would appreciate your feedback about your recent experience. Thank you for your time.
ham,Travel Details,Your travel booking is confirmed. Please check the itinerary for the departure time and location.
ham,Meeting Update,"Hi team, our meeting is scheduled for Friday at 2 PM. Please join on time."
ham,Library Reminder,The book you borrowed is due back on Friday. Please return it before the due date.
spam,Claim Your Free Reward,You have been selected for a free reward. Claim it now before this limited offer expires.
spam,You Are a Winner,You are today's lucky winner! Claim your prize immediately before the offer expires.
spam,Final Notice,Final notice: claim your cash reward now or your prize will be cancelled.
ham,Class Schedule,The class will begin at 9 AM on Friday. Please bring your notes and required materials.
spam,Free Money,You have been chosen to receive free money. Complete the verification process now.
spam,Free Gift Waiting,A free gift is waiting for you. Confirm your details now to receive your reward.
ham,Feedback Request,We would appreciate your feedback about your recent experience. Thank you for your time.
spam,Act Now,Urgent! This offer expires soon. Click the link to receive your bonus and reward.
spam,Exclusive Prize,An exclusive prize has been reserved for you. Click now to claim it.
spam,Free Gift Waiting,A free gift is waiting for you. Confirm your details now to receive your reward.
ham,Class Schedule,The class will begin at 9 AM on Wednesday. Please bring your notes and required materials.
spam,Congratulations! You Won,Congratulations! You have won $10000! Click the link now to claim your prize.
spam,You Are a Winner,You are today's lucky winner! Claim your prize immediately before the offer expires.
ham,Project Update,Please find the project update attached. Let me know if you have any questions.
ham,Assignment Reminder,This is a reminder that the assignment is due on Wednesday. Please submit it before the deadline.
ham,Team Reminder,Please remember to attend the team meeting tomorrow and review the agenda beforehand.
spam,Limited Time Offer,Get an exclusive discount and free bonus today. Click now before this limited time offer ends.
spam,Act Now,Urgent! This offer expires soon. Click the link to receive your bonus and reward.
ham,Assignment Reminder,This is a reminder that the assignment is due on Monday. Please submit it before the deadline.
spam,Free Gift Waiting,A free gift is waiting for you. Confirm your details now to receive your reward.
spam,Free Money,You have been chosen to receive free money. Complete the verification process now.
spam,Urgent Account Alert,Your account will be suspended today. Verify your information immediately by clicking the link.
spam,You Are a Winner,You are today's lucky winner! Claim your prize immediately before the offer expires.
spam,Urgent Account Alert,Your account will be suspended today. Verify your information immediately by clicking the link.
spam,Congratulations! You Won,Congratulations! You have won $5000! Click the link now to claim your prize.
ham,Library Reminder,The book you borrowed is due back on Friday. Please return it before the due date.
ham,Team Reminder,Please remember to attend the team meeting tomorrow and review the agenda beforehand.
ham,Travel Details,Your travel booking is confirmed. Please check the itinerary for the departure time and location.
ham,Payment Receipt,Your payment of $1000 has been received successfully. This email is your receipt.
spam,Congratulations! You Won,Congratulations! You have won $250! Click the link now to claim your prize.
spam,You Are a Winner,You are today's lucky winner! Claim your prize immediately before the offer expires.
ham,Payment Receipt,Your payment of $100 has been received successfully. This email is your receipt.
ham,Office Announcement,The office will remain open during normal working hours tomorrow.
spam,Claim Your Free Reward,You have been selected for a free reward. Claim it now before this limited offer expires.
ham,Interview Schedule,Your interview has been scheduled for Friday at 4 PM. Please confirm your availability.
ham,Class Schedule,The class will begin at 10 AM on Wednesday. Please bring your notes and required materials.
ham,Document Request,Could you please send the requested document when you have time? Thank you.
ham,Order Confirmation,Your order has been confirmed and will be delivered by Wednesday. Thank you for shopping with us.
spam,You Are a Winner,You are today's lucky winner! Claim your prize immediately before the offer expires.
spam,Claim Your Free Reward,You have been selected for a free reward. Claim it now before this limited offer expires.
spam,Congratulations Reward,Congratulations! Your account has qualified for a valuable reward. Claim it immediately.
ham,Project Update,Please find the project update attached. Let me know if you have any questions.
ham,Feedback Request,We would appreciate your feedback about your recent experience. Thank you for your time.
spam,Congratulations! You Won,Congratulations! You have won $1000! Click the link now to claim your prize.
spam,Final Notice,Final notice: claim your cash reward now or your prize will be cancelled.
spam,Exclusive Cash Offer,You are eligible to receive $5000 in free cash. Act now to claim your money.
ham,Account Notice,Your account information was updated successfully. Contact support if you did not make this change.
ham,Project Update,Please find the project update attached. Let me know if you have any questions.
ham,Account Notice,Your account information was updated successfully. Contact support if you did not make this change.
spam,Exclusive Prize,An exclusive prize has been reserved for you. Click now to claim it.
spam,You Are a Winner,You are today's lucky winner! Claim your prize immediately before the offer expires.
ham,Office Announcement,The office will remain open during normal working hours tomorrow.
spam,Special Bonus,You have received a special bonus. Click here to activate your reward before it expires.
ham,Document Request,Could you please send the requested document when you have time? Thank you.
ham,Account Notice,Your account information was updated successfully. Contact support if you did not make this change.
ham,Meeting Update,"Hi team, our meeting is scheduled for Friday at 9 AM. Please join on time."
spam,Special Bonus,You have received a special bonus. Click here to activate your reward before it expires.
ham,Meeting Update,"Hi team, our meeting is scheduled for Wednesday at 11 AM. Please join on time."
ham,Office Announcement,The office will remain open during normal working hours tomorrow.
spam,Special Bonus,You have received a special bonus. Click here to activate your reward before it expires.
ham,Payment Receipt,Your payment of $100 has been received successfully. This email is your receipt.
spam,Free Money,You have been chosen to receive free money. Complete the verification process now.
spam,Special Bonus,You have received a special bonus. Click here to activate your reward before it expires.
ham,Office Announcement,The office will remain open during normal working hours tomorrow.
ham,Account Notice,Your account information was updated successfully. Contact support if you did not make this change.
ham,Feedback Request,We would appreciate your feedback about your recent experience. Thank you for your time.
ham,Travel Details,Your travel booking is confirmed. Please check the itinerary for the departure time and location.
ham,Interview Schedule,Your interview has been scheduled for Saturday at 4 PM. Please confirm your availability.
ham,Class Schedule,The class will begin at 9 AM on Tuesday. Please bring your notes and required materials.
spam,Free Money,You have been chosen to receive free money. Complete the verification process now.
ham,Project Update,Please find the project update attached. Let me know if you have any questions.
spam,Free Money,You have been chosen to receive free money. Complete the verification process now.
spam,Urgent Account Alert,Your account will be suspended today. Verify your information immediately by clicking the link.
spam,Congratulations! You Won,Congratulations! You have won $100! Click the link now to claim your prize.
spam,Congratulations Reward,Congratulations! Your account has qualified for a valuable reward. Claim it immediately.
ham,Office Announcement,The office will remain open during normal working hours tomorrow.
ham,Payment Receipt,Your payment of $10000 has been received successfully. This email is your receipt.
spam,Free Gift Waiting,A free gift is waiting for you. Confirm your details now to receive your reward.
ham,Library Reminder,The book you borrowed is due back on Saturday. Please return it before the due date.
spam,Congratulations! You Won,Congratulations! You have won $250! Click the link now to claim your prize.
ham,Order Confirmation,Your order has been confirmed and will be delivered by Monday. Thank you for shopping with us.
ham,Assignment Reminder,This is a reminder that the assignment is due on Monday. Please submit it before the deadline.
ham,Assignment Reminder,This is a reminder that the assignment is due on Saturday. Please submit it before the deadline.
spam,Congratulations! You Won,Congratulations! You have won $5000! Click the link now to claim your prize.
spam,Exclusive Prize,An exclusive prize has been reserved for you. Click now to claim it.
spam,Final Notice,Final notice: claim your cash reward now or your prize will be cancelled.
ham,Account Notice,Your account information was updated successfully. Contact support if you did not make this change.
ham,Team Reminder,Please remember to attend the team meeting tomorrow and review the agenda beforehand.
ham,Class Schedule,The class will begin at 10 AM on Tuesday. Please bring your notes and required materials.
spam,Exclusive Prize,An exclusive prize has been reserved for you. Click now to claim it.
spam,Congratulations Reward,Congratulations! Your account has qualified for a valuable reward. Claim it immediately.
ham,Assignment Reminder,This is a reminder that the assignment is due on Friday. Please submit it before the deadline.
ham,Travel Details,Your travel booking is confirmed. Please check the itinerary for the departure time and location.
spam,Congratulations Reward,Congratulations! Your account has qualified for a valuable reward. Claim it immediately.
spam,Act Now,Urgent! This offer expires soon. Click the link to receive your bonus and reward.
spam,Congratulations Reward,Congratulations! Your account has qualified for a valuable reward. Claim it immediately.
spam,Investment Opportunity,Earn guaranteed profits quickly with our exclusive investment opportunity. Sign up now.
ham,Interview Schedule,Your interview has been scheduled for Wednesday at 2 PM. Please confirm your availability.
spam,You Are a Winner,You are today's lucky winner! Claim your prize immediately before the offer expires.
spam,Special Bonus,You have received a special bonus. Click here to activate your reward before it expires.
spam,Act Now,Urgent! This offer expires soon. Click the link to receive your bonus and reward.
ham,Subscription Renewal,Your subscription will renew on Monday. You can manage your subscription from your account.
ham,Project Update,Please find the project update attached. Let me know if you have any questions.
ham,Class Schedule,The class will begin at 2 PM on Monday. Please bring your notes and required materials.
spam,Free Money,You have been chosen to receive free money. Complete the verification process now.
spam,Claim Your Free Reward,You have been selected for a free reward. Claim it now before this limited offer expires.
ham,Subscription Renewal,Your subscription will renew on Tuesday. You can manage your subscription from your account.
spam,You Are a Winner,You are today's lucky winner! Claim your prize immediately before the offer expires.
ham,Subscription Renewal,Your subscription will renew on Thursday. You can manage your subscription from your account.
spam,Urgent Account Alert,Your account will be suspended today. Verify your information immediately by clicking the link.
spam,Lottery Winner,Your email has been selected as a lottery winner. Contact us immediately to claim your cash prize.
ham,Project Update,Please find the project update attached. Let me know if you have any questions.
ham,Feedback Request,We would appreciate your feedback about your recent experience. Thank you for your time.
spam,Free Money,You have been chosen to receive free money. Complete the verification process now.
spam,Limited Time Offer,Get an exclusive discount and free bonus today. Click now before this limited time offer ends.
ham,Meeting Update,"Hi team, our meeting is scheduled for Tuesday at 11 AM. Please join on time."
spam,Lottery Winner,Your email has been selected as a lottery winner. Contact us immediately to claim your cash prize.
spam,Urgent Account Alert,Your account will be suspended today. Verify your information immediately by clicking the link.
ham,Assignment Reminder,This is a reminder that the assignment is due on Monday. Please submit it before the deadline.
spam,Free Money,You have been chosen to receive free money. Complete the verification process now.
ham,Interview Schedule,Your interview has been scheduled for Monday at 11 AM. Please confirm your availability.
ham,Assignment Reminder,This is a reminder that the assignment is due on Saturday. Please submit it before the deadline.
spam,Special Bonus,You have received a special bonus. Click here to activate your reward before it expires.
ham,Assignment Reminder,This is a reminder that the assignment is due on Tuesday. Please submit it before the deadline.
ham,Document Request,Could you please send the requested document when you have time? Thank you.
spam,Lottery Winner,Your email has been selected as a lottery winner. Contact us immediately to claim your cash prize.
ham,Office Announcement,The office will remain open during normal working hours tomorrow.
spam,Claim Your Free Reward,You have been selected for a free reward. Claim it now before this limited offer expires.
ham,Travel Details,Your travel booking is confirmed. Please check the itinerary for the departure time and location.
ham,Travel Details,Your travel booking is confirmed. Please check the itinerary for the departure time and location.
spam,Free Money,You have been chosen to receive free money. Complete the verification process now.
spam,Lottery Winner,Your email has been selected as a lottery winner. Contact us immediately to claim your cash prize.
spam,Special Bonus,You have received a special bonus. Click here to activate your reward before it expires.
ham,Payment Receipt,Your payment of $1000 has been received successfully. This email is your receipt.
ham,Class Schedule,The class will begin at 3 PM on Thursday. Please bring your notes and required materials.
spam,Exclusive Prize,An exclusive prize has been reserved for you. Click now to claim it.
spam,Special Bonus,You have received a special bonus. Click here to activate your reward before it expires.
ham,Interview Schedule,Your interview has been scheduled for Friday at 2 PM. Please confirm your availability.
ham,Meeting Update,"Hi team, our meeting is scheduled for Monday at 3 PM. Please join on time."
spam,Limited Time Offer,Get an exclusive discount and free bonus today. Click now before this limited time offer ends.
ham,Account Notice,Your account information was updated successfully. Contact support if you did not make this change.
spam,Free Money,You have been chosen to receive free money. Complete the verification process now.
spam,Exclusive Cash Offer,You are eligible to receive $5000 in free cash. Act now to claim your money.
ham,Subscription Renewal,Your subscription will renew on Saturday. You can manage your subscription from your account.
ham,Meeting Update,"Hi team, our meeting is scheduled for Tuesday at 11 AM. Please join on time."
spam,Free Money,You have been chosen to receive free money. Complete the verification process now.
spam,Exclusive Cash Offer,You are eligible to receive $500 in free cash. Act now to claim your money.
ham,Project Update,Please find the project update attached. Let me know if you have any questions.
spam,Final Notice,Final notice: claim your cash reward now or your prize will be cancelled.
spam,Urgent Account Alert,Your account will be suspended today. Verify your information immediately by clicking the link.
ham,Project Update,Please find the project update attached. Let me know if you have any questions.
ham,Document Request,Could you please send the requested document when you have time? Thank you.
spam,Lottery Winner,Your email has been selected as a lottery winner. Contact us immediately to claim your cash prize.
spam,Exclusive Prize,An exclusive prize has been reserved for you. Click now to claim it.
ham,Account Notice,Your account information was updated successfully. Contact support if you did not make this change.
spam,Limited Time Offer,Get an exclusive discount and free bonus today. Click now before this limited time offer ends.
ham,Payment Receipt,Your payment of $5000 has been received successfully. This email is your receipt.
spam,Congratulations! You Won,Congratulations! You have won $10000! Click the link now to claim your prize.
spam,Urgent Account Alert,Your account will be suspended today. Verify your information immediately by clicking the link.
ham,Travel Details,Your travel booking is confirmed. Please check the itinerary for the departure time and location.
spam,Claim Your Free Reward,You have been selected for a free reward. Claim it now before this limited offer expires.
ham,Office Announcement,The office will remain open during normal working hours tomorrow.
ham,Assignment Reminder,This is a reminder that the assignment is due on Thursday. Please submit it before the deadline.
ham,Assignment Reminder,This is a reminder that the assignment is due on Saturday. Please submit it before the deadline.
ham,Subscription Renewal,Your subscription will renew on Monday. You can manage your subscription from your account.
spam,Free Money,You have been chosen to receive free money. Complete the verification process now.
spam,Final Notice,Final notice: claim your cash reward now or your prize will be cancelled.
ham,Team Reminder,Please remember to attend the team meeting tomorrow and review the agenda beforehand.
ham,Library Reminder,The book you borrowed is due back on Saturday. Please return it before the due date.
spam,Congratulations! You Won,Congratulations! You have won $100! Click the link now to claim your prize.
ham,Meeting Update,"Hi team, our meeting is scheduled for Wednesday at 9 AM. Please join on time."
ham,Account Notice,Your account information was updated successfully. Contact support if you did not make this change.
spam,Investment Opportunity,Earn guaranteed profits quickly with our exclusive investment opportunity. Sign up now.
ham,Order Confirmation,Your order has been confirmed and will be delivered by Monday. Thank you for shopping with us.
spam,Investment Opportunity,Earn guaranteed profits quickly with our exclusive investment opportunity. Sign up now.
spam,Congratulations Reward,Congratulations! Your account has qualified for a valuable reward. Claim it immediately.
ham,Order Confirmation,Your order has been confirmed and will be delivered by Monday. Thank you for shopping with us.
spam,Congratulations Reward,Congratulations! Your account has qualified for a valuable reward. Claim it immediately.
ham,Project Update,Please find the project update attached. Let me know if you have any questions.
spam,Act Now,Urgent! This offer expires soon. Click the link to receive your bonus and reward.
ham,Feedback Request,We would appreciate your feedback about your recent experience. Thank you for your time.
spam,Free Money,You have been chosen to receive free money. Complete the verification process now.
spam,Exclusive Cash Offer,You are eligible to receive $500 in free cash. Act now to claim your money.
spam,You Are a Winner,You are today's lucky winner! Claim your prize immediately before the offer expires.
ham,Class Schedule,The class will begin at 10 AM on Saturday. Please bring your notes and required materials.
ham,Subscription Renewal,Your subscription will renew on Tuesday. You can manage your subscription from your account.
spam,Free Gift Waiting,A free gift is waiting for you. Confirm your details now to receive your reward.
ham,Assignment Reminder,This is a reminder that the assignment is due on Monday. Please submit it before the deadline.
ham,Payment Receipt,Your payment of $1000 has been received successfully. This email is your receipt.
ham,Interview Schedule,Your interview has been scheduled for Saturday at 4 PM. Please confirm your availability.
ham,Subscription Renewal,Your subscription will renew on Thursday. You can manage your subscription from your account.
spam,You Are a Winner,You are today's lucky winner! Claim your prize immediately before the offer expires.
spam,Limited Time Offer,Get an exclusive discount and free bonus today. Click now before this limited time offer ends.
ham,Order Confirmation,Your order has been confirmed and will be delivered by Tuesday. Thank you for shopping with us.
spam,Urgent Account Alert,Your account will be suspended today. Verify your information immediately by clicking the link.
spam,Free Money,You have been chosen to receive free money. Complete the verification process now.
ham,Class Schedule,The class will begin at 10 AM on Tuesday. Please bring your notes and required materials.
spam,You Are a Winner,You are today's lucky winner! Claim your prize immediately before the offer expires.
ham,Interview Schedule,Your interview has been scheduled for Monday at 10 AM. Please confirm your availability.
spam,Limited Time Offer,Get an exclusive discount and free bonus today. Click now before this limited time offer ends.
ham,Document Request,Could you please send the requested document when you have time? Thank you.
ham,Document Request,Could you please send the requested document when you have time? Thank you.
ham,Subscription Renewal,Your subscription will renew on Monday. You can manage your subscription from your account.
ham,Travel Details,Your travel booking is confirmed. Please check the itinerary for the departure time and location.
spam,Exclusive Prize,An exclusive prize has been reserved for you. Click now to claim it.
spam,Free Money,You have been chosen to receive free money. Complete the verification process now.
ham,Project Update,Please find the project update attached. Let me know if you have any questions.
spam,Exclusive Cash Offer,You are eligible to receive $10000 in free cash. Act now to claim your money.
ham,Interview Schedule,Your interview has been scheduled for Wednesday at 10 AM. Please confirm your availability.
ham,Class Schedule,The class will begin at 10 AM on Saturday. Please bring your notes and required materials.
ham,Class Schedule,The class will begin at 3 PM on Thursday. Please bring your notes and required materials.
spam,Urgent Account Alert,Your account will be suspended today. Verify your information immediately by clicking the link.
ham,Subscription Renewal,Your subscription will renew on Monday. You can manage your subscription from your account.
spam,Investment Opportunity,Earn guaranteed profits quickly with our exclusive investment opportunity. Sign up now.
ham,Team Reminder,Please remember to attend the team meeting tomorrow and review the agenda beforehand.
ham,Library Reminder,The book you borrowed is due back on Wednesday. Please return it before the due date.
spam,Free Money,You have been chosen to receive free money. Complete the verification process now.
spam,Free Money,You have been chosen to receive free money. Complete the verification process now.
spam,Exclusive Cash Offer,You are eligible to receive $5000 in free cash. Act now to claim your money.
spam,Urgent Account Alert,Your account will be suspended today. Verify your information immediately by clicking the link.
spam,Congratulations Reward,Congratulations! Your account has qualified for a valuable reward. Claim it immediately.
ham,Project Update,Please find the project update attached. Let me know if you have any questions.
ham,Order Confirmation,Your order has been confirmed and will be delivered by Wednesday. Thank you for shopping with us.
spam,Claim Your Free Reward,You have been selected for a free reward. Claim it now before this limited offer expires.
ham,Team Reminder,Please remember to attend the team meeting tomorrow and review the agenda beforehand.
spam,Congratulations Reward,Congratulations! Your account has qualified for a valuable reward. Claim it immediately.
spam,Congratulations Reward,Congratulations! Your account has qualified for a valuable reward. Claim it immediately.
ham,Project Update,Please find the project update attached. Let me know if you have any questions.
spam,Limited Time Offer,Get an exclusive discount and free bonus today. Click now before this limited time offer ends.
spam,You Are a Winner,You are today's lucky winner! Claim your prize immediately before the offer expires.
ham,Team Reminder,Please remember to attend the team meeting tomorrow and review the agenda beforehand.
ham,Interview Schedule,Your interview has been scheduled for Saturday at 2 PM. Please confirm your availability.
spam,Special Bonus,You have received a special bonus. Click here to activate your reward before it expires.
spam,Exclusive Prize,An exclusive prize has been reserved for you. Click now to claim it.
spam,Investment Opportunity,Earn guaranteed profits quickly with our exclusive investment opportunity. Sign up now.
spam,Exclusive Prize,An exclusive prize has been reserved for you. Click now to claim it.
ham,Meeting Update,"Hi team, our meeting is scheduled for Thursday at 11 AM. Please join on time."
spam,Claim Your Free Reward,You have been selected for a free reward. Claim it now before this limited offer expires.
ham,Document Request,Could you please send the requested document when you have time? Thank you.
ham,Meeting Update,"Hi team, our meeting is scheduled for Tuesday at 2 PM. Please join on time."
spam,Exclusive Prize,An exclusive prize has been reserved for you. Click now to claim it.
spam,Special Bonus,You have received a special bonus. Click here to activate your reward before it expires.
ham,Office Announcement,The office will remain open during normal working hours tomorrow.
ham,Payment Receipt,Your payment of $1000 has been received successfully. This email is your receipt.
spam,Congratulations! You Won,Congratulations! You have won $50! Click the link now to claim your prize.
ham,Interview Schedule,Your interview has been scheduled for Friday at 11 AM. Please confirm your availability.
ham,Team Reminder,Please remember to attend the team meeting tomorrow and review the agenda beforehand.
ham,Travel Details,Your travel booking is confirmed. Please check the itinerary for the departure time and location.
ham,Meeting Update,"Hi team, our meeting is scheduled for Saturday at 3 PM. Please join on time."
spam,Investment Opportunity,Earn guaranteed profits quickly with our exclusive investment opportunity. Sign up now.
spam,Free Gift Waiting,A free gift is waiting for you. Confirm your details now to receive your reward.
spam,Investment Opportunity,Earn guaranteed profits quickly with our exclusive investment opportunity. Sign up now.
ham,Class Schedule,The class will begin at 4 PM on Monday. Please bring your notes and required materials.
spam,Limited Time Offer,Get an exclusive discount and free bonus today. Click now before this limited time offer ends.
spam,Limited Time Offer,Get an exclusive discount and free bonus today. Click now before this limited time offer ends.
ham,Order Confirmation,Your order has been confirmed and will be delivered by Tuesday. Thank you for shopping with us.
ham,Assignment Reminder,This is a reminder that the assignment is due on Saturday. Please submit it before the deadline.
ham,Team Reminder,Please remember to attend the team meeting tomorrow and review the agenda beforehand.
spam,Act Now,Urgent! This offer expires soon. Click the link to receive your bonus and reward.
ham,Document Request,Could you please send the requested document when you have time? Thank you.
spam,Free Money,You have been chosen to receive free money. Complete the verification process now.
spam,You Are a Winner,You are today's lucky winner! Claim your prize immediately before the offer expires.
ham,Document Request,Could you please send the requested document when you have time? Thank you.
ham,Document Request,Could you please send the requested document when you have time? Thank you.
ham,Team Reminder,Please remember to attend the team meeting tomorrow and review the agenda beforehand.
ham,Account Notice,Your account information was updated successfully. Contact support if you did not make this change.
ham,Order Confirmation,Your order has been confirmed and will be delivered by Tuesday. Thank you for shopping with us.
ham,Order Confirmation,Your order has been confirmed and will be delivered by Monday. Thank you for shopping with us.
spam,Investment Opportunity,Earn guaranteed profits quickly with our exclusive investment opportunity. Sign up now.
spam,Lottery Winner,Your email has been selected as a lottery winner. Contact us immediately to claim your cash prize.
spam,Final Notice,Final notice: claim your cash reward now or your prize will be cancelled.
spam,Free Gift Waiting,A free gift is waiting for you. Confirm your details now to receive your reward.
ham,Document Request,Could you please send the requested document when you have time? Thank you.
ham,Meeting Update,"Hi team, our meeting is scheduled for Tuesday at 4 PM. Please join on time."
ham,Office Announcement,The office will remain open during normal working hours tomorrow.
spam,Lottery Winner,Your email has been selected as a lottery winner. Contact us immediately to claim your cash prize.
ham,Subscription Renewal,Your subscription will renew on Wednesday. You can manage your subscription from your account.
ham,Document Request,Could you please send the requested document when you have time? Thank you.
ham,Meeting Update,"Hi team, our meeting is scheduled for Thursday at 2 PM. Please join on time."
ham,Order Confirmation,Your order has been confirmed and will be delivered by Thursday. Thank you for shopping with us.
spam,Claim Your Free Reward,You have been selected for a free reward. Claim it now before this limited offer expires.
ham,Subscription Renewal,Your subscription will renew on Tuesday. You can manage your subscription from your account.
ham,Team Reminder,Please remember to attend the team meeting tomorrow and review the agenda beforehand.
ham,Order Confirmation,Your order has been confirmed and will be delivered by Wednesday. Thank you for shopping with us.
ham,Meeting Update,"Hi team, our meeting is scheduled for Tuesday at 2 PM. Please join on time."
spam,Investment Opportunity,Earn guaranteed profits quickly with our exclusive investment opportunity. Sign up now.
ham,Library Reminder,The book you borrowed is due back on Tuesday. Please return it before the due date.
ham,Payment Receipt,Your payment of $250 has been received successfully. This email is your receipt.
ham,Assignment Reminder,This is a reminder that the assignment is due on Saturday. Please submit it before the deadline.
ham,Payment Receipt,Your payment of $250 has been received successfully. This email is your receipt.
ham,Feedback Request,We would appreciate your feedback about your recent experience. Thank you for your time.
ham,Account Notice,Your account information was updated successfully. Contact support if you did not make this change.
spam,Claim Your Free Reward,You have been selected for a free reward. Claim it now before this limited offer expires.
spam,Urgent Account Alert,Your account will be suspended today. Verify your information immediately by clicking the link.
spam,Free Gift Waiting,A free gift is waiting for you. Confirm your details now to receive your reward.
spam,Congratulations Reward,Congratulations! Your account has qualified for a valuable reward. Claim it immediately.
spam,Free Gift Waiting,A free gift is waiting for you. Confirm your details now to receive your reward.
spam,Free Money,You have been chosen to receive free money. Complete the verification process now.
ham,Interview Schedule,Your interview has been scheduled for Monday at 3 PM. Please confirm your availability.
spam,Limited Time Offer,Get an exclusive discount and free bonus today. Click now before this limited time offer ends.
spam,Free Money,You have been chosen to receive free money. Complete the verification process now.
ham,Subscription Renewal,Your subscription will renew on Thursday. You can manage your subscription from your account.
spam,Act Now,Urgent! This offer expires soon. Click the link to receive your bonus and reward.
spam,Free Money,You have been chosen to receive free money. Complete the verification process now.
ham,Travel Details,Your travel booking is confirmed. Please check the itinerary for the departure time and location.
spam,Free Money,You have been chosen to receive free money. Complete the verification process now.
ham,Office Announcement,The office will remain open during normal working hours tomorrow.
ham,Assignment Reminder,This is a reminder that the assignment is due on Friday. Please submit it before the deadline.
ham,Office Announcement,The office will remain open during normal working hours tomorrow.
ham,Assignment Reminder,This is a reminder that the assignment is due on Tuesday. Please submit it before the deadline.
ham,Project Update,Please find the project update attached. Let me know if you have any questions.
spam,Free Money,You have been chosen to receive free money. Complete the verification process now.
spam,Congratulations! You Won,Congratulations! You have won $50! Click the link now to claim your prize.
ham,Account Notice,Your account information was updated successfully. Contact support if you did not make this change.
ham,Interview Schedule,Your interview has been scheduled for Thursday at 11 AM. Please confirm your availability.
spam,Investment Opportunity,Earn guaranteed profits quickly with our exclusive investment opportunity. Sign up now.
ham,Interview Schedule,Your interview has been scheduled for Thursday at 3 PM. Please confirm your availability.
ham,Subscription Renewal,Your subscription will renew on Wednesday. You can manage your subscription from your account.
spam,Congratulations Reward,Congratulations! Your account has qualified for a valuable reward. Claim it immediately.
ham,Payment Receipt,Your payment of $50 has been received successfully. This email is your receipt.
spam,You Are a Winner,You are today's lucky winner! Claim your prize immediately before the offer expires.
ham,Subscription Renewal,Your subscription will renew on Saturday. You can manage your subscription from your account.
ham,Assignment Reminder,This is a reminder that the assignment is due on Monday. Please submit it before the deadline.
spam,Urgent Account Alert,Your account will be suspended today. Verify your information immediately by clicking the link.
spam,You Are a Winner,You are today's lucky winner! Claim your prize immediately before the offer expires.
ham,Order Confirmation,Your order has been confirmed and will be delivered by Tuesday. Thank you for shopping with us.
ham,Library Reminder,The book you borrowed is due back on Friday. Please return it before the due date.
ham,Payment Receipt,Your payment of $250 has been received successfully. This email is your receipt.
spam,You Are a Winner,You are today's lucky winner! Claim your prize immediately before the offer expires.
ham,Feedback Request,We would appreciate your feedback about your recent experience. Thank you for your time.
spam,Special Bonus,You have received a special bonus. Click here to activate your reward before it expires.
ham,Class Schedule,The class will begin at 9 AM on Thursday. Please bring your notes and required materials.
spam,Act Now,Urgent! This offer expires soon. Click the link to receive your bonus and reward.
ham,Document Request,Could you please send the requested document when you have time? Thank you.
spam,Urgent Account Alert,Your account will be suspended today. Verify your information immediately by clicking the link.
spam,You Are a Winner,You are today's lucky winner! Claim your prize immediately before the offer expires.
spam,Exclusive Cash Offer,You are eligible to receive $5000 in free cash. Act now to claim your money.
spam,Free Gift Waiting,A free gift is waiting for you. Confirm your details now to receive your reward.
ham,Assignment Reminder,This is a reminder that the assignment is due on Friday. Please submit it before the deadline.
ham,Team Reminder,Please remember to attend the team meeting tomorrow and review the agenda beforehand.
spam,Free Gift Waiting,A free gift is waiting for you. Confirm your details now to receive your reward.
spam,Final Notice,Final notice: claim your cash reward now or your prize will be cancelled.
ham,Document Request,Could you please send the requested document when you have time? Thank you.
spam,Congratulations Reward,Congratulations! Your account has qualified for a valuable reward. Claim it immediately.
spam,Lottery Winner,Your email has been selected as a lottery winner. Contact us immediately to claim your cash prize.
spam,Free Money,You have been chosen to receive free money. Complete the verification process now.
spam,Investment Opportunity,Earn guaranteed profits quickly with our exclusive investment opportunity. Sign up now.
spam,Free Gift Waiting,A free gift is waiting for you. Confirm your details now to receive your reward.
spam,Exclusive Prize,An exclusive prize has been reserved for you. Click now to claim it.
ham,Payment Receipt,Your payment of $250 has been received successfully. This email is your receipt.
ham,Interview Schedule,Your interview has been scheduled for Wednesday at 10 AM. Please confirm your availability.
ham,Team Reminder,Please remember to attend the team meeting tomorrow and review the agenda beforehand.
spam,Lottery Winner,Your email has been selected as a lottery winner. Contact us immediately to claim your cash prize.
ham,Meeting Update,"Hi team, our meeting is scheduled for Friday at 10 AM. Please join on time."
ham,Travel Details,Your travel booking is confirmed. Please check the itinerary for the departure time and location.
spam,Free Gift Waiting,A free gift is waiting for you. Confirm your details now to receive your reward.
ham,Travel Details,Your travel booking is confirmed. Please check the itinerary for the departure time and location.
spam,Free Money,You have been chosen to receive free money. Complete the verification process now.
spam,Exclusive Prize,An exclusive prize has been reserved for you. Click now to claim it.
ham,Payment Receipt,Your payment of $10000 has been received successfully. This email is your receipt.
ham,Feedback Request,We would appreciate your feedback about your recent experience. Thank you for your time.
spam,Act Now,Urgent! This offer expires soon. Click the link to receive your bonus and reward.
spam,Free Money,You have been chosen to receive free money. Complete the verification process now.
ham,Assignment Reminder,This is a reminder that the assignment is due on Monday. Please submit it before the deadline.
spam,Exclusive Cash Offer,You are eligible to receive $500 in free cash. Act now to claim your money.
spam,Act Now,Urgent! This offer expires soon. Click the link to receive your bonus and reward.
ham,Document Request,Could you please send the requested document when you have time? Thank you.
spam,Claim Your Free Reward,You have been selected for a free reward. Claim it now before this limited offer expires.
ham,Account Notice,Your account information was updated successfully. Contact support if you did not make this change.
ham,Account Notice,Your account information was updated successfully. Contact support if you did not make this change.
ham,Travel Details,Your travel booking is confirmed. Please check the itinerary for the departure time and location.
spam,Limited Time Offer,Get an exclusive discount and free bonus today. Click now before this limited time offer ends.
ham,Team Reminder,Please remember to attend the team meeting tomorrow and review the agenda beforehand.
spam,Congratulations! You Won,Congratulations! You have won $100! Click the link now to claim your prize.
ham,Account Notice,Your account information was updated successfully. Contact support if you did not make this change.
spam,Exclusive Prize,An exclusive prize has been reserved for you. Click now to claim it.
spam,Special Bonus,You have received a special bonus. Click here to activate your reward before it expires.
spam,Exclusive Cash Offer,You are eligible to receive $1000 in free cash. Act now to claim your money.
spam,You Are a Winner,You are today's lucky winner! Claim your prize immediately before the offer expires.
ham,Project Update,Please find the project update attached. Let me know if you have any questions.
ham,Assignment Reminder,This is a reminder that the assignment is due on Monday. Please submit it before the deadline.
ham,Document Request,Could you please send the requested document when you have time? Thank you.
ham,Project Update,Please find the project update attached. Let me know if you have any questions.
spam,Congratulations Reward,Congratulations! Your account has qualified for a valuable reward. Claim it immediately.
spam,Final Notice,Final notice: claim your cash reward now or your prize will be cancelled.
ham,Project Update,Please find the project update attached. Let me know if you have any questions.
ham,Document Request,Could you please send the requested document when you have time? Thank you.
ham,Document Request,Could you please send the requested document when you have time? Thank you.
ham,Order Confirmation,Your order has been confirmed and will be delivered by Saturday. Thank you for shopping with us.
ham,Library Reminder,The book you borrowed is due back on Tuesday. Please return it before the due date.
spam,Congratulations Reward,Congratulations! Your account has qualified for a valuable reward. Claim it immediately.
ham,Project Update,Please find the project update attached. Let me know if you have any questions.
spam,Urgent Account Alert,Your account will be suspended today. Verify your information immediately by clicking the link.
spam,Congratulations! You Won,Congratulations! You have won $10000! Click the link now to claim your prize.
ham,Payment Receipt,Your payment of $250 has been received successfully. This email is your receipt.
ham,Document Request,Could you please send the requested document when you have time? Thank you.
spam,Exclusive Cash Offer,You are eligible to receive $50 in free cash. Act now to claim your money.
spam,Final Notice,Final notice: claim your cash reward now or your prize will be cancelled.
spam,Final Notice,Final notice: claim your cash reward now or your prize will be cancelled.
spam,Investment Opportunity,Earn guaranteed profits quickly with our exclusive investment opportunity. Sign up now.
spam,Special Bonus,You have received a special bonus. Click here to activate your reward before it expires.
ham,Office Announcement,The office will remain open during normal working hours tomorrow.
spam,Exclusive Cash Offer,You are eligible to receive $50 in free cash. Act now to claim your money.
ham,Feedback Request,We would appreciate your feedback about your recent experience. Thank you for your time.
spam,Lottery Winner,Your email has been selected as a lottery winner. Contact us immediately to claim your cash prize.
ham,Subscription Renewal,Your subscription will renew on Monday. You can manage your subscription from your account.
spam,Exclusive Cash Offer,You are eligible to receive $250 in free cash. Act now to claim your money.
ham,Team Reminder,Please remember to attend the team meeting tomorrow and review the agenda beforehand.
spam,Free Gift Waiting,A free gift is waiting for you. Confirm your details now to receive your reward.
spam,Act Now,Urgent! This offer expires soon. Click the link to receive your bonus and reward.
spam,Claim Your Free Reward,You have been selected for a free reward. Claim it now before this limited offer expires.
ham,Assignment Reminder,This is a reminder that the assignment is due on Thursday. Please submit it before the deadline.
spam,Free Gift Waiting,A free gift is waiting for you. Confirm your details now to receive your reward.
ham,Travel Details,Your travel booking is confirmed. Please check the itinerary for the departure time and location.
ham,Payment Receipt,Your payment of $250 has been received successfully. This email is your receipt.
ham,Feedback Request,We would appreciate your feedback about your recent experience. Thank you for your time.
ham,Class Schedule,The class will begin at 9 AM on Tuesday. Please bring your notes and required materials.
ham,Class Schedule,The class will begin at 11 AM on Saturday. Please bring your notes and required materials.
spam,Free Money,You have been chosen to receive free money. Complete the verification process now.
ham,Interview Schedule,Your interview has been scheduled for Tuesday at 3 PM. Please confirm your availability.
spam,Final Notice,Final notice: claim your cash reward now or your prize will be cancelled.
spam,Lottery Winner,Your email has been selected as a lottery winner. Contact us immediately to claim your cash prize.
ham,Class Schedule,The class will begin at 3 PM on Wednesday. Please bring your notes and required materials.
ham,Office Announcement,The office will remain open during normal working hours tomorrow.
ham,Interview Schedule,Your interview has been scheduled for Wednesday at 10 AM. Please confirm your availability.
ham,Document Request,Could you please send the requested document when you have time? Thank you.
spam,Congratulations! You Won,Congratulations! You have won $100! Click the link now to claim your prize.
spam,Exclusive Cash Offer,You are eligible to receive $1000 in free cash. Act now to claim your money.
ham,Project Update,Please find the project update attached. Let me know if you have any questions.
ham,Library Reminder,The book you borrowed is due back on Friday. Please return it before the due date.
spam,Exclusive Cash Offer,You are eligible to receive $1000 in free cash. Act now to claim your money.
ham,Team Reminder,Please remember to attend the team meeting tomorrow and review the agenda beforehand.
ham,Library Reminder,The book you borrowed is due back on Wednesday. Please return it before the due date.
spam,Claim Your Free Reward,You have been selected for a free reward. Claim it now before this limited offer expires.
spam,Claim Your Free Reward,You have been selected for a free reward. Claim it now before this limited offer expires.
ham,Office Announcement,The office will remain open during normal working hours tomorrow.
ham,Feedback Request,We would appreciate your feedback about your recent experience. Thank you for your time.
ham,Team Reminder,Please remember to attend the team meeting tomorrow and review the agenda beforehand.
ham,Document Request,Could you please send the requested document when you have time? Thank you.
spam,Urgent Account Alert,Your account will be suspended today. Verify your information immediately by clicking the link.
ham,Meeting Update,"Hi team, our meeting is scheduled for Friday at 9 AM. Please join on time."
spam,Congratulations Reward,Congratulations! Your account has qualified for a valuable reward. Claim it immediately.
spam,Exclusive Cash Offer,You are eligible to receive $100 in free cash. Act now to claim your money.
ham,Subscription Renewal,Your subscription will renew on Monday. You can manage your subscription from your account.
ham,Project Update,Please find the project update attached. Let me know if you have any questions.
spam,Claim Your Free Reward,You have been selected for a free reward. Claim it now before this limited offer expires.
ham,Feedback Request,We would appreciate your feedback about your recent experience. Thank you for your time.
spam,Special Bonus,You have received a special bonus. Click here to activate your reward before it expires.
ham,Feedback Request,We would appreciate your feedback about your recent experience. Thank you for your time.
spam,Special Bonus,You have received a special bonus. Click here to activate your reward before it expires.
spam,Limited Time Offer,Get an exclusive discount and free bonus today. Click now before this limited time offer ends.
spam,Congratulations Reward,Congratulations! Your account has qualified for a valuable reward. Claim it immediately.
ham,Account Notice,Your account information was updated successfully. Contact support if you did not make this change.
ham,Order Confirmation,Your order has been confirmed and will be delivered by Wednesday. Thank you for shopping with us.
ham,Interview Schedule,Your interview has been scheduled for Monday at 9 AM. Please confirm your availability.
spam,Free Money,You have been chosen to receive free money. Complete the verification process now.
spam,Congratulations Reward,Congratulations! Your account has qualified for a valuable reward. Claim it immediately.
spam,Lottery Winner,Your email has been selected as a lottery winner. Contact us immediately to claim your cash prize.
spam,Free Money,You have been chosen to receive free money. Complete the verification process now.
ham,Class Schedule,The class will begin at 11 AM on Wednesday. Please bring your notes and required materials.
ham,Document Request,Could you please send the requested document when you have time? Thank you.
ham,Interview Schedule,Your interview has been scheduled for Tuesday at 4 PM. Please confirm your availability.
spam,Free Money,You have been chosen to receive free money. Complete the verification process now.
spam,Congratulations Reward,Congratulations! Your account has qualified for a valuable reward. Claim it immediately.
spam,Lottery Winner,Your email has been selected as a lottery winner. Contact us immediately to claim your cash prize.
spam,Exclusive Prize,An exclusive prize has been reserved for you. Click now to claim it.
ham,Account Notice,Your account information was updated successfully. Contact support if you did not make this change.
ham,Account Notice,Your account information was updated successfully. Contact support if you did not make this change.
spam,Exclusive Cash Offer,You are eligible to receive $500 in free cash. Act now to claim your money.
spam,Act Now,Urgent! This offer expires soon. Click the link to receive your bonus and reward.
spam,Congratulations! You Won,Congratulations! You have won $50! Click the link now to claim your prize.
spam,Free Money,You have been chosen to receive free money. Complete the verification process now.
spam,Claim Your Free Reward,You have been selected for a free reward. Claim it now before this limited offer expires.
ham,Document Request,Could you please send the requested document when you have time? Thank you.
ham,Class Schedule,The class will begin at 11 AM on Saturday. Please bring your notes and required materials.
spam,Limited Time Offer,Get an exclusive discount and free bonus today. Click now before this limited time offer ends.
spam,Limited Time Offer,Get an exclusive discount and free bonus today. Click now before this limited time offer ends.
ham,Subscription Renewal,Your subscription will renew on Friday. You can manage your subscription from your account.
ham,Document Request,Could you please send the requested document when you have time? Thank you.
spam,Exclusive Cash Offer,You are eligible to receive $100 in free cash. Act now to claim your money.
ham,Travel Details,Your travel booking is confirmed. Please check the itinerary for the departure time and location.
ham,Office Announcement,The office will remain open during normal working hours tomorrow.
spam,Free Money,You have been chosen to receive free money. Complete the verification process now.
spam,Final Notice,Final notice: claim your cash reward now or your prize will be cancelled.
ham,Class Schedule,The class will begin at 2 PM on Saturday. Please bring your notes and required materials.
spam,Final Notice,Final notice: claim your cash reward now or your prize will be cancelled.
ham,Document Request,Could you please send the requested document when you have time? Thank you.
ham,Team Reminder,Please remember to attend the team meeting tomorrow and review the agenda beforehand.
ham,Meeting Update,"Hi team, our meeting is scheduled for Thursday at 2 PM. Please join on time."
spam,Act Now,Urgent! This offer expires soon. Click the link to receive your bonus and reward.
ham,Payment Receipt,Your payment of $1000 has been received successfully. This email is your receipt.
spam,Exclusive Prize,An exclusive prize has been reserved for you. Click now to claim it.
spam,Exclusive Prize,An exclusive prize has been reserved for you. Click now to claim it.
spam,Exclusive Prize,An exclusive prize has been reserved for you. Click now to claim it.
ham,Subscription Renewal,Your subscription will renew on Friday. You can manage your subscription from your account.
spam,Lottery Winner,Your email has been selected as a lottery winner. Contact us immediately to claim your cash prize.
spam,Lottery Winner,Your email has been selected as a lottery winner. Contact us immediately to claim your cash prize.
spam,Exclusive Cash Offer,You are eligible to receive $500 in free cash. Act now to claim your money.
ham,Payment Receipt,Your payment of $250 has been received successfully. This email is your receipt.
spam,Exclusive Prize,An exclusive prize has been reserved for you. Click now to claim it.
ham,Office Announcement,The office will remain open during normal working hours tomorrow.
spam,Special Bonus,You have received a special bonus. Click here to activate your reward before it expires.
ham,Class Schedule,The class will begin at 10 AM on Wednesday. Please bring your notes and required materials.
spam,Exclusive Cash Offer,You are eligible to receive $5000 in free cash. Act now to claim your money.
spam,Urgent Account Alert,Your account will be suspended today. Verify your information immediately by clicking the link.
spam,Free Gift Waiting,A free gift is waiting for you. Confirm your details now to receive your reward.
spam,Free Money,You have been chosen to receive free money. Complete the verification process now.
ham,Office Announcement,The office will remain open during normal working hours tomorrow.
spam,Claim Your Free Reward,You have been selected for a free reward. Claim it now before this limited offer expires.
ham,Assignment Reminder,This is a reminder that the assignment is due on Monday. Please submit it before the deadline.
spam,Claim Your Free Reward,You have been selected for a free reward. Claim it now before this limited offer expires.
spam,Lottery Winner,Your email has been selected as a lottery winner. Contact us immediately to claim your cash prize.
spam,Lottery Winner,Your email has been selected as a lottery winner. Contact us immediately to claim your cash prize.
ham,Payment Receipt,Your payment of $10000 has been received successfully. This email is your receipt.
ham,Travel Details,Your travel booking is confirmed. Please check the itinerary for the departure time and location.
spam,Claim Your Free Reward,You have been selected for a free reward. Claim it now before this limited offer expires.
ham,Feedback Request,We would appreciate your feedback about your recent experience. Thank you for your time.
spam,Free Money,You have been chosen to receive free money. Complete the verification process now.
ham,Office Announcement,The office will remain open during normal working hours tomorrow.
ham,Meeting Update,"Hi team, our meeting is scheduled for Saturday at 10 AM. Please join on time."
ham,Order Confirmation,Your order has been confirmed and will be delivered by Thursday. Thank you for shopping with us.
ham,Assignment Reminder,This is a reminder that the assignment is due on Saturday. Please submit it before the deadline.
ham,Office Announcement,The office will remain open during normal working hours tomorrow.
ham,Meeting Update,"Hi team, our meeting is scheduled for Monday at 9 AM. Please join on time."
ham,Payment Receipt,Your payment of $10000 has been received successfully. This email is your receipt.
spam,Limited Time Offer,Get an exclusive discount and free bonus today. Click now before this limited time offer ends.
ham,Payment Receipt,Your payment of $250 has been received successfully. This email is your receipt.
ham,Class Schedule,The class will begin at 10 AM on Friday. Please bring your notes and required materials.
ham,Account Notice,Your account information was updated successfully. Contact support if you did not make this change.
spam,Claim Your Free Reward,You have been selected for a free reward. Claim it now before this limited offer expires.
ham,Team Reminder,Please remember to attend the team meeting tomorrow and review the agenda beforehand.
ham,Document Request,Could you please send the requested document when you have time? Thank you.
ham,Class Schedule,The class will begin at 2 PM on Thursday. Please bring your notes and required materials.
spam,Exclusive Prize,An exclusive prize has been reserved for you. Click now to claim it.
ham,Subscription Renewal,Your subscription will renew on Friday. You can manage your subscription from your account.
spam,Urgent Account Alert,Your account will be suspended today. Verify your information immediately by clicking the link.
spam,Investment Opportunity,Earn guaranteed profits quickly with our exclusive investment opportunity. Sign up now.
spam,Limited Time Offer,Get an exclusive discount and free bonus today. Click now before this limited time offer ends.
ham,Order Confirmation,Your order has been confirmed and will be delivered by Friday. Thank you for shopping with us.
ham,Payment Receipt,Your payment of $250 has been received successfully. This email is your receipt.
ham,Library Reminder,The book you borrowed is due back on Monday. Please return it before the due date.
spam,Final Notice,Final notice: claim your cash reward now or your prize will be cancelled.
spam,Urgent Account Alert,Your account will be suspended today. Verify your information immediately by clicking the link.
spam,Exclusive Prize,An exclusive prize has been reserved for you. Click now to claim it.
ham,Subscription Renewal,Your subscription will renew on Monday. You can manage your subscription from your account.
spam,Congratulations! You Won,Congratulations! You have won $250! Click the link now to claim your prize.
ham,Document Request,Could you please send the requested document when you have time? Thank you.
spam,Exclusive Prize,An exclusive prize has been reserved for you. Click now to claim it.
spam,Exclusive Cash Offer,You are eligible to receive $5000 in free cash. Act now to claim your money.
spam,Exclusive Prize,An exclusive prize has been reserved for you. Click now to claim it.
spam,Lottery Winner,Your email has been selected as a lottery winner. Contact us immediately to claim your cash prize.
ham,Interview Schedule,Your interview has been scheduled for Tuesday at 2 PM. Please confirm your availability.
spam,You Are a Winner,You are today's lucky winner! Claim your prize immediately before the offer expires.
ham,Order Confirmation,Your order has been confirmed and will be delivered by Monday. Thank you for shopping with us.
ham,Project Update,Please find the project update attached. Let me know if you have any questions.
ham,Travel Details,Your travel booking is confirmed. Please check the itinerary for the departure time and location.
spam,Exclusive Prize,An exclusive prize has been reserved for you. Click now to claim it.
spam,Special Bonus,You have received a special bonus. Click here to activate your reward before it expires.
spam,Limited Time Offer,Get an exclusive discount and free bonus today. Click now before this limited time offer ends.
spam,You Are a Winner,You are today's lucky winner! Claim your prize immediately before the offer expires.
ham,Project Update,Please find the project update attached. Let me know if you have any questions.
spam,Lottery Winner,Your email has been selected as a lottery winner. Contact us immediately to claim your cash prize.
ham,Subscription Renewal,Your subscription will renew on Friday. You can manage your subscription from your account.
spam,Final Notice,Final notice: claim your cash reward now or your prize will be cancelled.
ham,Library Reminder,The book you borrowed is due back on Monday. Please return it before the due date.
spam,You Are a Winner,You are today's lucky winner! Claim your prize immediately before the offer expires.
ham,Meeting Update,"Hi team, our meeting is scheduled for Saturday at 2 PM. Please join on time."
ham,Project Update,Please find the project update attached. Let me know if you have any questions.
ham,Project Update,Please find the project update attached. Let me know if you have any questions.
spam,Free Money,You have been chosen to receive free money. Complete the verification process now.
ham,Subscription Renewal,Your subscription will renew on Saturday. You can manage your subscription from your account.
ham,Payment Receipt,Your payment of $100 has been received successfully. This email is your receipt.
spam,Congratulations! You Won,Congratulations! You have won $50! Click the link now to claim your prize.
ham,Order Confirmation,Your order has been confirmed and will be delivered by Tuesday. Thank you for shopping with us.
spam,Special Bonus,You have received a special bonus. Click here to activate your reward before it expires.
spam,Exclusive Cash Offer,You are eligible to receive $250 in free cash. Act now to claim your money.
ham,Account Notice,Your account information was updated successfully. Contact support if you did not make this change.
ham,Interview Schedule,Your interview has been scheduled for Saturday at 11 AM. Please confirm your availability.
ham,Assignment Reminder,This is a reminder that the assignment is due on Friday. Please submit it before the deadline.
ham,Subscription Renewal,Your subscription will renew on Thursday. You can manage your subscription from your account.
ham,Account Notice,Your account information was updated successfully. Contact support if you did not make this change.
ham,Project Update,Please find the project update attached. Let me know if you have any questions.
spam,Special Bonus,You have received a special bonus. Click here to activate your reward before it expires.
spam,Special Bonus,You have received a special bonus. Click here to activate your reward before it expires.
ham,Meeting Update,"Hi team, our meeting is scheduled for Tuesday at 3 PM. Please join on time."
ham,Subscription Renewal,Your subscription will renew on Saturday. You can manage your subscription from your account.
ham,Meeting Update,"Hi team, our meeting is scheduled for Friday at 4 PM. Please join on time."
ham,Assignment Reminder,This is a reminder that the assignment is due on Monday. Please submit it before the deadline.
ham,Order Confirmation,Your order has been confirmed and will be delivered by Saturday. Thank you for shopping with us.
ham,Account Notice,Your account information was updated successfully. Contact support if you did not make this change.
spam,Free Money,You have been chosen to receive free money. Complete the verification process now.
ham,Travel Details,Your travel booking is confirmed. Please check the itinerary for the departure time and location.
ham,Library Reminder,The book you borrowed is due back on Saturday. Please return it before the due date.
ham,Team Reminder,Please remember to attend the team meeting tomorrow and review the agenda beforehand.
ham,Library Reminder,The book you borrowed is due back on Monday. Please return it before the due date.
spam,Exclusive Cash Offer,You are eligible to receive $500 in free cash. Act now to claim your money.
spam,Congratulations Reward,Congratulations! Your account has qualified for a valuable reward. Claim it immediately.
ham,Document Request,Could you please send the requested document when you have time? Thank you.
spam,Claim Your Free Reward,You have been selected for a free reward. Claim it now before this limited offer expires.
ham,Travel Details,Your travel booking is confirmed. Please check the itinerary for the departure time and location.
spam,Congratulations Reward,Congratulations! Your account has qualified for a valuable reward. Claim it immediately.
ham,Class Schedule,The class will begin at 11 AM on Wednesday. Please bring your notes and required materials.
ham,Feedback Request,We would appreciate your feedback about your recent experience. Thank you for your time.
spam,Lottery Winner,Your email has been selected as a lottery winner. Contact us immediately to claim your cash prize.
ham,Meeting Update,"Hi team, our meeting is scheduled for Tuesday at 11 AM. Please join on time."
spam,Urgent Account Alert,Your account will be suspended today. Verify your information immediately by clicking the link.
spam,Limited Time Offer,Get an exclusive discount and free bonus today. Click now before this limited time offer ends.
ham,Subscription Renewal,Your subscription will renew on Thursday. You can manage your subscription from your account.
ham,Account Notice,Your account information was updated successfully. Contact support if you did not make this change.
spam,Final Notice,Final notice: claim your cash reward now or your prize will be cancelled.
spam,Act Now,Urgent! This offer expires soon. Click the link to receive your bonus and reward.
ham,Library Reminder,The book you borrowed is due back on Monday. Please return it before the due date.
ham,Office Announcement,The office will remain open during normal working hours tomorrow.
spam,Limited Time Offer,Get an exclusive discount and free bonus today. Click now before this limited time offer ends.
ham,Interview Schedule,Your interview has been scheduled for Saturday at 9 AM. Please confirm your availability.
ham,Account Notice,Your account information was updated successfully. Contact support if you did not make this change.
ham,Order Confirmation,Your order has been confirmed and will be delivered by Saturday. Thank you for shopping with us.
ham,Payment Receipt,Your payment of $10000 has been received successfully. This email is your receipt.
spam,Free Money,You have been chosen to receive free money. Complete the verification process now.
ham,Account Notice,Your account information was updated successfully. Contact support if you did not make this change.
ham,Payment Receipt,Your payment of $5000 has been received successfully. This email is your receipt.
ham,Order Confirmation,Your order has been confirmed and will be delivered by Wednesday. Thank you for shopping with us.
spam,Investment Opportunity,Earn guaranteed profits quickly with our exclusive investment opportunity. Sign up now.
spam,Special Bonus,You have received a special bonus. Click here to activate your reward before it expires.
spam,Claim Your Free Reward,You have been selected for a free reward. Claim it now before this limited offer expires.
spam,Urgent Account Alert,Your account will be suspended today. Verify your information immediately by clicking the link.
spam,Special Bonus,You have received a special bonus. Click here to activate your reward before it expires.
ham,Payment Receipt,Your payment of $250 has been received successfully. This email is your receipt.
ham,Order Confirmation,Your order has been confirmed and will be delivered by Friday. Thank you for shopping with us.
ham,Project Update,Please find the project update attached. Let me know if you have any questions.
spam,Free Gift Waiting,A free gift is waiting for you. Confirm your details now to receive your reward.
spam,Final Notice,Final notice: claim your cash reward now or your prize will be cancelled.
spam,Special Bonus,You have received a special bonus. Click here to activate your reward before it expires.
ham,Team Reminder,Please remember to attend the team meeting tomorrow and review the agenda beforehand.
ham,Team Reminder,Please remember to attend the team meeting tomorrow and review the agenda beforehand.
ham,Order Confirmation,Your order has been confirmed and will be delivered by Saturday. Thank you for shopping with us.
spam,Claim Your Free Reward,You have been selected for a free reward. Claim it now before this limited offer expires.
spam,Free Gift Waiting,A free gift is waiting for you. Confirm your details now to receive your reward.
spam,Final Notice,Final notice: claim your cash reward now or your prize will be cancelled.
ham,Feedback Request,We would appreciate your feedback about your recent experience. Thank you for your time.
spam,Exclusive Prize,An exclusive prize has been reserved for you. Click now to claim it.
spam,Final Notice,Final notice: claim your cash reward now or your prize will be cancelled.
ham,Payment Receipt,Your payment of $500 has been received successfully. This email is your receipt.
ham,Feedback Request,We would appreciate your feedback about your recent experience. Thank you for your time.
spam,Limited Time Offer,Get an exclusive discount and free bonus today. Click now before this limited time offer ends.
spam,Investment Opportunity,Earn guaranteed profits quickly with our exclusive investment opportunity. Sign up now.
ham,Team Reminder,Please remember to attend the team meeting tomorrow and review the agenda beforehand.
spam,You Are a Winner,You are today's lucky winner! Claim your prize immediately before the offer expires.
spam,Act Now,Urgent! This offer expires soon. Click the link to receive your bonus and reward.
ham,Account Notice,Your account information was updated successfully. Contact support if you did not make this change.
spam,Act Now,Urgent! This offer expires soon. Click the link to receive your bonus and reward.
spam,Investment Opportunity,Earn guaranteed profits quickly with our exclusive investment opportunity. Sign up now.
ham,Assignment Reminder,This is a reminder that the assignment is due on Friday. Please submit it before the deadline.
spam,Exclusive Prize,An exclusive prize has been reserved for you. Click now to claim it.
spam,Congratulations! You Won,Congratulations! You have won $10000! Click the link now to claim your prize.
ham,Office Announcement,The office will remain open during normal working hours tomorrow.
spam,Lottery Winner,Your email has been selected as a lottery winner. Contact us immediately to claim your cash prize.
spam,Free Gift Waiting,A free gift is waiting for you. Confirm your details now to receive your reward.
ham,Team Reminder,Please remember to attend the team meeting tomorrow and review the agenda beforehand.
ham,Project Update,Please find the project update attached. Let me know if you have any questions.
ham,Feedback Request,We would appreciate your feedback about your recent experience. Thank you for your time.
spam,Final Notice,Final notice: claim your cash reward now or your prize will be cancelled.
ham,Account Notice,Your account information was updated successfully. Contact support if you did not make this change.
spam,Exclusive Cash Offer,You are eligible to receive $50 in free cash. Act now to claim your money.
ham,Project Update,Please find the project update attached. Let me know if you have any questions.
ham,Payment Receipt,Your payment of $50 has been received successfully. This email is your receipt.
ham,Subscription Renewal,Your subscription will renew on Friday. You can manage your subscription from your account.
ham,Office Announcement,The office will remain open during normal working hours tomorrow.
ham,Assignment Reminder,This is a reminder that the assignment is due on Friday. Please submit it before the deadline.
spam,Congratulations Reward,Congratulations! Your account has qualified for a valuable reward. Claim it immediately.
ham,Feedback Request,We would appreciate your feedback about your recent experience. Thank you for your time.
spam,Special Bonus,You have received a special bonus. Click here to activate your reward before it expires.
spam,Exclusive Cash Offer,You are eligible to receive $100 in free cash. Act now to claim your money.
ham,Subscription Renewal,Your subscription will renew on Wednesday. You can manage your subscription from your account.
spam,Free Money,You have been chosen to receive free money. Complete the verification process now.
ham,Feedback Request,We would appreciate your feedback about your recent experience. Thank you for your time.
ham,Project Update,Please find the project update attached. Let me know if you have any questions.
spam,Congratulations! You Won,Congratulations! You have won $250! Click the link now to claim your prize.
spam,Urgent Account Alert,Your account will be suspended today. Verify your information immediately by clicking the link.
spam,Limited Time Offer,Get an exclusive discount and free bonus today. Click now before this limited time offer ends.
spam,Lottery Winner,Your email has been selected as a lottery winner. Contact us immediately to claim your cash prize.
ham,Payment Receipt,Your payment of $50 has been received successfully. This email is your receipt.
spam,Free Gift Waiting,A free gift is waiting for you. Confirm your details now to receive your reward.
spam,Limited Time Offer,Get an exclusive discount and free bonus today. Click now before this limited time offer ends.
ham,Order Confirmation,Your order has been confirmed and will be delivered by Monday. Thank you for shopping with us.
ham,Project Update,Please find the project update attached. Let me know if you have any questions.
ham,Meeting Update,"Hi team, our meeting is scheduled for Thursday at 3 PM. Please join on time."
spam,Congratulations! You Won,Congratulations! You have won $250! Click the link now to claim your prize.
ham,Office Announcement,The office will remain open during normal working hours tomorrow.
ham,Assignment Reminder,This is a reminder that the assignment is due on Saturday. Please submit it before the deadline.
spam,Claim Your Free Reward,You have been selected for a free reward. Claim it now before this limited offer expires.
ham,Subscription Renewal,Your subscription will renew on Thursday. You can manage your subscription from your account.
spam,Investment Opportunity,Earn guaranteed profits quickly with our exclusive investment opportunity. Sign up now.
spam,Act Now,Urgent! This offer expires soon. Click the link to receive your bonus and reward.
spam,Act Now,Urgent! This offer expires soon. Click the link to receive your bonus and reward.
spam,Free Money,You have been chosen to receive free money. Complete the verification process now.
ham,Feedback Request,We would appreciate your feedback about your recent experience. Thank you for your time.
spam,Exclusive Prize,An exclusive prize has been reserved for you. Click now to claim it.
spam,Special Bonus,You have received a special bonus. Click here to activate your reward before it expires.
spam,Congratulations Reward,Congratulations! Your account has qualified for a valuable reward. Claim it immediately.
ham,Travel Details,Your travel booking is confirmed. Please check the itinerary for the departure time and location.
ham,Travel Details,Your travel booking is confirmed. Please check the itinerary for the departure time and location.
spam,Claim Your Free Reward,You have been selected for a free reward. Claim it now before this limited offer expires.
ham,Library Reminder,The book you borrowed is due back on Saturday. Please return it before the due date.
ham,Class Schedule,The class will begin at 2 PM on Monday. Please bring your notes and required materials.
ham,Office Announcement,The office will remain open during normal working hours tomorrow.
spam,Urgent Account Alert,Your account will be suspended today. Verify your information immediately by clicking the link.
ham,Interview Schedule,Your interview has been scheduled for Tuesday at 4 PM. Please confirm your availability.
ham,Payment Receipt,Your payment of $1000 has been received successfully. This email is your receipt.
ham,Team Reminder,Please remember to attend the team meeting tomorrow and review the agenda beforehand.
ham,Order Confirmation,Your order has been confirmed and will be delivered by Monday. Thank you for shopping with us.
spam,Investment Opportunity,Earn guaranteed profits quickly with our exclusive investment opportunity. Sign up now.
ham,Payment Receipt,Your payment of $250 has been received successfully. This email is your receipt.
ham,Payment Receipt,Your payment of $100 has been received successfully. This email is your receipt.
ham,Document Request,Could you please send the requested document when you have time? Thank you.
ham,Document Request,Could you please send the requested document when you have time? Thank you.
ham,Team Reminder,Please remember to attend the team meeting tomorrow and review the agenda beforehand.
spam,Urgent Account Alert,Your account will be suspended today. Verify your information immediately by clicking the link.
spam,Special Bonus,You have received a special bonus. Click here to activate your reward before it expires.
spam,Investment Opportunity,Earn guaranteed profits quickly with our exclusive investment opportunity. Sign up now.
ham,Account Notice,Your account information was updated successfully. Contact support if you did not make this change.
spam,Special Bonus,You have received a special bonus. Click here to activate your reward before it expires.
spam,Special Bonus,You have received a special bonus. Click here to activate your reward before it expires.
spam,Exclusive Cash Offer,You are eligible to receive $100 in free cash. Act now to claim your money.
ham,Project Update,Please find the project update attached. Let me know if you have any questions.
spam,Free Gift Waiting,A free gift is waiting for you. Confirm your details now to receive your reward.
spam,Limited Time Offer,Get an exclusive discount and free bonus today. Click now before this limited time offer ends.
spam,Final Notice,Final notice: claim your cash reward now or your prize will be cancelled.
ham,Document Request,Could you please send the requested document when you have time? Thank you.
ham,Travel Details,Your travel booking is confirmed. Please check the itinerary for the departure time and location.
spam,Limited Time Offer,Get an exclusive discount and free bonus today. Click now before this limited time offer ends.
ham,Team Reminder,Please remember to attend the team meeting tomorrow and review the agenda beforehand.
spam,Exclusive Cash Offer,You are eligible to receive $250 in free cash. Act now to claim your money.
spam,Investment Opportunity,Earn guaranteed profits quickly with our exclusive investment opportunity. Sign up now.
ham,Library Reminder,The book you borrowed is due back on Friday. Please return it before the due date.
spam,You Are a Winner,You are today's lucky winner! Claim your prize immediately before the offer expires.
ham,Team Reminder,Please remember to attend the team meeting tomorrow and review the agenda beforehand.
spam,Claim Your Free Reward,You have been selected for a free reward. Claim it now before this limited offer expires.
spam,Urgent Account Alert,Your account will be suspended today. Verify your information immediately by clicking the link.
ham,Office Announcement,The office will remain open during normal working hours tomorrow.
spam,Lottery Winner,Your email has been selected as a lottery winner. Contact us immediately to claim your cash prize.
ham,Assignment Reminder,This is a reminder that the assignment is due on Friday. Please submit it before the deadline.
ham,Office Announcement,The office will remain open during normal working hours tomorrow.
spam,Free Gift Waiting,A free gift is waiting for you. Confirm your details now to receive your reward.
spam,Lottery Winner,Your email has been selected as a lottery winner. Contact us immediately to claim your cash prize.
ham,Class Schedule,The class will begin at 9 AM on Wednesday. Please bring your notes and required materials.
ham,Team Reminder,Please remember to attend the team meeting tomorrow and review the agenda beforehand.
ham,Class Schedule,The class will begin at 4 PM on Tuesday. Please bring your notes and required materials.
spam,Claim Your Free Reward,You have been selected for a free reward. Claim it now before this limited offer expires.
spam,Free Gift Waiting,A free gift is waiting for you. Confirm your details now to receive your reward.
spam,Claim Your Free Reward,You have been selected for a free reward. Claim it now before this limited offer expires.
spam,Free Gift Waiting,A free gift is waiting for you. Confirm your details now to receive your reward.
spam,Congratulations Reward,Congratulations! Your account has qualified for a valuable reward. Claim it immediately.
spam,Free Money,You have been chosen to receive free money. Complete the verification process now.
spam,Exclusive Prize,An exclusive prize has been reserved for you. Click now to claim it.
ham,Assignment Reminder,This is a reminder that the assignment is due on Tuesday. Please submit it before the deadline.
ham,Office Announcement,The office will remain open during normal working hours tomorrow.
spam,Final Notice,Final notice: claim your cash reward now or your prize will be cancelled.
ham,Project Update,Please find the project update attached. Let me know if you have any questions.
ham,Interview Schedule,Your interview has been scheduled for Wednesday at 11 AM. Please confirm your availability.
ham,Class Schedule,The class will begin at 4 PM on Monday. Please bring your notes and required materials.
ham,Assignment Reminder,This is a reminder that the assignment is due on Friday. Please submit it before the deadline.
spam,Congratulations! You Won,Congratulations! You have won $10000! Click the link now to claim your prize.
ham,Document Request,Could you please send the requested document when you have time? Thank you.
spam,Special Bonus,You have received a special bonus. Click here to activate your reward before it expires.
spam,Final Notice,Final notice: claim your cash reward now or your prize will be cancelled.
ham,Travel Details,Your travel booking is confirmed. Please check the itinerary for the departure time and location.
ham,Assignment Reminder,This is a reminder that the assignment is due on Friday. Please submit it before the deadline.
spam,Congratulations Reward,Congratulations! Your account has qualified for a valuable reward. Claim it immediately.
ham,Interview Schedule,Your interview has been scheduled for Wednesday at 4 PM. Please confirm your availability.
spam,Congratulations Reward,Congratulations! Your account has qualified for a valuable reward. Claim it immediately.
ham,Library Reminder,The book you borrowed is due back on Tuesday. Please return it before the due date.
ham,Subscription Renewal,Your subscription will renew on Thursday. You can manage your subscription from your account.
ham,Library Reminder,The book you borrowed is due back on Friday. Please return it before the due date.
ham,Office Announcement,The office will remain open during normal working hours tomorrow.
spam,Urgent Account Alert,Your account will be suspended today. Verify your information immediately by clicking the link.
ham,Account Notice,Your account information was updated successfully. Contact support if you did not make this change.
ham,Payment Receipt,Your payment of $1000 has been received successfully. This email is your receipt.
spam,Investment Opportunity,Earn guaranteed profits quickly with our exclusive investment opportunity. Sign up now.
spam,Exclusive Prize,An exclusive prize has been reserved for you. Click now to claim it.
spam,You Are a Winner,You are today's lucky winner! Claim your prize immediately before the offer expires.
ham,Project Update,Please find the project update attached. Let me know if you have any questions.
ham,Interview Schedule,Your interview has been scheduled for Monday at 9 AM. Please confirm your availability.
spam,Lottery Winner,Your email has been selected as a lottery winner. Contact us immediately to claim your cash prize.
ham,Order Confirmation,Your order has been confirmed and will be delivered by Thursday. Thank you for shopping with us.
ham,Document Request,Could you please send the requested document when you have time? Thank you.
spam,Free Gift Waiting,A free gift is waiting for you. Confirm your details now to receive your reward.
ham,Payment Receipt,Your payment of $5000 has been received successfully. This email is your receipt.
ham,Assignment Reminder,This is a reminder that the assignment is due on Monday. Please submit it before the deadline.
ham,Assignment Reminder,This is a reminder that the assignment is due on Thursday. Please submit it before the deadline.
spam,Investment Opportunity,Earn guaranteed profits quickly with our exclusive investment opportunity. Sign up now.
spam,Exclusive Cash Offer,You are eligible to receive $1000 in free cash. Act now to claim your money.
ham,Feedback Request,We would appreciate your feedback about your recent experience. Thank you for your time.
spam,Final Notice,Final notice: claim your cash reward now or your prize will be cancelled.
spam,Final Notice,Final notice: claim your cash reward now or your prize will be cancelled.
ham,Document Request,Could you please send the requested document when you have time? Thank you.
ham,Office Announcement,The office will remain open during normal working hours tomorrow.
ham,Order Confirmation,Your order has been confirmed and will be delivered by Saturday. Thank you for shopping with us.
ham,Order Confirmation,Your order has been confirmed and will be delivered by Tuesday. Thank you for shopping with us.
spam,Exclusive Prize,An exclusive prize has been reserved for you. Click now to claim it.
ham,Feedback Request,We would appreciate your feedback about your recent experience. Thank you for your time.
spam,Congratulations! You Won,Congratulations! You have won $250! Click the link now to claim your prize.
spam,Urgent Account Alert,Your account will be suspended today. Verify your information immediately by clicking the link.
spam,Free Money,You have been chosen to receive free money. Complete the verification process now.
spam,Urgent Account Alert,Your account will be suspended today. Verify your information immediately by clicking the link.
ham,Assignment Reminder,This is a reminder that the assignment is due on Tuesday. Please submit it before the deadline.
spam,Congratulations Reward,Congratulations! Your account has qualified for a valuable reward. Claim it immediately.
ham,Subscription Renewal,Your subscription will renew on Friday. You can manage your subscription from your account.
ham,Class Schedule,The class will begin at 3 PM on Saturday. Please bring your notes and required materials.
ham,Order Confirmation,Your order has been confirmed and will be delivered by Monday. Thank you for shopping with us.
spam,Lottery Winner,Your email has been selected as a lottery winner. Contact us immediately to claim your cash prize.
spam,Congratulations! You Won,Congratulations! You have won $1000! Click the link now to claim your prize.
spam,Special Bonus,You have received a special bonus. Click here to activate your reward before it expires.
ham,Order Confirmation,Your order has been confirmed and will be delivered by Saturday. Thank you for shopping with us.
spam,Special Bonus,You have received a special bonus. Click here to activate your reward before it expires.
spam,Final Notice,Final notice: claim your cash reward now or your prize will be cancelled.
spam,Congratulations Reward,Congratulations! Your account has qualified for a valuable reward. Claim it immediately.
ham,Order Confirmation,Your order has been confirmed and will be delivered by Monday. Thank you for shopping with us.
ham,Meeting Update,"Hi team, our meeting is scheduled for Thursday at 2 PM. Please join on time."
ham,Account Notice,Your account information was updated successfully. Contact support if you did not make this change.
ham,Interview Schedule,Your interview has been scheduled for Friday at 9 AM. Please confirm your availability.
spam,Limited Time Offer,Get an exclusive discount and free bonus today. Click now before this limited time offer ends.
spam,Act Now,Urgent! This offer expires soon. Click the link to receive your bonus and reward.
spam,Investment Opportunity,Earn guaranteed profits quickly with our exclusive investment opportunity. Sign up now.
ham,Subscription Renewal,Your subscription will renew on Thursday. You can manage your subscription from your account.
spam,Lottery Winner,Your email has been selected as a lottery winner. Contact us immediately to claim your cash prize.
ham,Payment Receipt,Your payment of $100 has been received successfully. This email is your receipt.
spam,You Are a Winner,You are today's lucky winner! Claim your prize immediately before the offer expires.
spam,Special Bonus,You have received a special bonus. Click here to activate your reward before it expires.
spam,You Are a Winner,You are today's lucky winner! Claim your prize immediately before the offer expires.
spam,Lottery Winner,Your email has been selected as a lottery winner. Contact us immediately to claim your cash prize.
ham,Assignment Reminder,This is a reminder that the assignment is due on Wednesday. Please submit it before the deadline.
ham,Document Request,Could you please send the requested document when you have time? Thank you.
spam,Act Now,Urgent! This offer expires soon. Click the link to receive your bonus and reward.
spam,Act Now,Urgent! This offer expires soon. Click the link to receive your bonus and reward.
spam,Exclusive Cash Offer,You are eligible to receive $10000 in free cash. Act now to claim your money.
spam,Urgent Account Alert,Your account will be suspended today. Verify your information immediately by clicking the link.
spam,Free Money,You have been chosen to receive free money. Complete the verification process now.
ham,Interview Schedule,Your interview has been scheduled for Friday at 9 AM. Please confirm your availability.
ham,Library Reminder,The book you borrowed is due back on Tuesday. Please return it before the due date.
spam,You Are a Winner,You are today's lucky winner! Claim your prize immediately before the offer expires.
spam,Act Now,Urgent! This offer expires soon. Click the link to receive your bonus and reward.
ham,Feedback Request,We would appreciate your feedback about your recent experience. Thank you for your time.
spam,Free Gift Waiting,A free gift is waiting for you. Confirm your details now to receive your reward.
ham,Office Announcement,The office will remain open during normal working hours tomorrow.
spam,Exclusive Cash Offer,You are eligible to receive $250 in free cash. Act now to claim your money.
ham,Library Reminder,The book you borrowed is due back on Thursday. Please return it before the due date.
spam,Exclusive Cash Offer,You are eligible to receive $5000 in free cash. Act now to claim your money.
ham,Assignment Reminder,This is a reminder that the assignment is due on Friday. Please submit it before the deadline.
spam,Congratulations Reward,Congratulations! Your account has qualified for a valuable reward. Claim it immediately.
spam,Limited Time Offer,Get an exclusive discount and free bonus today. Click now before this limited time offer ends.
spam,Investment Opportunity,Earn guaranteed profits quickly with our exclusive investment opportunity. Sign up now.
ham,Library Reminder,The book you borrowed is due back on Friday. Please return it before the due date.
ham,Order Confirmation,Your order has been confirmed and will be delivered by Tuesday. Thank you for shopping with us.
spam,Free Money,You have been chosen to receive free money. Complete the verification process now.
ham,Class Schedule,The class will begin at 3 PM on Saturday. Please bring your notes and required materials.
spam,Final Notice,Final notice: claim your cash reward now or your prize will be cancelled.
ham,Subscription Renewal,Your subscription will renew on Monday. You can manage your subscription from your account.
ham,Order Confirmation,Your order has been confirmed and will be delivered by Saturday. Thank you for shopping with us.
ham,Assignment Reminder,This is a reminder that the assignment is due on Saturday. Please submit it before the deadline.
ham,Feedback Request,We would appreciate your feedback about your recent experience. Thank you for your time.
ham,Subscription Renewal,Your subscription will renew on Thursday. You can manage your subscription from your account.
ham,Interview Schedule,Your interview has been scheduled for Saturday at 2 PM. Please confirm your availability.
spam,Investment Opportunity,Earn guaranteed profits quickly with our exclusive investment opportunity. Sign up now.
ham,Class Schedule,The class will begin at 4 PM on Thursday. Please bring your notes and required materials.
spam,Exclusive Prize,An exclusive prize has been reserved for you. Click now to claim it.
spam,Free Money,You have been chosen to receive free money. Complete the verification process now.
spam,Act Now,Urgent! This offer expires soon. Click the link to receive your bonus and reward.
ham,Library Reminder,The book you borrowed is due back on Friday. Please return it before the due date.
spam,Free Money,You have been chosen to receive free money. Complete the verification process now.
ham,Office Announcement,The office will remain open during normal working hours tomorrow.
ham,Document Request,Could you please send the requested document when you have time? Thank you.
ham,Subscription Renewal,Your subscription will renew on Monday. You can manage your subscription from your account.
spam,Free Money,You have been chosen to receive free money. Complete the verification process now.
ham,Order Confirmation,Your order has been confirmed and will be delivered by Monday. Thank you for shopping with us.
ham,Project Update,Please find the project update attached. Let me know if you have any questions.
ham,Travel Details,Your travel booking is confirmed. Please check the itinerary for the departure time and location.
spam,Congratulations Reward,Congratulations! Your account has qualified for a valuable reward. Claim it immediately.
spam,Congratulations Reward,Congratulations! Your account has qualified for a valuable reward. Claim it immediately.
ham,Account Notice,Your account information was updated successfully. Contact support if you did not make this change.
ham,Library Reminder,The book you borrowed is due back on Friday. Please return it before the due date.
ham,Subscription Renewal,Your subscription will renew on Monday. You can manage your subscription from your account.
ham,Project Update,Please find the project update attached. Let me know if you have any questions.
spam,Final Notice,Final notice: claim your cash reward now or your prize will be cancelled.
spam,You Are a Winner,You are today's lucky winner! Claim your prize immediately before the offer expires.
spam,Special Bonus,You have received a special bonus. Click here to activate your reward before it expires.
ham,Order Confirmation,Your order has been confirmed and will be delivered by Tuesday. Thank you for shopping with us.
ham,Class Schedule,The class will begin at 10 AM on Tuesday. Please bring your notes and required materials.
spam,Exclusive Cash Offer,You are eligible to receive $50 in free cash. Act now to claim your money.
spam,Urgent Account Alert,Your account will be suspended today. Verify your information immediately by clicking the link.
ham,Project Update,Please find the project update attached. Let me know if you have any questions.
spam,Lottery Winner,Your email has been selected as a lottery winner. Contact us immediately to claim your cash prize.
ham,Document Request,Could you please send the requested document when you have time? Thank you.
spam,Claim Your Free Reward,You have been selected for a free reward. Claim it now before this limited offer expires.
spam,Free Gift Waiting,A free gift is waiting for you. Confirm your details now to receive your reward.
ham,Payment Receipt,Your payment of $250 has been received successfully. This email is your receipt.
spam,Act Now,Urgent! This offer expires soon. Click the link to receive your bonus and reward.
spam,Congratulations Reward,Congratulations! Your account has qualified for a valuable reward. Claim it immediately.
ham,Interview Schedule,Your interview has been scheduled for Friday at 4 PM. Please confirm your availability.
spam,Act Now,Urgent! This offer expires soon. Click the link to receive your bonus and reward.
ham,Interview Schedule,Your interview has been scheduled for Wednesday at 11 AM. Please confirm your availability.
spam,Investment Opportunity,Earn guaranteed profits quickly with our exclusive investment opportunity. Sign up now.
spam,Exclusive Prize,An exclusive prize has been reserved for you. Click now to claim it.
ham,Project Update,Please find the project update attached. Let me know if you have any questions.
ham,Feedback Request,We would appreciate your feedback about your recent experience. Thank you for your time.
spam,Act Now,Urgent! This offer expires soon. Click the link to receive your bonus and reward.
spam,Urgent Account Alert,Your account will be suspended today. Verify your information immediately by clicking the link.
spam,Exclusive Prize,An exclusive prize has been reserved for you. Click now to claim it.
ham,Order Confirmation,Your order has been confirmed and will be delivered by Tuesday. Thank you for shopping with us.
spam,Investment Opportunity,Earn guaranteed profits quickly with our exclusive investment opportunity. Sign up now.
spam,Urgent Account Alert,Your account will be suspended today. Verify your information immediately by clicking the link.
ham,Feedback Request,We would appreciate your feedback about your recent experience. Thank you for your time.
ham,Class Schedule,The class will begin at 11 AM on Saturday. Please bring your notes and required materials.
ham,Project Update,Please find the project update attached. Let me know if you have any questions.
ham,Order Confirmation,Your order has been confirmed and will be delivered by Tuesday. Thank you for shopping with us.
spam,Congratulations Reward,Congratulations! Your account has qualified for a valuable reward. Claim it immediately.
spam,Act Now,Urgent! This offer expires soon. Click the link to receive your bonus and reward.
ham,Office Announcement,The office will remain open during normal working hours tomorrow.
spam,Free Gift Waiting,A free gift is waiting for you. Confirm your details now to receive your reward.
spam,Claim Your Free Reward,You have been selected for a free reward. Claim it now before this limited offer expires.
spam,Congratulations! You Won,Congratulations! You have won $1000! Click the link now to claim your prize.
ham,Class Schedule,The class will begin at 9 AM on Tuesday. Please bring your notes and required materials.
spam,Urgent Account Alert,Your account will be suspended today. Verify your information immediately by clicking the link.
ham,Library Reminder,The book you borrowed is due back on Wednesday. Please return it before the due date.
ham,Library Reminder,The book you borrowed is due back on Friday. Please return it before the due date.
spam,Exclusive Prize,An exclusive prize has been reserved for you. Click now to claim it.
ham,Interview Schedule,Your interview has been scheduled for Thursday at 11 AM. Please confirm your availability.
spam,Act Now,Urgent! This offer expires soon. Click the link to receive your bonus and reward.
spam,Investment Opportunity,Earn guaranteed profits quickly with our exclusive investment opportunity. Sign up now.
spam,Exclusive Cash Offer,You are eligible to receive $10000 in free cash. Act now to claim your money.
spam,Act Now,Urgent! This offer expires soon. Click the link to receive your bonus and reward.
spam,Investment Opportunity,Earn guaranteed profits quickly with our exclusive investment opportunity. Sign up now.
spam,Limited Time Offer,Get an exclusive discount and free bonus today. Click now before this limited time offer ends.
ham,Account Notice,Your account information was updated successfully. Contact support if you did not make this change.
ham,Interview Schedule,Your interview has been scheduled for Saturday at 9 AM. Please confirm your availability.
ham,Feedback Request,We would appreciate your feedback about your recent experience. Thank you for your time.
spam,Lottery Winner,Your email has been selected as a lottery winner. Contact us immediately to claim your cash prize.
spam,Exclusive Prize,An exclusive prize has been reserved for you. Click now to claim it.
ham,Order Confirmation,Your order has been confirmed and will be delivered by Tuesday. Thank you for shopping with us.
spam,Special Bonus,You have received a special bonus. Click here to activate your reward before it expires.
ham,Payment Receipt,Your payment of $50 has been received successfully. This email is your receipt.
ham,Project Update,Please find the project update attached. Let me know if you have any questions.
spam,Limited Time Offer,Get an exclusive discount and free bonus today. Click now before this limited time offer ends.
ham,Account Notice,Your account information was updated successfully. Contact support if you did not make this change.
ham,Feedback Request,We would appreciate your feedback about your recent experience. Thank you for your time.
ham,Document Request,Could you please send the requested document when you have time? Thank you.
ham,Order Confirmation,Your order has been confirmed and will be delivered by Thursday. Thank you for shopping with us.
spam,Lottery Winner,Your email has been selected as a lottery winner. Contact us immediately to claim your cash prize.
ham,Order Confirmation,Your order has been confirmed and will be delivered by Friday. Thank you for shopping with us.
ham,Interview Schedule,Your interview has been scheduled for Saturday at 9 AM. Please confirm your availability.
spam,Exclusive Cash Offer,You are eligible to receive $250 in free cash. Act now to claim your money.
spam,Urgent Account Alert,Your account will be suspended today. Verify your information immediately by clicking the link.
ham,Travel Details,Your travel booking is confirmed. Please check the itinerary for the departure time and location.
spam,Free Money,You have been chosen to receive free money. Complete the verification process now.
spam,Final Notice,Final notice: claim your cash reward now or your prize will be cancelled.
spam,Exclusive Cash Offer,You are eligible to receive $500 in free cash. Act now to claim your money.
ham,Meeting Update,"Hi team, our meeting is scheduled for Wednesday at 2 PM. Please join on time."
spam,Urgent Account Alert,Your account will be suspended today. Verify your information immediately by clicking the link.
ham,Account Notice,Your account information was updated successfully. Contact support if you did not make this change.
spam,Exclusive Cash Offer,You are eligible to receive $1000 in free cash. Act now to claim your money.
ham,Team Reminder,Please remember to attend the team meeting tomorrow and review the agenda beforehand.
spam,Congratulations! You Won,Congratulations! You have won $1000! Click the link now to claim your prize.
ham,Feedback Request,We would appreciate your feedback about your recent experience. Thank you for your time.
ham,Team Reminder,Please remember to attend the team meeting tomorrow and review the agenda beforehand.
spam,Claim Your Free Reward,You have been selected for a free reward. Claim it now before this limited offer expires.
spam,Congratulations! You Won,Congratulations! You have won $250! Click the link now to claim your prize.
spam,Investment Opportunity,Earn guaranteed profits quickly with our exclusive investment opportunity. Sign up now.
spam,Special Bonus,You have received a special bonus. Click here to activate your reward before it expires.
spam,Investment Opportunity,Earn guaranteed profits quickly with our exclusive investment opportunity. Sign up now.
spam,Congratulations Reward,Congratulations! Your account has qualified for a valuable reward. Claim it immediately.
ham,Account Notice,Your account information was updated successfully. Contact support if you did not make this change.
spam,Act Now,Urgent! This offer expires soon. Click the link to receive your bonus and reward.
spam,Limited Time Offer,Get an exclusive discount and free bonus today. Click now before this limited time offer ends.
ham,Payment Receipt,Your payment of $5000 has been received successfully. This email is your receipt.
ham,Document Request,Could you please send the requested document when you have time? Thank you.
ham,Office Announcement,The office will remain open during normal working hours tomorrow.
spam,Final Notice,Final notice: claim your cash reward now or your prize will be cancelled.
ham,Document Request,Could you please send the requested document when you have time? Thank you.
ham,Class Schedule,The class will begin at 4 PM on Monday. Please bring your notes and required materials.
spam,Final Notice,Final notice: claim your cash reward now or your prize will be cancelled.
ham,Interview Schedule,Your interview has been scheduled for Saturday at 10 AM. Please confirm your availability.
spam,Final Notice,Final notice: claim your cash reward now or your prize will be cancelled.
spam,Final Notice,Final notice: claim your cash reward now or your prize will be cancelled.
spam,Limited Time Offer,Get an exclusive discount and free bonus today. Click now before this limited time offer ends.
spam,Lottery Winner,Your email has been selected as a lottery winner. Contact us immediately to claim your cash prize.
spam,Claim Your Free Reward,You have been selected for a free reward. Claim it now before this limited offer expires.
ham,Library Reminder,The book you borrowed is due back on Tuesday. Please return it before the due date.
ham,Project Update,Please find the project update attached. Let me know if you have any questions.
ham,Subscription Renewal,Your subscription will renew on Monday. You can manage your subscription from your account.
ham,Class Schedule,The class will begin at 4 PM on Saturday. Please bring your notes and required materials.
spam,Investment Opportunity,Earn guaranteed profits quickly with our exclusive investment opportunity. Sign up now.
spam,Act Now,Urgent! This offer expires soon. Click the link to receive your bonus and reward.
ham,Meeting Update,"Hi team, our meeting is scheduled for Thursday at 3 PM. Please join on time."
ham,Team Reminder,Please remember to attend the team meeting tomorrow and review the agenda beforehand.
ham,Order Confirmation,Your order has been confirmed and will be delivered by Monday. Thank you for shopping with us.
ham,Account Notice,Your account information was updated successfully. Contact support if you did not make this change.
spam,Investment Opportunity,Earn guaranteed profits quickly with our exclusive investment opportunity. Sign up now.
spam,Final Notice,Final notice: claim your cash reward now or your prize will be cancelled.
ham,Meeting Update,"Hi team, our meeting is scheduled for Monday at 10 AM. Please join on time."
ham,Project Update,Please find the project update attached. Let me know if you have any questions.
ham,Team Reminder,Please remember to attend the team meeting tomorrow and review the agenda beforehand.
ham,Assignment Reminder,This is a reminder that the assignment is due on Thursday. Please submit it before the deadline.
ham,Feedback Request,We would appreciate your feedback about your recent experience. Thank you for your time.
ham,Document Request,Could you please send the requested document when you have time? Thank you.
ham,Team Reminder,Please remember to attend the team meeting tomorrow and review the agenda beforehand.
ham,Order Confirmation,Your order has been confirmed and will be delivered by Thursday. Thank you for shopping with us.
ham,Meeting Update,"Hi team, our meeting is scheduled for Wednesday at 2 PM. Please join on time."
ham,Subscription Renewal,Your subscription will renew on Monday. You can manage your subscription from your account.
ham,Team Reminder,Please remember to attend the team meeting tomorrow and review the agenda beforehand.
ham,Feedback Request,We would appreciate your feedback about your recent experience. Thank you for your time.
ham,Payment Receipt,Your payment of $500 has been received successfully. This email is your receipt.
spam,Claim Your Free Reward,You have been selected for a free reward. Claim it now before this limited offer expires.
spam,Special Bonus,You have received a special bonus. Click here to activate your reward before it expires.
ham,Meeting Update,"Hi team, our meeting is scheduled for Saturday at 9 AM. Please join on time."
ham,Subscription Renewal,Your subscription will renew on Tuesday. You can manage your subscription from your account.
spam,Special Bonus,You have received a special bonus. Click here to activate your reward before it expires.
ham,Subscription Renewal,Your subscription will renew on Saturday. You can manage your subscription from your account.
ham,Document Request,Could you please send the requested document when you have time? Thank you.
spam,Claim Your Free Reward,You have been selected for a free reward. Claim it now before this limited offer expires.
spam,You Are a Winner,You are today's lucky winner! Claim your prize immediately before the offer expires.
spam,Congratulations! You Won,Congratulations! You have won $50! Click the link now to claim your prize.
ham,Office Announcement,The office will remain open during normal working hours tomorrow.
ham,Travel Details,Your travel booking is confirmed. Please check the itinerary for the departure time and location.
spam,Act Now,Urgent! This offer expires soon. Click the link to receive your bonus and reward.
ham,Meeting Update,"Hi team, our meeting is scheduled for Tuesday at 11 AM. Please join on time."
spam,Exclusive Cash Offer,You are eligible to receive $10000 in free cash. Act now to claim your money.
spam,Free Money,You have been chosen to receive free money. Complete the verification process now.
ham,Payment Receipt,Your payment of $10000 has been received successfully. This email is your receipt.
spam,Urgent Account Alert,Your account will be suspended today. Verify your information immediately by clicking the link.
ham,Class Schedule,The class will begin at 10 AM on Wednesday. Please bring your notes and required materials.
ham,Subscription Renewal,Your subscription will renew on Saturday. You can manage your subscription from your account.
spam,Special Bonus,You have received a special bonus. Click here to activate your reward before it expires.
ham,Document Request,Could you please send the requested document when you have time? Thank you.
spam,Congratulations Reward,Congratulations! Your account has qualified for a valuable reward. Claim it immediately.
spam,Special Bonus,You have received a special bonus. Click here to activate your reward before it expires.
ham,Assignment Reminder,This is a reminder that the assignment is due on Monday. Please submit it before the deadline.
ham,Subscription Renewal,Your subscription will renew on Monday. You can manage your subscription from your account.
ham,Payment Receipt,Your payment of $1000 has been received successfully. This email is your receipt.
spam,Act Now,Urgent! This offer expires soon. Click the link to receive your bonus and reward.
ham,Assignment Reminder,This is a reminder that the assignment is due on Saturday. Please submit it before the deadline.
ham,Document Request,Could you please send the requested document when you have time? Thank you.
spam,Special Bonus,You have received a special bonus. Click here to activate your reward before it expires.
ham,Meeting Update,"Hi team, our meeting is scheduled for Wednesday at 9 AM. Please join on time."
spam,You Are a Winner,You are today's lucky winner! Claim your prize immediately before the offer expires.
spam,Exclusive Cash Offer,You are eligible to receive $50 in free cash. Act now to claim your money.
ham,Feedback Request,We would appreciate your feedback about your recent experience. Thank you for your time.
spam,Lottery Winner,Your email has been selected as a lottery winner. Contact us immediately to claim your cash prize.
spam,Act Now,Urgent! This offer expires soon. Click the link to receive your bonus and reward.
spam,Act Now,Urgent! This offer expires soon. Click the link to receive your bonus and reward.
spam,Investment Opportunity,Earn guaranteed profits quickly with our exclusive investment opportunity. Sign up now.
spam,Claim Your Free Reward,You have been selected for a free reward. Claim it now before this limited offer expires.
ham,Payment Receipt,Your payment of $500 has been received successfully. This email is your receipt.
ham,Project Update,Please find the project update attached. Let me know if you have any questions.
ham,Meeting Update,"Hi team, our meeting is scheduled for Wednesday at 4 PM. Please join on time."
ham,Class Schedule,The class will begin at 11 AM on Thursday. Please bring your notes and required materials.
spam,Final Notice,Final notice: claim your cash reward now or your prize will be cancelled.
spam,Lottery Winner,Your email has been selected as a lottery winner. Contact us immediately to claim your cash prize.
spam,Exclusive Prize,An exclusive prize has been reserved for you. Click now to claim it.
ham,Meeting Update,"Hi team, our meeting is scheduled for Friday at 9 AM. Please join on time."
ham,Assignment Reminder,This is a reminder that the assignment is due on Friday. Please submit it before the deadline.
spam,You Are a Winner,You are today's lucky winner! Claim your prize immediately before the offer expires.
spam,Free Money,You have been chosen to receive free money. Complete the verification process now.
ham,Assignment Reminder,This is a reminder that the assignment is due on Friday. Please submit it before the deadline.
spam,Urgent Account Alert,Your account will be suspended today. Verify your information immediately by clicking the link.
spam,Act Now,Urgent! This offer expires soon. Click the link to receive your bonus and reward.
spam,Investment Opportunity,Earn guaranteed profits quickly with our exclusive investment opportunity. Sign up now.
ham,Library Reminder,The book you borrowed is due back on Friday. Please return it before the due date.
spam,Free Gift Waiting,A free gift is waiting for you. Confirm your details now to receive your reward.
spam,Final Notice,Final notice: claim your cash reward now or your prize will be cancelled.
ham,Subscription Renewal,Your subscription will renew on Friday. You can manage your subscription from your account.
spam,You Are a Winner,You are today's lucky winner! Claim your prize immediately before the offer expires.
spam,Congratulations! You Won,Congratulations! You have won $10000! Click the link now to claim your prize.
spam,Investment Opportunity,Earn guaranteed profits quickly with our exclusive investment opportunity. Sign up now.
ham,Project Update,Please find the project update attached. Let me know if you have any questions.
spam,Congratulations! You Won,Congratulations! You have won $10000! Click the link now to claim your prize.
ham,Library Reminder,The book you borrowed is due back on Tuesday. Please return it before the due date.
ham,Library Reminder,The book you borrowed is due back on Saturday. Please return it before the due date.
spam,Free Money,You have been chosen to receive free money. Complete the verification process now.
ham,Interview Schedule,Your interview has been scheduled for Thursday at 2 PM. Please confirm your availability.
spam,Urgent Account Alert,Your account will be suspended today. Verify your information immediately by clicking the link.
spam,Claim Your Free Reward,You have been selected for a free reward. Claim it now before this limited offer expires.
spam,Free Money,You have been chosen to receive free money. Complete the verification process now.
spam,Special Bonus,You have received a special bonus. Click here to activate your reward before it expires.
spam,Exclusive Cash Offer,You are eligible to receive $250 in free cash. Act now to claim your money.
spam,Claim Your Free Reward,You have been selected for a free reward. Claim it now before this limited offer expires.
spam,Exclusive Cash Offer,You are eligible to receive $500 in free cash. Act now to claim your money.
ham,Payment Receipt,Your payment of $10000 has been received successfully. This email is your receipt.
spam,Investment Opportunity,Earn guaranteed profits quickly with our exclusive investment opportunity. Sign up now.
ham,Document Request,Could you please send the requested document when you have time? Thank you.
ham,Document Request,Could you please send the requested document when you have time? Thank you.
ham,Team Reminder,Please remember to attend the team meeting tomorrow and review the agenda beforehand.
spam,Investment Opportunity,Earn guaranteed profits quickly with our exclusive investment opportunity. Sign up now.
ham,Subscription Renewal,Your subscription will renew on Monday. You can manage your subscription from your account.
ham,Feedback Request,We would appreciate your feedback about your recent experience. Thank you for your time.
spam,Claim Your Free Reward,You have been selected for a free reward. Claim it now before this limited offer expires.
spam,Free Money,You have been chosen to receive free money. Complete the verification process now.
ham,Travel Details,Your travel booking is confirmed. Please check the itinerary for the departure time and location.
spam,Urgent Account Alert,Your account will be suspended today. Verify your information immediately by clicking the link.
spam,Congratulations! You Won,Congratulations! You have won $250! Click the link now to claim your prize.
ham,Payment Receipt,Your payment of $500 has been received successfully. This email is your receipt.
spam,Lottery Winner,Your email has been selected as a lottery winner. Contact us immediately to claim your cash prize.
spam,Exclusive Prize,An exclusive prize has been reserved for you. Click now to claim it.
ham,Assignment Reminder,This is a reminder that the assignment is due on Tuesday. Please submit it before the deadline.
spam,Congratulations! You Won,Congratulations! You have won $250! Click the link now to claim your prize.
ham,Class Schedule,The class will begin at 10 AM on Monday. Please bring your notes and required materials.
spam,Lottery Winner,Your email has been selected as a lottery winner. Contact us immediately to claim your cash prize.
ham,Office Announcement,The office will remain open during normal working hours tomorrow.
spam,Act Now,Urgent! This offer expires soon. Click the link to receive your bonus and reward.
ham,Document Request,Could you please send the requested document when you have time? Thank you.
ham,Feedback Request,We would appreciate your feedback about your recent experience. Thank you for your time.
ham,Feedback Request,We would appreciate your feedback about your recent experience. Thank you for your time.
spam,Act Now,Urgent! This offer expires soon. Click the link to receive your bonus and reward.
ham,Feedback Request,We would appreciate your feedback about your recent experience. Thank you for your time.
spam,Free Money,You have been chosen to receive free money. Complete the verification process now.
spam,Special Bonus,You have received a special bonus. Click here to activate your reward before it expires.
spam,Free Gift Waiting,A free gift is waiting for you. Confirm your details now to receive your reward.
ham,Payment Receipt,Your payment of $10000 has been received successfully. This email is your receipt.
spam,Investment Opportunity,Earn guaranteed profits quickly with our exclusive investment opportunity. Sign up now.
ham,Team Reminder,Please remember to attend the team meeting tomorrow and review the agenda beforehand.
ham,Order Confirmation,Your order has been confirmed and will be delivered by Saturday. Thank you for shopping with us.
ham,Library Reminder,The book you borrowed is due back on Wednesday. Please return it before the due date.
ham,Subscription Renewal,Your subscription will renew on Wednesday. You can manage your subscription from your account.
ham,Library Reminder,The book you borrowed is due back on Thursday. Please return it before the due date.
ham,Subscription Renewal,Your subscription will renew on Saturday. You can manage your subscription from your account.
spam,Lottery Winner,Your email has been selected as a lottery winner. Contact us immediately to claim your cash prize.
ham,Feedback Request,We would appreciate your feedback about your recent experience. Thank you for your time.
ham,Travel Details,Your travel booking is confirmed. Please check the itinerary for the departure time and location.
spam,You Are a Winner,You are today's lucky winner! Claim your prize immediately before the offer expires.
ham,Order Confirmation,Your order has been confirmed and will be delivered by Saturday. Thank you for shopping with us.
spam,Congratulations! You Won,Congratulations! You have won $10000! Click the link now to claim your prize.
ham,Travel Details,Your travel booking is confirmed. Please check the itinerary for the departure time and location.
spam,Urgent Account Alert,Your account will be suspended today. Verify your information immediately by clicking the link.
spam,Act Now,Urgent! This offer expires soon. Click the link to receive your bonus and reward.
spam,Special Bonus,You have received a special bonus. Click here to activate your reward before it expires.
ham,Project Update,Please find the project update attached. Let me know if you have any questions.
spam,Free Money,You have been chosen to receive free money. Complete the verification process now.
spam,Exclusive Prize,An exclusive prize has been reserved for you. Click now to claim it.
ham,Subscription Renewal,Your subscription will renew on Monday. You can manage your subscription from your account.
ham,Office Announcement,The office will remain open during normal working hours tomorrow.
ham,Team Reminder,Please remember to attend the team meeting tomorrow and review the agenda beforehand.
spam,Claim Your Free Reward,You have been selected for a free reward. Claim it now before this limited offer expires.
spam,Congratulations! You Won,Congratulations! You have won $50! Click the link now to claim your prize.
spam,Free Gift Waiting,A free gift is waiting for you. Confirm your details now to receive your reward.
spam,Exclusive Prize,An exclusive prize has been reserved for you. Click now to claim it.
spam,Act Now,Urgent! This offer expires soon. Click the link to receive your bonus and reward.
ham,Interview Schedule,Your interview has been scheduled for Thursday at 3 PM. Please confirm your availability.
ham,Assignment Reminder,This is a reminder that the assignment is due on Thursday. Please submit it before the deadline.
ham,Project Update,Please find the project update attached. Let me know if you have any questions.
ham,Class Schedule,The class will begin at 11 AM on Thursday. Please bring your notes and required materials.
spam,Exclusive Cash Offer,You are eligible to receive $500 in free cash. Act now to claim your money.
spam,Congratulations Reward,Congratulations! Your account has qualified for a valuable reward. Claim it immediately.
ham,Office Announcement,The office will remain open during normal working hours tomorrow.
spam,Special Bonus,You have received a special bonus. Click here to activate your reward before it expires.
spam,Claim Your Free Reward,You have been selected for a free reward. Claim it now before this limited offer expires.
spam,Congratulations Reward,Congratulations! Your account has qualified for a valuable reward. Claim it immediately.
spam,Urgent Account Alert,Your account will be suspended today. Verify your information immediately by clicking the link.
spam,Limited Time Offer,Get an exclusive discount and free bonus today. Click now before this limited time offer ends.
ham,Feedback Request,We would appreciate your feedback about your recent experience. Thank you for your time.
spam,Special Bonus,You have received a special bonus. Click here to activate your reward before it expires.
ham,Library Reminder,The book you borrowed is due back on Saturday. Please return it before the due date.
ham,Document Request,Could you please send the requested document when you have time? Thank you.
ham,Assignment Reminder,This is a reminder that the assignment is due on Monday. Please submit it before the deadline.
ham,Document Request,Could you please send the requested document when you have time? Thank you.
ham,Class Schedule,The class will begin at 10 AM on Tuesday. Please bring your notes and required materials.
ham,Account Notice,Your account information was updated successfully. Contact support if you did not make this change.
spam,Free Money,You have been chosen to receive free money. Complete the verification process now.
ham,Library Reminder,The book you borrowed is due back on Friday. Please return it before the due date.
ham,Payment Receipt,Your payment of $250 has been received successfully. This email is your receipt.
spam,Lottery Winner,Your email has been selected as a lottery winner. Contact us immediately to claim your cash prize.
ham,Order Confirmation,Your order has been confirmed and will be delivered by Tuesday. Thank you for shopping with us.
spam,Free Money,You have been chosen to receive free money. Complete the verification process now.
ham,Assignment Reminder,This is a reminder that the assignment is due on Tuesday. Please submit it before the deadline.
spam,Lottery Winner,Your email has been selected as a lottery winner. Contact us immediately to claim your cash prize.
ham,Account Notice,Your account information was updated successfully. Contact support if you did not make this change.
ham,Feedback Request,We would appreciate your feedback about your recent experience. Thank you for your time.
spam,Exclusive Cash Offer,You are eligible to receive $1000 in free cash. Act now to claim your money.
ham,Class Schedule,The class will begin at 11 AM on Monday. Please bring your notes and required materials.
spam,Urgent Account Alert,Your account will be suspended today. Verify your information immediately by clicking the link.
ham,Feedback Request,We would appreciate your feedback about your recent experience. Thank you for your time.
spam,Free Gift Waiting,A free gift is waiting for you. Confirm your details now to receive your reward.
ham,Document Request,Could you please send the requested document when you have time? Thank you.
spam,Urgent Account Alert,Your account will be suspended today. Verify your information immediately by clicking the link.
spam,Limited Time Offer,Get an exclusive discount and free bonus today. Click now before this limited time offer ends.
ham,Meeting Update,"Hi team, our meeting is scheduled for Friday at 9 AM. Please join on time."
spam,Free Money,You have been chosen to receive free money. Complete the verification process now.
ham,Class Schedule,The class will begin at 9 AM on Saturday. Please bring your notes and required materials.
ham,Feedback Request,We would appreciate your feedback about your recent experience. Thank you for your time.
spam,Final Notice,Final notice: claim your cash reward now or your prize will be cancelled.
spam,Investment Opportunity,Earn guaranteed profits quickly with our exclusive investment opportunity. Sign up now.
spam,Act Now,Urgent! This offer expires soon. Click the link to receive your bonus and reward.
spam,You Are a Winner,You are today's lucky winner! Claim your prize immediately before the offer expires.
ham,Feedback Request,We would appreciate your feedback about your recent experience. Thank you for your time.
spam,Exclusive Cash Offer,You are eligible to receive $250 in free cash. Act now to claim your money.
ham,Meeting Update,"Hi team, our meeting is scheduled for Tuesday at 4 PM. Please join on time."
spam,Congratulations! You Won,Congratulations! You have won $100! Click the link now to claim your prize.
spam,Exclusive Prize,An exclusive prize has been reserved for you. Click now to claim it.
spam,Final Notice,Final notice: claim your cash reward now or your prize will be cancelled.
spam,Free Money,You have been chosen to receive free money. Complete the verification process now.
spam,Claim Your Free Reward,You have been selected for a free reward. Claim it now before this limited offer expires.
spam,Congratulations! You Won,Congratulations! You have won $100! Click the link now to claim your prize.
ham,Team Reminder,Please remember to attend the team meeting tomorrow and review the agenda beforehand.
ham,Subscription Renewal,Your subscription will renew on Thursday. You can manage your subscription from your account.
ham,Interview Schedule,Your interview has been scheduled for Friday at 3 PM. Please confirm your availability.
ham,Document Request,Could you please send the requested document when you have time? Thank you.
spam,Free Money,You have been chosen to receive free money. Complete the verification process now.
ham,Payment Receipt,Your payment of $500 has been received successfully. This email is your receipt.
ham,Project Update,Please find the project update attached. Let me know if you have any questions.
spam,Limited Time Offer,Get an exclusive discount and free bonus today. Click now before this limited time offer ends.
spam,You Are a Winner,You are today's lucky winner! Claim your prize immediately before the offer expires.
spam,Congratulations Reward,Congratulations! Your account has qualified for a valuable reward. Claim it immediately.
ham,Project Update,Please find the project update attached. Let me know if you have any questions.
ham,Project Update,Please find the project update attached. Let me know if you have any questions.
spam,Exclusive Prize,An exclusive prize has been reserved for you. Click now to claim it.
spam,Claim Your Free Reward,You have been selected for a free reward. Claim it now before this limited offer expires.
ham,Account Notice,Your account information was updated successfully. Contact support if you did not make this change.
spam,Claim Your Free Reward,You have been selected for a free reward. Claim it now before this limited offer expires.
spam,Urgent Account Alert,Your account will be suspended today. Verify your information immediately by clicking the link.
spam,Limited Time Offer,Get an exclusive discount and free bonus today. Click now before this limited time offer ends.
spam,Congratulations Reward,Congratulations! Your account has qualified for a valuable reward. Claim it immediately.
spam,Exclusive Cash Offer,You are eligible to receive $500 in free cash. Act now to claim your money.
spam,Free Gift Waiting,A free gift is waiting for you. Confirm your details now to receive your reward.
spam,Limited Time Offer,Get an exclusive discount and free bonus today. Click now before this limited time offer ends.
ham,Project Update,Please find the project update attached. Let me know if you have any questions.
spam,Urgent Account Alert,Your account will be suspended today. Verify your information immediately by clicking the link.
spam,Congratulations Reward,Congratulations! Your account has qualified for a valuable reward. Claim it immediately.
ham,Project Update,Please find the project update attached. Let me know if you have any questions.
spam,Exclusive Prize,An exclusive prize has been reserved for you. Click now to claim it.
spam,Final Notice,Final notice: claim your cash reward now or your prize will be cancelled.
ham,Document Request,Could you please send the requested document when you have time? Thank you.
ham,Travel Details,Your travel booking is confirmed. Please check the itinerary for the departure time and location.
spam,Urgent Account Alert,Your account will be suspended today. Verify your information immediately by clicking the link.
spam,Congratulations Reward,Congratulations! Your account has qualified for a valuable reward. Claim it immediately.
ham,Interview Schedule,Your interview has been scheduled for Friday at 9 AM. Please confirm your availability.
ham,Meeting Update,"Hi team, our meeting is scheduled for Wednesday at 3 PM. Please join on time."
spam,Congratulations Reward,Congratulations! Your account has qualified for a valuable reward. Claim it immediately.
spam,Limited Time Offer,Get an exclusive discount and free bonus today. Click now before this limited time offer ends.
spam,Exclusive Prize,An exclusive prize has been reserved for you. Click now to claim it.
ham,Travel Details,Your travel booking is confirmed. Please check the itinerary for the departure time and location.
spam,Congratulations Reward,Congratulations! Your account has qualified for a valuable reward. Claim it immediately.
spam,Claim Your Free Reward,You have been selected for a free reward. Claim it now before this limited offer expires.
ham,Office Announcement,The office will remain open during normal working hours tomorrow.
spam,Congratulations! You Won,Congratulations! You have won $5000! Click the link now to claim your prize.
spam,Free Gift Waiting,A free gift is waiting for you. Confirm your details now to receive your reward.
ham,Meeting Update,"Hi team, our meeting is scheduled for Saturday at 4 PM. Please join on time."
spam,Claim Your Free Reward,You have been selected for a free reward. Claim it now before this limited offer expires.
spam,Investment Opportunity,Earn guaranteed profits quickly with our exclusive investment opportunity. Sign up now.
spam,Limited Time Offer,Get an exclusive discount and free bonus today. Click now before this limited time offer ends.
spam,Free Money,You have been chosen to receive free money. Complete the verification process now.
spam,Investment Opportunity,Earn guaranteed profits quickly with our exclusive investment opportunity. Sign up now.
ham,Project Update,Please find the project update attached. Let me know if you have any questions.
spam,Act Now,Urgent! This offer expires soon. Click the link to receive your bonus and reward.
spam,You Are a Winner,You are today's lucky winner! Claim your prize immediately before the offer expires.
spam,Free Money,You have been chosen to receive free money. Complete the verification process now.
spam,Final Notice,Final notice: claim your cash reward now or your prize will be cancelled.
ham,Payment Receipt,Your payment of $50 has been received successfully. This email is your receipt.
spam,Lottery Winner,Your email has been selected as a lottery winner. Contact us immediately to claim your cash prize.
ham,Office Announcement,The office will remain open during normal working hours tomorrow.
spam,Final Notice,Final notice: claim your cash reward now or your prize will be cancelled.
ham,Library Reminder,The book you borrowed is due back on Saturday. Please return it before the due date.
ham,Assignment Reminder,This is a reminder that the assignment is due on Tuesday. Please submit it before the deadline.
spam,Exclusive Prize,An exclusive prize has been reserved for you. Click now to claim it.
spam,Investment Opportunity,Earn guaranteed profits quickly with our exclusive investment opportunity. Sign up now.
spam,Special Bonus,You have received a special bonus. Click here to activate your reward before it expires.
spam,Exclusive Cash Offer,You are eligible to receive $50 in free cash. Act now to claim your money.
spam,Limited Time Offer,Get an exclusive discount and free bonus today. Click now before this limited time offer ends.
ham,Class Schedule,The class will begin at 3 PM on Tuesday. Please bring your notes and required materials.
spam,Congratulations Reward,Congratulations! Your account has qualified for a valuable reward. Claim it immediately.
ham,Order Confirmation,Your order has been confirmed and will be delivered by Saturday. Thank you for shopping with us.
ham,Assignment Reminder,This is a reminder that the assignment is due on Friday. Please submit it before the deadline.
spam,Free Money,You have been chosen to receive free money. Complete the verification process now.
spam,Final Notice,Final notice: claim your cash reward now or your prize will be cancelled.
ham,Document Request,Could you please send the requested document when you have time? Thank you.
ham,Interview Schedule,Your interview has been scheduled for Friday at 10 AM. Please confirm your availability.
spam,Exclusive Prize,An exclusive prize has been reserved for you. Click now to claim it.
spam,You Are a Winner,You are today's lucky winner! Claim your prize immediately before the offer expires.
spam,Exclusive Cash Offer,You are eligible to receive $500 in free cash. Act now to claim your money.
ham,Assignment Reminder,This is a reminder that the assignment is due on Monday. Please submit it before the deadline.
ham,Interview Schedule,Your interview has been scheduled for Monday at 11 AM. Please confirm your availability.
spam,Congratulations! You Won,Congratulations! You have won $5000! Click the link now to claim your prize.
spam,Investment Opportunity,Earn guaranteed profits quickly with our exclusive investment opportunity. Sign up now.
ham,Office Announcement,The office will remain open during normal working hours tomorrow.
spam,Free Money,You have been chosen to receive free money. Complete the verification process now.
ham,Account Notice,Your account information was updated successfully. Contact support if you did not make this change.
ham,Meeting Update,"Hi team, our meeting is scheduled for Saturday at 3 PM. Please join on time."
spam,Free Money,You have been chosen to receive free money. Complete the verification process now.
ham,Account Notice,Your account information was updated successfully. Contact support if you did not make this change.
spam,Congratulations Reward,Congratulations! Your account has qualified for a valuable reward. Claim it immediately.
spam,Congratulations! You Won,Congratulations! You have won $1000! Click the link now to claim your prize.
ham,Subscription Renewal,Your subscription will renew on Thursday. You can manage your subscription from your account.
spam,Free Gift Waiting,A free gift is waiting for you. Confirm your details now to receive your reward.
ham,Assignment Reminder,This is a reminder that the assignment is due on Wednesday. Please submit it before the deadline.
ham,Assignment Reminder,This is a reminder that the assignment is due on Thursday. Please submit it before the deadline.
ham,Project Update,Please find the project update attached. Let me know if you have any questions.
spam,Congratulations! You Won,Congratulations! You have won $10000! Click the link now to claim your prize.
ham,Feedback Request,We would appreciate your feedback about your recent experience. Thank you for your time.
spam,Urgent Account Alert,Your account will be suspended today. Verify your information immediately by clicking the link.
ham,Office Announcement,The office will remain open during normal working hours tomorrow.
ham,Library Reminder,The book you borrowed is due back on Friday. Please return it before the due date.
spam,Final Notice,Final notice: claim your cash reward now or your prize will be cancelled.
ham,Assignment Reminder,This is a reminder that the assignment is due on Thursday. Please submit it before the deadline.
ham,Assignment Reminder,This is a reminder that the assignment is due on Wednesday. Please submit it before the deadline.
ham,Travel Details,Your travel booking is confirmed. Please check the itinerary for the departure time and location.
spam,Urgent Account Alert,Your account will be suspended today. Verify your information immediately by clicking the link.
spam,You Are a Winner,You are today's lucky winner! Claim your prize immediately before the offer expires.
ham,Class Schedule,The class will begin at 10 AM on Thursday. Please bring your notes and required materials.
spam,You Are a Winner,You are today's lucky winner! Claim your prize immediately before the offer expires.
ham,Meeting Update,"Hi team, our meeting is scheduled for Saturday at 4 PM. Please join on time."
ham,Project Update,Please find the project update attached. Let me know if you have any questions.
ham,Library Reminder,The book you borrowed is due back on Monday. Please return it before the due date.
ham,Meeting Update,"Hi team, our meeting is scheduled for Monday at 9 AM. Please join on time."
ham,Account Notice,Your account information was updated successfully. Contact support if you did not make this change.
spam,Free Gift Waiting,A free gift is waiting for you. Confirm your details now to receive your reward.
spam,Free Money,You have been chosen to receive free money. Complete the verification process now.
ham,Payment Receipt,Your payment of $100 has been received successfully. This email is your receipt.
ham,Travel Details,Your travel booking is confirmed. Please check the itinerary for the departure time and location.
ham,Subscription Renewal,Your subscription will renew on Monday. You can manage your subscription from your account.
ham,Team Reminder,Please remember to attend the team meeting tomorrow and review the agenda beforehand.
spam,Urgent Account Alert,Your account will be suspended today. Verify your information immediately by clicking the link.
spam,Exclusive Prize,An exclusive prize has been reserved for you. Click now to claim it.
ham,Subscription Renewal,Your subscription will renew on Friday. You can manage your subscription from your account.
spam,Congratulations! You Won,Congratulations! You have won $10000! Click the link now to claim your prize.
spam,Urgent Account Alert,Your account will be suspended today. Verify your information immediately by clicking the link.
spam,Final Notice,Final notice: claim your cash reward now or your prize will be cancelled.
ham,Document Request,Could you please send the requested document when you have time? Thank you.
ham,Document Request,Could you please send the requested document when you have time? Thank you.
spam,Special Bonus,You have received a special bonus. Click here to activate your reward before it expires.
ham,Travel Details,Your travel booking is confirmed. Please check the itinerary for the departure time and location.
ham,Office Announcement,The office will remain open during normal working hours tomorrow.
spam,Special Bonus,You have received a special bonus. Click here to activate your reward before it expires.
spam,Investment Opportunity,Earn guaranteed profits quickly with our exclusive investment opportunity. Sign up now.
ham,Order Confirmation,Your order has been confirmed and will be delivered by Monday. Thank you for shopping with us.
ham,Document Request,Could you please send the requested document when you have time? Thank you.
ham,Office Announcement,The office will remain open during normal working hours tomorrow.
spam,Lottery Winner,Your email has been selected as a lottery winner. Contact us immediately to claim your cash prize.
ham,Feedback Request,We would appreciate your feedback about your recent experience. Thank you for your time.
ham,Order Confirmation,Your order has been confirmed and will be delivered by Thursday. Thank you for shopping with us.
spam,Free Gift Waiting,A free gift is waiting for you. Confirm your details now to receive your reward.
ham,Class Schedule,The class will begin at 9 AM on Friday. Please bring your notes and required materials.
spam,Exclusive Cash Offer,You are eligible to receive $500 in free cash. Act now to claim your money.
spam,Exclusive Prize,An exclusive prize has been reserved for you. Click now to claim it.
spam,Urgent Account Alert,Your account will be suspended today. Verify your information immediately by clicking the link.
spam,Urgent Account Alert,Your account will be suspended today. Verify your information immediately by clicking the link.
ham,Office Announcement,The office will remain open during normal working hours tomorrow.
ham,Project Update,Please find the project update attached. Let me know if you have any questions.
ham,Order Confirmation,Your order has been confirmed and will be delivered by Saturday. Thank you for shopping with us.
ham,Document Request,Could you please send the requested document when you have time? Thank you.
ham,Travel Details,Your travel booking is confirmed. Please check the itinerary for the departure time and location.
ham,Interview Schedule,Your interview has been scheduled for Thursday at 9 AM. Please confirm your availability.
ham,Office Announcement,The office will remain open during normal working hours tomorrow.
ham,Office Announcement,The office will remain open during normal working hours tomorrow.
spam,Congratulations Reward,Congratulations! Your account has qualified for a valuable reward. Claim it immediately.
spam,Urgent Account Alert,Your account will be suspended today. Verify your information immediately by clicking the link.
spam,Congratulations Reward,Congratulations! Your account has qualified for a valuable reward. Claim it immediately.
spam,Free Gift Waiting,A free gift is waiting for you. Confirm your details now to receive your reward.
spam,Free Gift Waiting,A free gift is waiting for you. Confirm your details now to receive your reward.
spam,Congratulations Reward,Congratulations! Your account has qualified for a valuable reward. Claim it immediately.
ham,Class Schedule,The class will begin at 11 AM on Friday. Please bring your notes and required materials.
ham,Meeting Update,"Hi team, our meeting is scheduled for Thursday at 2 PM. Please join on time."
ham,Order Confirmation,Your order has been confirmed and will be delivered by Thursday. Thank you for shopping with us.
ham,Payment Receipt,Your payment of $250 has been received successfully. This email is your receipt.
ham,Subscription Renewal,Your subscription will renew on Friday. You can manage your subscription from your account.
ham,Class Schedule,The class will begin at 4 PM on Friday. Please bring your notes and required materials.
spam,Investment Opportunity,Earn guaranteed profits quickly with our exclusive investment opportunity. Sign up now.
ham,Office Announcement,The office will remain open during normal working hours tomorrow.
ham,Account Notice,Your account information was updated successfully. Contact support if you did not make this change.
ham,Library Reminder,The book you borrowed is due back on Thursday. Please return it before the due date.
ham,Meeting Update,"Hi team, our meeting is scheduled for Saturday at 9 AM. Please join on time."
spam,You Are a Winner,You are today's lucky winner! Claim your prize immediately before the offer expires.
ham,Travel Details,Your travel booking is confirmed. Please check the itinerary for the departure time and location.
ham,Order Confirmation,Your order has been confirmed and will be delivered by Wednesday. Thank you for shopping with us.
spam,Act Now,Urgent! This offer expires soon. Click the link to receive your bonus and reward.
spam,Claim Your Free Reward,You have been selected for a free reward. Claim it now before this limited offer expires.
ham,Feedback Request,We would appreciate your feedback about your recent experience. Thank you for your time.
ham,Travel Details,Your travel booking is confirmed. Please check the itinerary for the departure time and location.
spam,Lottery Winner,Your email has been selected as a lottery winner. Contact us immediately to claim your cash prize.
ham,Meeting Update,"Hi team, our meeting is scheduled for Saturday at 10 AM. Please join on time."
spam,Claim Your Free Reward,You have been selected for a free reward. Claim it now before this limited offer expires.
spam,Exclusive Cash Offer,You are eligible to receive $5000 in free cash. Act now to claim your money.
ham,Payment Receipt,Your payment of $5000 has been received successfully. This email is your receipt.
ham,Team Reminder,Please remember to attend the team meeting tomorrow and review the agenda beforehand.
spam,Exclusive Prize,An exclusive prize has been reserved for you. Click now to claim it.
spam,Claim Your Free Reward,You have been selected for a free reward. Claim it now before this limited offer expires.
spam,Exclusive Cash Offer,You are eligible to receive $500 in free cash. Act now to claim your money.
ham,Document Request,Could you please send the requested document when you have time? Thank you.
ham,Office Announcement,The office will remain open during normal working hours tomorrow.
spam,You Are a Winner,You are today's lucky winner! Claim your prize immediately before the offer expires.
ham,Order Confirmation,Your order has been confirmed and will be delivered by Thursday. Thank you for shopping with us.
spam,Exclusive Cash Offer,You are eligible to receive $100 in free cash. Act now to claim your money.
ham,Order Confirmation,Your order has been confirmed and will be delivered by Monday. Thank you for shopping with us.
ham,Office Announcement,The office will remain open during normal working hours tomorrow.
spam,Exclusive Prize,An exclusive prize has been reserved for you. Click now to claim it.
spam,Limited Time Offer,Get an exclusive discount and free bonus today. Click now before this limited time offer ends.
spam,Lottery Winner,Your email has been selected as a lottery winner. Contact us immediately to claim your cash prize.
spam,Limited Time Offer,Get an exclusive discount and free bonus today. Click now before this limited time offer ends.
ham,Subscription Renewal,Your subscription will renew on Saturday. You can manage your subscription from your account.
ham,Assignment Reminder,This is a reminder that the assignment is due on Thursday. Please submit it before the deadline.
ham,Order Confirmation,Your order has been confirmed and will be delivered by Saturday. Thank you for shopping with us.
ham,Interview Schedule,Your interview has been scheduled for Tuesday at 4 PM. Please confirm your availability.
spam,Claim Your Free Reward,You have been selected for a free reward. Claim it now before this limited offer expires.
ham,Interview Schedule,Your interview has been scheduled for Monday at 9 AM. Please confirm your availability.
ham,Account Notice,Your account information was updated successfully. Contact support if you did not make this change.
spam,Congratulations! You Won,Congratulations! You have won $10000! Click the link now to claim your prize.
ham,Project Update,Please find the project update attached. Let me know if you have any questions.
ham,Meeting Update,"Hi team, our meeting is scheduled for Tuesday at 11 AM. Please join on time."
spam,Lottery Winner,Your email has been selected as a lottery winner. Contact us immediately to claim your cash prize.
spam,Exclusive Cash Offer,You are eligible to receive $250 in free cash. Act now to claim your money.
ham,Travel Details,Your travel booking is confirmed. Please check the itinerary for the departure time and location.
ham,Feedback Request,We would appreciate your feedback about your recent experience. Thank you for your time.
spam,Exclusive Prize,An exclusive prize has been reserved for you. Click now to claim it.
spam,Congratulations! You Won,Congratulations! You have won $10000! Click the link now to claim your prize.
ham,Payment Receipt,Your payment of $500 has been received successfully. This email is your receipt.
ham,Subscription Renewal,Your subscription will renew on Monday. You can manage your subscription from your account.
spam,Limited Time Offer,Get an exclusive discount and free bonus today. Click now before this limited time offer ends.
ham,Library Reminder,The book you borrowed is due back on Tuesday. Please return it before the due date.
spam,Investment Opportunity,Earn guaranteed profits quickly with our exclusive investment opportunity. Sign up now.
spam,Claim Your Free Reward,You have been selected for a free reward. Claim it now before this limited offer expires.
spam,Lottery Winner,Your email has been selected as a lottery winner. Contact us immediately to claim your cash prize.
spam,Congratulations Reward,Congratulations! Your account has qualified for a valuable reward. Claim it immediately.
ham,Travel Details,Your travel booking is confirmed. Please check the itinerary for the departure time and location.
ham,Feedback Request,We would appreciate your feedback about your recent experience. Thank you for your time.
spam,Congratulations Reward,Congratulations! Your account has qualified for a valuable reward. Claim it immediately.
ham,Document Request,Could you please send the requested document when you have time? Thank you.
ham,Document Request,Could you please send the requested document when you have time? Thank you.
ham,Travel Details,Your travel booking is confirmed. Please check the itinerary for the departure time and location.
ham,Subscription Renewal,Your subscription will renew on Monday. You can manage your subscription from your account.
spam,Limited Time Offer,Get an exclusive discount and free bonus today. Click now before this limited time offer ends.
spam,Free Money,You have been chosen to receive free money. Complete the verification process now.
spam,Exclusive Prize,An exclusive prize has been reserved for you. Click now to claim it.
spam,Claim Your Free Reward,You have been selected for a free reward. Claim it now before this limited offer expires.
spam,Special Bonus,You have received a special bonus. Click here to activate your reward before it expires.
spam,Exclusive Cash Offer,You are eligible to receive $10000 in free cash. Act now to claim your money.
spam,Free Money,You have been chosen to receive free money. Complete the verification process now.
ham,Account Notice,Your account information was updated successfully. Contact support if you did not make this change.
ham,Assignment Reminder,This is a reminder that the assignment is due on Thursday. Please submit it before the deadline.
ham,Document Request,Could you please send the requested document when you have time? Thank you.
spam,Limited Time Offer,Get an exclusive discount and free bonus today. Click now before this limited time offer ends.
ham,Library Reminder,The book you borrowed is due back on Wednesday. Please return it before the due date.
ham,Assignment Reminder,This is a reminder that the assignment is due on Thursday. Please submit it before the deadline.
ham,Office Announcement,The office will remain open during normal working hours tomorrow.
spam,Investment Opportunity,Earn guaranteed profits quickly with our exclusive investment opportunity. Sign up now.
spam,Congratulations! You Won,Congratulations! You have won $250! Click the link now to claim your prize.
ham,Subscription Renewal,Your subscription will renew on Friday. You can manage your subscription from your account.
spam,Claim Your Free Reward,You have been selected for a free reward. Claim it now before this limited offer expires.
ham,Assignment Reminder,This is a reminder that the assignment is due on Tuesday. Please submit it before the deadline.
spam,Limited Time Offer,Get an exclusive discount and free bonus today. Click now before this limited time offer ends.
ham,Library Reminder,The book you borrowed is due back on Monday. Please return it before the due date.
ham,Account Notice,Your account information was updated successfully. Contact support if you did not make this change.
ham,Interview Schedule,Your interview has been scheduled for Monday at 9 AM. Please confirm your availability.
ham,Order Confirmation,Your order has been confirmed and will be delivered by Monday. Thank you for shopping with us.
spam,Act Now,Urgent! This offer expires soon. Click the link to receive your bonus and reward.
ham,Assignment Reminder,This is a reminder that the assignment is due on Thursday. Please submit it before the deadline.
ham,Assignment Reminder,This is a reminder that the assignment is due on Monday. Please submit it before the deadline.
ham,Team Reminder,Please remember to attend the team meeting tomorrow and review the agenda beforehand.
ham,Office Announcement,The office will remain open during normal working hours tomorrow.
ham,Library Reminder,The book you borrowed is due back on Friday. Please return it before the due date.
spam,Free Gift Waiting,A free gift is waiting for you. Confirm your details now to receive your reward.
spam,Lottery Winner,Your email has been selected as a lottery winner. Contact us immediately to claim your cash prize.
ham,Account Notice,Your account information was updated successfully. Contact support if you did not make this change.
ham,Feedback Request,We would appreciate your feedback about your recent experience. Thank you for your time.
ham,Feedback Request,We would appreciate your feedback about your recent experience. Thank you for your time.
spam,Act Now,Urgent! This offer expires soon. Click the link to receive your bonus and reward.
spam,You Are a Winner,You are today's lucky winner! Claim your prize immediately before the offer expires.
spam,Claim Your Free Reward,You have been selected for a free reward. Claim it now before this limited offer expires.
spam,Claim Your Free Reward,You have been selected for a free reward. Claim it now before this limited offer expires.
ham,Order Confirmation,Your order has been confirmed and will be delivered by Wednesday. Thank you for shopping with us.
spam,Exclusive Cash Offer,You are eligible to receive $10000 in free cash. Act now to claim your money.
spam,Claim Your Free Reward,You have been selected for a free reward. Claim it now before this limited offer expires.
ham,Assignment Reminder,This is a reminder that the assignment is due on Friday. Please submit it before the deadline.
ham,Library Reminder,The book you borrowed is due back on Tuesday. Please return it before the due date.
ham,Feedback Request,We would appreciate your feedback about your recent experience. Thank you for your time.
ham,Class Schedule,The class will begin at 2 PM on Tuesday. Please bring your notes and required materials.
ham,Feedback Request,We would appreciate your feedback about your recent experience. Thank you for your time.
ham,Meeting Update,"Hi team, our meeting is scheduled for Saturday at 9 AM. Please join on time."
spam,Free Money,You have been chosen to receive free money. Complete the verification process now.
spam,Exclusive Prize,An exclusive prize has been reserved for you. Click now to claim it.
spam,Exclusive Prize,An exclusive prize has been reserved for you. Click now to claim it.
ham,Account Notice,Your account information was updated successfully. Contact support if you did not make this change.
ham,Document Request,Could you please send the requested document when you have time? Thank you.
spam,Act Now,Urgent! This offer expires soon. Click the link to receive your bonus and reward.
spam,Claim Your Free Reward,You have been selected for a free reward. Claim it now before this limited offer expires.
spam,Free Gift Waiting,A free gift is waiting for you. Confirm your details now to receive your reward.
spam,Special Bonus,You have received a special bonus. Click here to activate your reward before it expires.
ham,Library Reminder,The book you borrowed is due back on Monday. Please return it before the due date.
ham,Meeting Update,"Hi team, our meeting is scheduled for Tuesday at 11 AM. Please join on time."
spam,Congratulations Reward,Congratulations! Your account has qualified for a valuable reward. Claim it immediately.
ham,Library Reminder,The book you borrowed is due back on Wednesday. Please return it before the due date.
spam,Investment Opportunity,Earn guaranteed profits quickly with our exclusive investment opportunity. Sign up now.
ham,Office Announcement,The office will remain open during normal working hours tomorrow.
spam,Limited Time Offer,Get an exclusive discount and free bonus today. Click now before this limited time offer ends.
ham,Assignment Reminder,This is a reminder that the assignment is due on Wednesday. Please submit it before the deadline.
ham,Project Update,Please find the project update attached. Let me know if you have any questions.
spam,Limited Time Offer,Get an exclusive discount and free bonus today. Click now before this limited time offer ends.
ham,Document Request,Could you please send the requested document when you have time? Thank you.
spam,Free Gift Waiting,A free gift is waiting for you. Confirm your details now to receive your reward.
spam,Claim Your Free Reward,You have been selected for a free reward. Claim it now before this limited offer expires.
spam,Urgent Account Alert,Your account will be suspended today. Verify your information immediately by clicking the link.
spam,Urgent Account Alert,Your account will be suspended today. Verify your information immediately by clicking the link.
ham,Travel Details,Your travel booking is confirmed. Please check the itinerary for the departure time and location.
spam,Free Gift Waiting,A free gift is waiting for you. Confirm your details now to receive your reward.
ham,Payment Receipt,Your payment of $500 has been received successfully. This email is your receipt.
spam,Investment Opportunity,Earn guaranteed profits quickly with our exclusive investment opportunity. Sign up now.
ham,Meeting Update,"Hi team, our meeting is scheduled for Friday at 4 PM. Please join on time."
ham,Document Request,Could you please send the requested document when you have time? Thank you.
ham,Team Reminder,Please remember to attend the team meeting tomorrow and review the agenda beforehand.
spam,Free Money,You have been chosen to receive free money. Complete the verification process now.
ham,Assignment Reminder,This is a reminder that the assignment is due on Monday. Please submit it before the deadline.
ham,Class Schedule,The class will begin at 9 AM on Monday. Please bring your notes and required materials.
ham,Payment Receipt,Your payment of $250 has been received successfully. This email is your receipt.
spam,Exclusive Cash Offer,You are eligible to receive $500 in free cash. Act now to claim your money.
ham,Interview Schedule,Your interview has been scheduled for Friday at 11 AM. Please confirm your availability.
ham,Payment Receipt,Your payment of $50 has been received successfully. This email is your receipt.
ham,Travel Details,Your travel booking is confirmed. Please check the itinerary for the departure time and location.
spam,Congratulations! You Won,Congratulations! You have won $5000! Click the link now to claim your prize.
ham,Assignment Reminder,This is a reminder that the assignment is due on Wednesday. Please submit it before the deadline.
spam,Exclusive Cash Offer,You are eligible to receive $5000 in free cash. Act now to claim your money.
spam,Claim Your Free Reward,You have been selected for a free reward. Claim it now before this limited offer expires.
ham,Meeting Update,"Hi team, our meeting is scheduled for Saturday at 11 AM. Please join on time."
ham,Class Schedule,The class will begin at 10 AM on Wednesday. Please bring your notes and required materials.
spam,Exclusive Cash Offer,You are eligible to receive $5000 in free cash. Act now to claim your money.
spam,Free Gift Waiting,A free gift is waiting for you. Confirm your details now to receive your reward.
spam,Investment Opportunity,Earn guaranteed profits quickly with our exclusive investment opportunity. Sign up now.
ham,Travel Details,Your travel booking is confirmed. Please check the itinerary for the departure time and location.
spam,Free Money,You have been chosen to receive free money. Complete the verification process now.
spam,Claim Your Free Reward,You have been selected for a free reward. Claim it now before this limited offer expires.
ham,Office Announcement,The office will remain open during normal working hours tomorrow.
ham,Subscription Renewal,Your subscription will renew on Monday. You can manage your subscription from your account.
ham,Class Schedule,The class will begin at 9 AM on Monday. Please bring your notes and required materials.
ham,Payment Receipt,Your payment of $5000 has been received successfully. This email is your receipt.
ham,Assignment Reminder,This is a reminder that the assignment is due on Wednesday. Please submit it before the deadline.
ham,Subscription Renewal,Your subscription will renew on Friday. You can manage your subscription from your account.
ham,Meeting Update,"Hi team, our meeting is scheduled for Tuesday at 9 AM. Please join on time."
ham,Project Update,Please find the project update attached. Let me know if you have any questions.
ham,Assignment Reminder,This is a reminder that the assignment is due on Monday. Please submit it before the deadline.
ham,Interview Schedule,Your interview has been scheduled for Thursday at 4 PM. Please confirm your availability.
ham,Library Reminder,The book you borrowed is due back on Friday. Please return it before the due date.
ham,Account Notice,Your account information was updated successfully. Contact support if you did not make this change.
spam,Lottery Winner,Your email has been selected as a lottery winner. Contact us immediately to claim your cash prize.
spam,Special Bonus,You have received a special bonus. Click here to activate your reward before it expires.
ham,Account Notice,Your account information was updated successfully. Contact support if you did not make this change.
ham,Interview Schedule,Your interview has been scheduled for Tuesday at 4 PM. Please confirm your availability.
ham,Meeting Update,"Hi team, our meeting is scheduled for Saturday at 4 PM. Please join on time."
spam,Exclusive Cash Offer,You are eligible to receive $10000 in free cash. Act now to claim your money.
spam,Congratulations Reward,Congratulations! Your account has qualified for a valuable reward. Claim it immediately.
spam,Congratulations Reward,Congratulations! Your account has qualified for a valuable reward. Claim it immediately.
spam,Urgent Account Alert,Your account will be suspended today. Verify your information immediately by clicking the link.
ham,Payment Receipt,Your payment of $10000 has been received successfully. This email is your receipt.
spam,Lottery Winner,Your email has been selected as a lottery winner. Contact us immediately to claim your cash prize.
spam,Exclusive Prize,An exclusive prize has been reserved for you. Click now to claim it.
spam,Urgent Account Alert,Your account will be suspended today. Verify your information immediately by clicking the link.
spam,Free Money,You have been chosen to receive free money. Complete the verification process now.
ham,Account Notice,Your account information was updated successfully. Contact support if you did not make this change.
ham,Office Announcement,The office will remain open during normal working hours tomorrow.
ham,Class Schedule,The class will begin at 4 PM on Thursday. Please bring your notes and required materials.
spam,Lottery Winner,Your email has been selected as a lottery winner. Contact us immediately to claim your cash prize.
ham,Account Notice,Your account information was updated successfully. Contact support if you did not make this change.
spam,Congratulations! You Won,Congratulations! You have won $1000! Click the link now to claim your prize.
spam,Claim Your Free Reward,You have been selected for a free reward. Claim it now before this limited offer expires.
spam,Lottery Winner,Your email has been selected as a lottery winner. Contact us immediately to claim your cash prize.
ham,Subscription Renewal,Your subscription will renew on Friday. You can manage your subscription from your account.
ham,Feedback Request,We would appreciate your feedback about your recent experience. Thank you for your time.
ham,Subscription Renewal,Your subscription will renew on Saturday. You can manage your subscription from your account.
ham,Assignment Reminder,This is a reminder that the assignment is due on Wednesday. Please submit it before the deadline.
spam,Lottery Winner,Your email has been selected as a lottery winner. Contact us immediately to claim your cash prize.
spam,Investment Opportunity,Earn guaranteed profits quickly with our exclusive investment opportunity. Sign up now.
ham,Travel Details,Your travel booking is confirmed. Please check the itinerary for the departure time and location.
ham,Project Update,Please find the project update attached. Let me know if you have any questions.
ham,Subscription Renewal,Your subscription will renew on Tuesday. You can manage your subscription from your account.
ham,Order Confirmation,Your order has been confirmed and will be delivered by Tuesday. Thank you for shopping with us.
spam,Congratulations! You Won,Congratulations! You have won $1000! Click the link now to claim your prize.
spam,Claim Your Free Reward,You have been selected for a free reward. Claim it now before this limited offer expires.
ham,Payment Receipt,Your payment of $5000 has been received successfully. This email is your receipt.
ham,Account Notice,Your account information was updated successfully. Contact support if you did not make this change.
ham,Document Request,Could you please send the requested document when you have time? Thank you.
spam,Final Notice,Final notice: claim your cash reward now or your prize will be cancelled.
spam,Free Money,You have been chosen to receive free money. Complete the verification process now.
ham,Order Confirmation,Your order has been confirmed and will be delivered by Saturday. Thank you for shopping with us.
spam,Claim Your Free Reward,You have been selected for a free reward. Claim it now before this limited offer expires.
spam,Final Notice,Final notice: claim your cash reward now or your prize will be cancelled.
spam,Exclusive Cash Offer,You are eligible to receive $1000 in free cash. Act now to claim your money.
ham,Project Update,Please find the project update attached. Let me know if you have any questions.
ham,Project Update,Please find the project update attached. Let me know if you have any questions.
spam,Final Notice,Final notice: claim your cash reward now or your prize will be cancelled.
ham,Travel Details,Your travel booking is confirmed. Please check the itinerary for the departure time and location.
spam,Free Money,You have been chosen to receive free money. Complete the verification process now.
ham,Order Confirmation,Your order has been confirmed and will be delivered by Wednesday. Thank you for shopping with us.
ham,Subscription Renewal,Your subscription will renew on Wednesday. You can manage your subscription from your account.
ham,Order Confirmation,Your order has been confirmed and will be delivered by Thursday. Thank you for shopping with us.
spam,You Are a Winner,You are today's lucky winner! Claim your prize immediately before the offer expires.
spam,Free Money,You have been chosen to receive free money. Complete the verification process now.
ham,Meeting Update,"Hi team, our meeting is scheduled for Saturday at 3 PM. Please join on time."
spam,Congratulations! You Won,Congratulations! You have won $100! Click the link now to claim your prize.
ham,Account Notice,Your account information was updated successfully. Contact support if you did not make this change.
spam,Special Bonus,You have received a special bonus. Click here to activate your reward before it expires.
ham,Interview Schedule,Your interview has been scheduled for Saturday at 4 PM. Please confirm your availability.
spam,Congratulations! You Won,Congratulations! You have won $250! Click the link now to claim your prize.
spam,Act Now,Urgent! This offer expires soon. Click the link to receive your bonus and reward.
ham,Order Confirmation,Your order has been confirmed and will be delivered by Tuesday. Thank you for shopping with us.
ham,Class Schedule,The class will begin at 9 AM on Tuesday. Please bring your notes and required materials.
spam,Congratulations! You Won,Congratulations! You have won $10000! Click the link now to claim your prize.
spam,Lottery Winner,Your email has been selected as a lottery winner. Contact us immediately to claim your cash prize.
spam,Investment Opportunity,Earn guaranteed profits quickly with our exclusive investment opportunity. Sign up now.
ham,Office Announcement,The office will remain open during normal working hours tomorrow.
ham,Subscription Renewal,Your subscription will renew on Monday. You can manage your subscription from your account.
spam,Urgent Account Alert,Your account will be suspended today. Verify your information immediately by clicking the link.
ham,Travel Details,Your travel booking is confirmed. Please check the itinerary for the departure time and location.
spam,Investment Opportunity,Earn guaranteed profits quickly with our exclusive investment opportunity. Sign up now.
spam,Limited Time Offer,Get an exclusive discount and free bonus today. Click now before this limited time offer ends.
ham,Account Notice,Your account information was updated successfully. Contact support if you did not make this change.
ham,Library Reminder,The book you borrowed is due back on Monday. Please return it before the due date.
ham,Office Announcement,The office will remain open during normal working hours tomorrow.
spam,Claim Your Free Reward,You have been selected for a free reward. Claim it now before this limited offer expires.
ham,Team Reminder,Please remember to attend the team meeting tomorrow and review the agenda beforehand.
spam,You Are a Winner,You are today's lucky winner! Claim your prize immediately before the offer expires.
spam,Final Notice,Final notice: claim your cash reward now or your prize will be cancelled.
ham,Order Confirmation,Your order has been confirmed and will be delivered by Thursday. Thank you for shopping with us.
spam,Lottery Winner,Your email has been selected as a lottery winner. Contact us immediately to claim your cash prize.
ham,Feedback Request,We would appreciate your feedback about your recent experience. Thank you for your time.
spam,Free Money,You have been chosen to receive free money. Complete the verification process now.
spam,Exclusive Prize,An exclusive prize has been reserved for you. Click now to claim it.
ham,Project Update,Please find the project update attached. Let me know if you have any questions.
spam,Exclusive Prize,An exclusive prize has been reserved for you. Click now to claim it.
spam,Lottery Winner,Your email has been selected as a lottery winner. Contact us immediately to claim your cash prize.
ham,Office Announcement,The office will remain open during normal working hours tomorrow.
ham,Order Confirmation,Your order has been confirmed and will be delivered by Thursday. Thank you for shopping with us.
spam,Free Money,You have been chosen to receive free money. Complete the verification process now.
ham,Office Announcement,The office will remain open during normal working hours tomorrow.
ham,Payment Receipt,Your payment of $250 has been received successfully. This email is your receipt.
ham,Interview Schedule,Your interview has been scheduled for Saturday at 2 PM. Please confirm your availability.
ham,Order Confirmation,Your order has been confirmed and will be delivered by Tuesday. Thank you for shopping with us.
spam,Investment Opportunity,Earn guaranteed profits quickly with our exclusive investment opportunity. Sign up now.
spam,Exclusive Cash Offer,You are eligible to receive $100 in free cash. Act now to claim your money.
ham,Payment Receipt,Your payment of $100 has been received successfully. This email is your receipt.
ham,Travel Details,Your travel booking is confirmed. Please check the itinerary for the departure time and location.
ham,Document Request,Could you please send the requested document when you have time? Thank you.
ham,Interview Schedule,Your interview has been scheduled for Friday at 2 PM. Please confirm your availability.
spam,You Are a Winner,You are today's lucky winner! Claim your prize immediately before the offer expires.
spam,You Are a Winner,You are today's lucky winner! Claim your prize immediately before the offer expires.
ham,Class Schedule,The class will begin at 11 AM on Monday. Please bring your notes and required materials.
ham,Travel Details,Your travel booking is confirmed. Please check the itinerary for the departure time and location.
spam,You Are a Winner,You are today's lucky winner! Claim your prize immediately before the offer expires.
ham,Assignment Reminder,This is a reminder that the assignment is due on Wednesday. Please submit it before the deadline.
ham,Project Update,Please find the project update attached. Let me know if you have any questions.
spam,Final Notice,Final notice: claim your cash reward now or your prize will be cancelled.
spam,Final Notice,Final notice: claim your cash reward now or your prize will be cancelled.
spam,Lottery Winner,Your email has been selected as a lottery winner. Contact us immediately to claim your cash prize.
spam,Exclusive Cash Offer,You are eligible to receive $1000 in free cash. Act now to claim your money.
spam,Exclusive Cash Offer,You are eligible to receive $5000 in free cash. Act now to claim your money.
ham,Subscription Renewal,Your subscription will renew on Saturday. You can manage your subscription from your account.
spam,Congratulations Reward,Congratulations! Your account has qualified for a valuable reward. Claim it immediately.
spam,Free Money,You have been chosen to receive free money. Complete the verification process now.
ham,Assignment Reminder,This is a reminder that the assignment is due on Saturday. Please submit it before the deadline.
spam,Congratulations! You Won,Congratulations! You have won $50! Click the link now to claim your prize.
spam,Free Gift Waiting,A free gift is waiting for you. Confirm your details now to receive your reward.
ham,Meeting Update,"Hi team, our meeting is scheduled for Wednesday at 2 PM. Please join on time."
ham,Project Update,Please find the project update attached. Let me know if you have any questions.
spam,Free Money,You have been chosen to receive free money. Complete the verification process now.
spam,Exclusive Prize,An exclusive prize has been reserved for you. Click now to claim it.
ham,Payment Receipt,Your payment of $500 has been received successfully. This email is your receipt.
ham,Meeting Update,"Hi team, our meeting is scheduled for Tuesday at 9 AM. Please join on time."
spam,Act Now,Urgent! This offer expires soon. Click the link to receive your bonus and reward.
spam,Investment Opportunity,Earn guaranteed profits quickly with our exclusive investment opportunity. Sign up now.
ham,Subscription Renewal,Your subscription will renew on Friday. You can manage your subscription from your account.
ham,Feedback Request,We would appreciate your feedback about your recent experience. Thank you for your time.
ham,Payment Receipt,Your payment of $100 has been received successfully. This email is your receipt.
spam,Exclusive Prize,An exclusive prize has been reserved for you. Click now to claim it.
spam,Exclusive Prize,An exclusive prize has been reserved for you. Click now to claim it.
spam,Final Notice,Final notice: claim your cash reward now or your prize will be cancelled.
ham,Assignment Reminder,This is a reminder that the assignment is due on Wednesday. Please submit it before the deadline.
spam,Act Now,Urgent! This offer expires soon. Click the link to receive your bonus and reward.
spam,Act Now,Urgent! This offer expires soon. Click the link to receive your bonus and reward.
spam,Congratulations! You Won,Congratulations! You have won $50! Click the link now to claim your prize.
ham,Payment Receipt,Your payment of $50 has been received successfully. This email is your receipt.
spam,Congratulations! You Won,Congratulations! You have won $5000! Click the link now to claim your prize.
ham,Assignment Reminder,This is a reminder that the assignment is due on Monday. Please submit it before the deadline.
ham,Class Schedule,The class will begin at 4 PM on Friday. Please bring your notes and required materials.
ham,Account Notice,Your account information was updated successfully. Contact support if you did not make this change.
spam,Exclusive Prize,An exclusive prize has been reserved for you. Click now to claim it.
spam,Free Gift Waiting,A free gift is waiting for you. Confirm your details now to receive your reward.
spam,Exclusive Prize,An exclusive prize has been reserved for you. Click now to claim it.
spam,Congratulations! You Won,Congratulations! You have won $1000! Click the link now to claim your prize.
ham,Office Announcement,The office will remain open during normal working hours tomorrow.
ham,Subscription Renewal,Your subscription will renew on Saturday. You can manage your subscription from your account.
spam,Special Bonus,You have received a special bonus. Click here to activate your reward before it expires.
spam,Congratulations Reward,Congratulations! Your account has qualified for a valuable reward. Claim it immediately.
spam,Investment Opportunity,Earn guaranteed profits quickly with our exclusive investment opportunity. Sign up now.
ham,Library Reminder,The book you borrowed is due back on Monday. Please return it before the due date.
spam,Claim Your Free Reward,You have been selected for a free reward. Claim it now before this limited offer expires.
spam,Urgent Account Alert,Your account will be suspended today. Verify your information immediately by clicking the link.
spam,Final Notice,Final notice: claim your cash reward now or your prize will be cancelled.
ham,Account Notice,Your account information was updated successfully. Contact support if you did not make this change.
ham,Class Schedule,The class will begin at 2 PM on Tuesday. Please bring your notes and required materials.
spam,Special Bonus,You have received a special bonus. Click here to activate your reward before it expires.
ham,Meeting Update,"Hi team, our meeting is scheduled for Thursday at 4 PM. Please join on time."
ham,Travel Details,Your travel booking is confirmed. Please check the itinerary for the departure time and location.
ham,Assignment Reminder,This is a reminder that the assignment is due on Tuesday. Please submit it before the deadline.
ham,Project Update,Please find the project update attached. Let me know if you have any questions.
spam,Claim Your Free Reward,You have been selected for a free reward. Claim it now before this limited offer expires.
spam,Limited Time Offer,Get an exclusive discount and free bonus today. Click now before this limited time offer ends.
ham,Feedback Request,We would appreciate your feedback about your recent experience. Thank you for your time.
spam,Free Gift Waiting,A free gift is waiting for you. Confirm your details now to receive your reward.
ham,Interview Schedule,Your interview has been scheduled for Monday at 3 PM. Please confirm your availability.
ham,Order Confirmation,Your order has been confirmed and will be delivered by Friday. Thank you for shopping with us.
ham,Subscription Renewal,Your subscription will renew on Saturday. You can manage your subscription from your account.
spam,Exclusive Prize,An exclusive prize has been reserved for you. Click now to claim it.
spam,Exclusive Cash Offer,You are eligible to receive $50 in free cash. Act now to claim your money.
spam,Free Gift Waiting,A free gift is waiting for you. Confirm your details now to receive your reward.
spam,Exclusive Cash Offer,You are eligible to receive $250 in free cash. Act now to claim your money.
ham,Team Reminder,Please remember to attend the team meeting tomorrow and review the agenda beforehand.
ham,Travel Details,Your travel booking is confirmed. Please check the itinerary for the departure time and location.
ham,Travel Details,Your travel booking is confirmed. Please check the itinerary for the departure time and location.
ham,Assignment Reminder,This is a reminder that the assignment is due on Friday. Please submit it before the deadline.
spam,Congratulations Reward,Congratulations! Your account has qualified for a valuable reward. Claim it immediately.
ham,Assignment Reminder,This is a reminder that the assignment is due on Friday. Please submit it before the deadline.
spam,Free Money,You have been chosen to receive free money. Complete the verification process now.
spam,Investment Opportunity,Earn guaranteed profits quickly with our exclusive investment opportunity. Sign up now.
ham,Subscription Renewal,Your subscription will renew on Monday. You can manage your subscription from your account.
ham,Account Notice,Your account information was updated successfully. Contact support if you did not make this change.
spam,Free Money,You have been chosen to receive free money. Complete the verification process now.
ham,Class Schedule,The class will begin at 3 PM on Saturday. Please bring your notes and required materials.
spam,Claim Your Free Reward,You have been selected for a free reward. Claim it now before this limited offer expires.
spam,Free Money,You have been chosen to receive free money. Complete the verification process now.
ham,Subscription Renewal,Your subscription will renew on Thursday. You can manage your subscription from your account.
spam,Limited Time Offer,Get an exclusive discount and free bonus today. Click now before this limited time offer ends.
spam,Urgent Account Alert,Your account will be suspended today. Verify your information immediately by clicking the link.
spam,Lottery Winner,Your email has been selected as a lottery winner. Contact us immediately to claim your cash prize.
ham,Meeting Update,"Hi team, our meeting is scheduled for Saturday at 4 PM. Please join on time."
ham,Interview Schedule,Your interview has been scheduled for Tuesday at 2 PM. Please confirm your availability.
ham,Assignment Reminder,This is a reminder that the assignment is due on Tuesday. Please submit it before the deadline.
ham,Team Reminder,Please remember to attend the team meeting tomorrow and review the agenda beforehand.
ham,Library Reminder,The book you borrowed is due back on Wednesday. Please return it before the due date.
spam,Investment Opportunity,Earn guaranteed profits quickly with our exclusive investment opportunity. Sign up now.
spam,Final Notice,Final notice: claim your cash reward now or your prize will be cancelled.
ham,Interview Schedule,Your interview has been scheduled for Monday at 10 AM. Please confirm your availability.
spam,Exclusive Prize,An exclusive prize has been reserved for you. Click now to claim it.
spam,Final Notice,Final notice: claim your cash reward now or your prize will be cancelled.
spam,You Are a Winner,You are today's lucky winner! Claim your prize immediately before the offer expires.
ham,Assignment Reminder,This is a reminder that the assignment is due on Monday. Please submit it before the deadline.
ham,Document Request,Could you please send the requested document when you have time? Thank you.
spam,Lottery Winner,Your email has been selected as a lottery winner. Contact us immediately to claim your cash prize.
spam,Congratulations! You Won,Congratulations! You have won $500! Click the link now to claim your prize.
spam,Congratulations Reward,Congratulations! Your account has qualified for a valuable reward. Claim it immediately.
spam,Claim Your Free Reward,You have been selected for a free reward. Claim it now before this limited offer expires.
spam,Claim Your Free Reward,You have been selected for a free reward. Claim it now before this limited offer expires.
spam,Free Money,You have been chosen to receive free money. Complete the verification process now.
spam,You Are a Winner,You are today's lucky winner! Claim your prize immediately before the offer expires.
spam,Lottery Winner,Your email has been selected as a lottery winner. Contact us immediately to claim your cash prize.
spam,You Are a Winner,You are today's lucky winner! Claim your prize immediately before the offer expires.
ham,Meeting Update,"Hi team, our meeting is scheduled for Monday at 2 PM. Please join on time."
ham,Feedback Request,We would appreciate your feedback about your recent experience. Thank you for your time.
spam,Congratulations! You Won,Congratulations! You have won $250! Click the link now to claim your prize.
ham,Account Notice,Your account information was updated successfully. Contact support if you did not make this change.
spam,Limited Time Offer,Get an exclusive discount and free bonus today. Click now before this limited time offer ends.
spam,Claim Your Free Reward,You have been selected for a free reward. Claim it now before this limited offer expires.
ham,Account Notice,Your account information was updated successfully. Contact support if you did not make this change.
ham,Feedback Request,We would appreciate your feedback about your recent experience. Thank you for your time.
ham,Travel Details,Your travel booking is confirmed. Please check the itinerary for the departure time and location.
spam,Final Notice,Final notice: claim your cash reward now or your prize will be cancelled.
spam,Free Money,You have been chosen to receive free money. Complete the verification process now.
ham,Interview Schedule,Your interview has been scheduled for Thursday at 3 PM. Please confirm your availability.
spam,Exclusive Prize,An exclusive prize has been reserved for you. Click now to claim it.
ham,Feedback Request,We would appreciate your feedback about your recent experience. Thank you for your time.
spam,Special Bonus,You have received a special bonus. Click here to activate your reward before it expires.
ham,Order Confirmation,Your order has been confirmed and will be delivered by Tuesday. Thank you for shopping with us.
ham,Project Update,Please find the project update attached. Let me know if you have any questions.
spam,Exclusive Prize,An exclusive prize has been reserved for you. Click now to claim it.
ham,Meeting Update,"Hi team, our meeting is scheduled for Saturday at 4 PM. Please join on time."
ham,Order Confirmation,Your order has been confirmed and will be delivered by Friday. Thank you for shopping with us.
ham,Library Reminder,The book you borrowed is due back on Thursday. Please return it before the due date.
spam,Free Gift Waiting,A free gift is waiting for you. Confirm your details now to receive your reward.
spam,Claim Your Free Reward,You have been selected for a free reward. Claim it now before this limited offer expires.
ham,Office Announcement,The office will remain open during normal working hours tomorrow.
spam,Special Bonus,You have received a special bonus. Click here to activate your reward before it expires.
ham,Account Notice,Your account information was updated successfully. Contact support if you did not make this change.
ham,Team Reminder,Please remember to attend the team meeting tomorrow and review the agenda beforehand.
spam,Special Bonus,You have received a special bonus. Click here to activate your reward before it expires.
ham,Project Update,Please find the project update attached. Let me know if you have any questions.
spam,Final Notice,Final notice: claim your cash reward now or your prize will be cancelled.
spam,Exclusive Prize,An exclusive prize has been reserved for you. Click now to claim it.
spam,Urgent Account Alert,Your account will be suspended today. Verify your information immediately by clicking the link.
spam,Investment Opportunity,Earn guaranteed profits quickly with our exclusive investment opportunity. Sign up now.
ham,Assignment Reminder,This is a reminder that the assignment is due on Monday. Please submit it before the deadline.
ham,Library Reminder,The book you borrowed is due back on Thursday. Please return it before the due date.
spam,Investment Opportunity,Earn guaranteed profits quickly with our exclusive investment opportunity. Sign up now.
spam,Congratulations Reward,Congratulations! Your account has qualified for a valuable reward. Claim it immediately.
ham,Document Request,Could you please send the requested document when you have time? Thank you.
spam,Lottery Winner,Your email has been selected as a lottery winner. Contact us immediately to claim your cash prize.
ham,Assignment Reminder,This is a reminder that the assignment is due on Thursday. Please submit it before the deadline.
ham,Document Request,Could you please send the requested document when you have time? Thank you.
ham,Office Announcement,The office will remain open during normal working hours tomorrow.
ham,Payment Receipt,Your payment of $1000 has been received successfully. This email is your receipt.
spam,Congratulations! You Won,Congratulations! You have won $10000! Click the link now to claim your prize.
ham,Interview Schedule,Your interview has been scheduled for Friday at 2 PM. Please confirm your availability.
ham,Meeting Update,"Hi team, our meeting is scheduled for Monday at 2 PM. Please join on time."
ham,Project Update,Please find the project update attached. Let me know if you have any questions.
spam,Act Now,Urgent! This offer expires soon. Click the link to receive your bonus and reward.
spam,Congratulations! You Won,Congratulations! You have won $10000! Click the link now to claim your prize.
ham,Subscription Renewal,Your subscription will renew on Saturday. You can manage your subscription from your account.
ham,Travel Details,Your travel booking is confirmed. Please check the itinerary for the departure time and location.
ham,Team Reminder,Please remember to attend the team meeting tomorrow and review the agenda beforehand.
spam,Exclusive Prize,An exclusive prize has been reserved for you. Click now to claim it.
ham,Document Request,Could you please send the requested document when you have time? Thank you.
spam,Special Bonus,You have received a special bonus. Click here to activate your reward before it expires.
spam,Congratulations! You Won,Congratulations! You have won $50! Click the link now to claim your prize.
spam,Exclusive Cash Offer,You are eligible to receive $50 in free cash. Act now to claim your money.
spam,Free Money,You have been chosen to receive free money. Complete the verification process now.
ham,Travel Details,Your travel booking is confirmed. Please check the itinerary for the departure time and location.
spam,Free Gift Waiting,A free gift is waiting for you. Confirm your details now to receive your reward.
spam,Free Gift Waiting,A free gift is waiting for you. Confirm your details now to receive your reward.
spam,Congratulations Reward,Congratulations! Your account has qualified for a valuable reward. Claim it immediately.
spam,Free Gift Waiting,A free gift is waiting for you. Confirm your details now to receive your reward.
ham,Interview Schedule,Your interview has been scheduled for Thursday at 11 AM. Please confirm your availability.
spam,Congratulations Reward,Congratulations! Your account has qualified for a valuable reward. Claim it immediately.
spam,Special Bonus,You have received a special bonus. Click here to activate your reward before it expires.
spam,Congratulations Reward,Congratulations! Your account has qualified for a valuable reward. Claim it immediately.
spam,Final Notice,Final notice: claim your cash reward now or your prize will be cancelled.
spam,Special Bonus,You have received a special bonus. Click here to activate your reward before it expires.
ham,Order Confirmation,Your order has been confirmed and will be delivered by Wednesday. Thank you for shopping with us.
spam,Urgent Account Alert,Your account will be suspended today. Verify your information immediately by clicking the link.
spam,Limited Time Offer,Get an exclusive discount and free bonus today. Click now before this limited time offer ends.
ham,Feedback Request,We would appreciate your feedback about your recent experience. Thank you for your time.
spam,Congratulations Reward,Congratulations! Your account has qualified for a valuable reward. Claim it immediately.
ham,Order Confirmation,Your order has been confirmed and will be delivered by Thursday. Thank you for shopping with us.
spam,Urgent Account Alert,Your account will be suspended today. Verify your information immediately by clicking the link.
spam,Exclusive Cash Offer,You are eligible to receive $500 in free cash. Act now to claim your money.
ham,Team Reminder,Please remember to attend the team meeting tomorrow and review the agenda beforehand.
spam,Congratulations Reward,Congratulations! Your account has qualified for a valuable reward. Claim it immediately.
ham,Office Announcement,The office will remain open during normal working hours tomorrow.
spam,Exclusive Cash Offer,You are eligible to receive $5000 in free cash. Act now to claim your money.
spam,Exclusive Prize,An exclusive prize has been reserved for you. Click now to claim it.
ham,Interview Schedule,Your interview has been scheduled for Wednesday at 4 PM. Please confirm your availability.
spam,You Are a Winner,You are today's lucky winner! Claim your prize immediately before the offer expires.
ham,Project Update,Please find the project update attached. Let me know if you have any questions.
spam,Exclusive Prize,An exclusive prize has been reserved for you. Click now to claim it.
spam,Lottery Winner,Your email has been selected as a lottery winner. Contact us immediately to claim your cash prize.
spam,Final Notice,Final notice: claim your cash reward now or your prize will be cancelled.
spam,Exclusive Prize,An exclusive prize has been reserved for you. Click now to claim it.
spam,Free Money,You have been chosen to receive free money. Complete the verification process now.
ham,Feedback Request,We would appreciate your feedback about your recent experience. Thank you for your time.
ham,Feedback Request,We would appreciate your feedback about your recent experience. Thank you for your time.
spam,Congratulations Reward,Congratulations! Your account has qualified for a valuable reward. Claim it immediately.
spam,Lottery Winner,Your email has been selected as a lottery winner. Contact us immediately to claim your cash prize.
spam,Act Now,Urgent! This offer expires soon. Click the link to receive your bonus and reward.
ham,Library Reminder,The book you borrowed is due back on Friday. Please return it before the due date.
spam,Free Money,You have been chosen to receive free money. Complete the verification process now.
ham,Interview Schedule,Your interview has been scheduled for Saturday at 9 AM. Please confirm your availability.
spam,Final Notice,Final notice: claim your cash reward now or your prize will be cancelled.
spam,Free Money,You have been chosen to receive free money. Complete the verification process now.
spam,Limited Time Offer,Get an exclusive discount and free bonus today. Click now before this limited time offer ends.
spam,Special Bonus,You have received a special bonus. Click here to activate your reward before it expires.
spam,Act Now,Urgent! This offer expires soon. Click the link to receive your bonus and reward.
ham,Team Reminder,Please remember to attend the team meeting tomorrow and review the agenda beforehand.
ham,Document Request,Could you please send the requested document when you have time? Thank you.
spam,Claim Your Free Reward,You have been selected for a free reward. Claim it now before this limited offer expires.
spam,Act Now,Urgent! This offer expires soon. Click the link to receive your bonus and reward.
ham,Feedback Request,We would appreciate your feedback about your recent experience. Thank you for your time.
ham,Assignment Reminder,This is a reminder that the assignment is due on Wednesday. Please submit it before the deadline.
ham,Payment Receipt,Your payment of $50 has been received successfully. This email is your receipt.
ham,Team Reminder,Please remember to attend the team meeting tomorrow and review the agenda beforehand.
spam,Investment Opportunity,Earn guaranteed profits quickly with our exclusive investment opportunity. Sign up now.
spam,Exclusive Cash Offer,You are eligible to receive $5000 in free cash. Act now to claim your money.
spam,Free Gift Waiting,A free gift is waiting for you. Confirm your details now to receive your reward.
ham,Payment Receipt,Your payment of $250 has been received successfully. This email is your receipt.
spam,Investment Opportunity,Earn guaranteed profits quickly with our exclusive investment opportunity. Sign up now.
ham,Class Schedule,The class will begin at 11 AM on Monday. Please bring your notes and required materials.
ham,Meeting Update,"Hi team, our meeting is scheduled for Friday at 9 AM. Please join on time."
spam,Free Gift Waiting,A free gift is waiting for you. Confirm your details now to receive your reward.
ham,Order Confirmation,Your order has been confirmed and will be delivered by Tuesday. Thank you for shopping with us.
ham,Feedback Request,We would appreciate your feedback about your recent experience. Thank you for your time.
ham,Subscription Renewal,Your subscription will renew on Saturday. You can manage your subscription from your account.
spam,Limited Time Offer,Get an exclusive discount and free bonus today. Click now before this limited time offer ends.
ham,Document Request,Could you please send the requested document when you have time? Thank you.
spam,Act Now,Urgent! This offer expires soon. Click the link to receive your bonus and reward.
spam,You Are a Winner,You are today's lucky winner! Claim your prize immediately before the offer expires.
spam,Exclusive Prize,An exclusive prize has been reserved for you. Click now to claim it.
spam,Limited Time Offer,Get an exclusive discount and free bonus today. Click now before this limited time offer ends.
spam,Exclusive Cash Offer,You are eligible to receive $500 in free cash. Act now to claim your money.
spam,Congratulations Reward,Congratulations! Your account has qualified for a valuable reward. Claim it immediately.
spam,Free Gift Waiting,A free gift is waiting for you. Confirm your details now to receive your reward.
ham,Meeting Update,"Hi team, our meeting is scheduled for Wednesday at 2 PM. Please join on time."
ham,Library Reminder,The book you borrowed is due back on Thursday. Please return it before the due date.
ham,Office Announcement,The office will remain open during normal working hours tomorrow.
spam,Final Notice,Final notice: claim your cash reward now or your prize will be cancelled.
spam,Limited Time Offer,Get an exclusive discount and free bonus today. Click now before this limited time offer ends.
spam,Special Bonus,You have received a special bonus. Click here to activate your reward before it expires.
ham,Order Confirmation,Your order has been confirmed and will be delivered by Tuesday. Thank you for shopping with us.
spam,You Are a Winner,You are today's lucky winner! Claim your prize immediately before the offer expires.
ham,Assignment Reminder,This is a reminder that the assignment is due on Tuesday. Please submit it before the deadline.
spam,Claim Your Free Reward,You have been selected for a free reward. Claim it now before this limited offer expires.
ham,Meeting Update,"Hi team, our meeting is scheduled for Monday at 9 AM. Please join on time."
ham,Feedback Request,We would appreciate your feedback about your recent experience. Thank you for your time.
ham,Library Reminder,The book you borrowed is due back on Friday. Please return it before the due date.
spam,Free Gift Waiting,A free gift is waiting for you. Confirm your details now to receive your reward.
spam,Free Gift Waiting,A free gift is waiting for you. Confirm your details now to receive your reward.
ham,Document Request,Could you please send the requested document when you have time? Thank you.
ham,Class Schedule,The class will begin at 4 PM on Friday. Please bring your notes and required materials.
spam,Exclusive Prize,An exclusive prize has been reserved for you. Click now to claim it.
ham,Account Notice,Your account information was updated successfully. Contact support if you did not make this change.
spam,Exclusive Prize,An exclusive prize has been reserved for you. Click now to claim it.
spam,Urgent Account Alert,Your account will be suspended today. Verify your information immediately by clicking the link.
ham,Assignment Reminder,This is a reminder that the assignment is due on Saturday. Please submit it before the deadline.
spam,Special Bonus,You have received a special bonus. Click here to activate your reward before it expires.
spam,Lottery Winner,Your email has been selected as a lottery winner. Contact us immediately to claim your cash prize.
spam,Congratulations Reward,Congratulations! Your account has qualified for a valuable reward. Claim it immediately.
ham,Document Request,Could you please send the requested document when you have time? Thank you.
ham,Library Reminder,The book you borrowed is due back on Monday. Please return it before the due date.
spam,Special Bonus,You have received a special bonus. Click here to activate your reward before it expires.
spam,Act Now,Urgent! This offer expires soon. Click the link to receive your bonus and reward.
spam,Congratulations Reward,Congratulations! Your account has qualified for a valuable reward. Claim it immediately.
ham,Document Request,Could you please send the requested document when you have time? Thank you.
spam,Congratulations! You Won,Congratulations! You have won $5000! Click the link now to claim your prize.
ham,Assignment Reminder,This is a reminder that the assignment is due on Friday. Please submit it before the deadline.
ham,Assignment Reminder,This is a reminder that the assignment is due on Monday. Please submit it before the deadline.
ham,Project Update,Please find the project update attached. Let me know if you have any questions.
ham,Library Reminder,The book you borrowed is due back on Saturday. Please return it before the due date.
spam,Exclusive Prize,An exclusive prize has been reserved for you. Click now to claim it.
spam,Final Notice,Final notice: claim your cash reward now or your prize will be cancelled.
ham,Assignment Reminder,This is a reminder that the assignment is due on Friday. Please submit it before the deadline.
ham,Payment Receipt,Your payment of $10000 has been received successfully. This email is your receipt.
spam,Free Gift Waiting,A free gift is waiting for you. Confirm your details now to receive your reward.
spam,Act Now,Urgent! This offer expires soon. Click the link to receive your bonus and reward.
spam,You Are a Winner,You are today's lucky winner! Claim your prize immediately before the offer expires.
spam,Final Notice,Final notice: claim your cash reward now or your prize will be cancelled.
ham,Order Confirmation,Your order has been confirmed and will be delivered by Friday. Thank you for shopping with us.
spam,Exclusive Cash Offer,You are eligible to receive $500 in free cash. Act now to claim your money.
spam,Exclusive Cash Offer,You are eligible to receive $5000 in free cash. Act now to claim your money.
ham,Meeting Update,"Hi team, our meeting is scheduled for Wednesday at 10 AM. Please join on time."
ham,Subscription Renewal,Your subscription will renew on Thursday. You can manage your subscription from your account.
ham,Payment Receipt,Your payment of $1000 has been received successfully. This email is your receipt.
spam,Final Notice,Final notice: claim your cash reward now or your prize will be cancelled.
ham,Library Reminder,The book you borrowed is due back on Saturday. Please return it before the due date.
spam,Exclusive Cash Offer,You are eligible to receive $250 in free cash. Act now to claim your money.
spam,Free Gift Waiting,A free gift is waiting for you. Confirm your details now to receive your reward.
ham,Travel Details,Your travel booking is confirmed. Please check the itinerary for the departure time and location.
spam,Investment Opportunity,Earn guaranteed profits quickly with our exclusive investment opportunity. Sign up now.
ham,Office Announcement,The office will remain open during normal working hours tomorrow.
spam,Limited Time Offer,Get an exclusive discount and free bonus today. Click now before this limited time offer ends.
spam,Urgent Account Alert,Your account will be suspended today. Verify your information immediately by clicking the link.
spam,You Are a Winner,You are today's lucky winner! Claim your prize immediately before the offer expires.
spam,You Are a Winner,You are today's lucky winner! Claim your prize immediately before the offer expires.
spam,You Are a Winner,You are today's lucky winner! Claim your prize immediately before the offer expires.
ham,Class Schedule,The class will begin at 9 AM on Wednesday. Please bring your notes and required materials.
spam,Congratulations! You Won,Congratulations! You have won $500! Click the link now to claim your prize.
spam,Limited Time Offer,Get an exclusive discount and free bonus today. Click now before this limited time offer ends.
spam,Limited Time Offer,Get an exclusive discount and free bonus today. Click now before this limited time offer ends.
spam,Exclusive Prize,An exclusive prize has been reserved for you. Click now to claim it.
ham,Assignment Reminder,This is a reminder that the assignment is due on Saturday. Please submit it before the deadline.
ham,Class Schedule,The class will begin at 11 AM on Wednesday. Please bring your notes and required materials.
ham,Subscription Renewal,Your subscription will renew on Thursday. You can manage your subscription from your account.
ham,Order Confirmation,Your order has been confirmed and will be delivered by Saturday. Thank you for shopping with us.
spam,Congratulations! You Won,Congratulations! You have won $50! Click the link now to claim your prize.
ham,Order Confirmation,Your order has been confirmed and will be delivered by Friday. Thank you for shopping with us.
spam,You Are a Winner,You are today's lucky winner! Claim your prize immediately before the offer expires.
ham,Library Reminder,The book you borrowed is due back on Saturday. Please return it before the due date.
ham,Class Schedule,The class will begin at 10 AM on Friday. Please bring your notes and required materials.
spam,Free Gift Waiting,A free gift is waiting for you. Confirm your details now to receive your reward.
spam,Lottery Winner,Your email has been selected as a lottery winner. Contact us immediately to claim your cash prize.
ham,Document Request,Could you please send the requested document when you have time? Thank you.
spam,Investment Opportunity,Earn guaranteed profits quickly with our exclusive investment opportunity. Sign up now.
spam,Final Notice,Final notice: claim your cash reward now or your prize will be cancelled.
ham,Office Announcement,The office will remain open during normal working hours tomorrow.
ham,Subscription Renewal,Your subscription will renew on Monday. You can manage your subscription from your account.
ham,Payment Receipt,Your payment of $500 has been received successfully. This email is your receipt.
ham,Class Schedule,The class will begin at 10 AM on Friday. Please bring your notes and required materials.
spam,Special Bonus,You have received a special bonus. Click here to activate your reward before it expires.
ham,Meeting Update,"Hi team, our meeting is scheduled for Friday at 2 PM. Please join on time."
ham,Document Request,Could you please send the requested document when you have time? Thank you.
ham,Team Reminder,Please remember to attend the team meeting tomorrow and review the agenda beforehand.
spam,Urgent Account Alert,Your account will be suspended today. Verify your information immediately by clicking the link.
ham,Travel Details,Your travel booking is confirmed. Please check the itinerary for the departure time and location.
ham,Assignment Reminder,This is a reminder that the assignment is due on Friday. Please submit it before the deadline.
spam,Exclusive Cash Offer,You are eligible to receive $100 in free cash. Act now to claim your money.
spam,Congratulations! You Won,Congratulations! You have won $5000! Click the link now to claim your prize.
spam,Free Money,You have been chosen to receive free money. Complete the verification process now.
ham,Subscription Renewal,Your subscription will renew on Friday. You can manage your subscription from your account.
ham,Account Notice,Your account information was updated successfully. Contact support if you did not make this change.
spam,Final Notice,Final notice: claim your cash reward now or your prize will be cancelled.
ham,Team Reminder,Please remember to attend the team meeting tomorrow and review the agenda beforehand.
spam,Free Gift Waiting,A free gift is waiting for you. Confirm your details now to receive your reward.
spam,You Are a Winner,You are today's lucky winner! Claim your prize immediately before the offer expires.
spam,Investment Opportunity,Earn guaranteed profits quickly with our exclusive investment opportunity. Sign up now.
ham,Meeting Update,"Hi team, our meeting is scheduled for Tuesday at 2 PM. Please join on time."
spam,Final Notice,Final notice: claim your cash reward now or your prize will be cancelled.
ham,Class Schedule,The class will begin at 3 PM on Thursday. Please bring your notes and required materials.
spam,Free Gift Waiting,A free gift is waiting for you. Confirm your details now to receive your reward.
spam,Final Notice,Final notice: claim your cash reward now or your prize will be cancelled.
spam,Exclusive Cash Offer,You are eligible to receive $500 in free cash. Act now to claim your money.
ham,Library Reminder,The book you borrowed is due back on Saturday. Please return it before the due date.
spam,You Are a Winner,You are today's lucky winner! Claim your prize immediately before the offer expires.
ham,Meeting Update,"Hi team, our meeting is scheduled for Thursday at 11 AM. Please join on time."
spam,Free Gift Waiting,A free gift is waiting for you. Confirm your details now to receive your reward.
ham,Payment Receipt,Your payment of $100 has been received successfully. This email is your receipt.
ham,Library Reminder,The book you borrowed is due back on Monday. Please return it before the due date.
spam,Final Notice,Final notice: claim your cash reward now or your prize will be cancelled.
ham,Class Schedule,The class will begin at 10 AM on Wednesday. Please bring your notes and required materials.
spam,Act Now,Urgent! This offer expires soon. Click the link to receive your bonus and reward.
spam,Congratulations! You Won,Congratulations! You have won $250! Click the link now to claim your prize.
ham,Library Reminder,The book you borrowed is due back on Tuesday. Please return it before the due date.
ham,Order Confirmation,Your order has been confirmed and will be delivered by Wednesday. Thank you for shopping with us.
ham,Travel Details,Your travel booking is confirmed. Please check the itinerary for the departure time and location.
spam,Limited Time Offer,Get an exclusive discount and free bonus today. Click now before this limited time offer ends.
ham,Account Notice,Your account information was updated successfully. Contact support if you did not make this change.
spam,Congratulations! You Won,Congratulations! You have won $10000! Click the link now to claim your prize.
ham,Library Reminder,The book you borrowed is due back on Thursday. Please return it before the due date.
ham,Travel Details,Your travel booking is confirmed. Please check the itinerary for the departure time and location.
spam,Final Notice,Final notice: claim your cash reward now or your prize will be cancelled.
spam,Congratulations Reward,Congratulations! Your account has qualified for a valuable reward. Claim it immediately.
spam,Free Money,You have been chosen to receive free money. Complete the verification process now.
spam,Act Now,Urgent! This offer expires soon. Click the link to receive your bonus and reward.
spam,Free Money,You have been chosen to receive free money. Complete the verification process now.
ham,Library Reminder,The book you borrowed is due back on Wednesday. Please return it before the due date.
spam,Special Bonus,You have received a special bonus. Click here to activate your reward before it expires.
spam,Limited Time Offer,Get an exclusive discount and free bonus today. Click now before this limited time offer ends.
ham,Assignment Reminder,This is a reminder that the assignment is due on Monday. Please submit it before the deadline.
spam,Congratulations! You Won,Congratulations! You have won $500! Click the link now to claim your prize.
ham,Document Request,Could you please send the requested document when you have time? Thank you.
ham,Subscription Renewal,Your subscription will renew on Friday. You can manage your subscription from your account.
ham,Payment Receipt,Your payment of $1000 has been received successfully. This email is your receipt.
ham,Team Reminder,Please remember to attend the team meeting tomorrow and review the agenda beforehand.
ham,Interview Schedule,Your interview has been scheduled for Saturday at 9 AM. Please confirm your availability.
ham,Subscription Renewal,Your subscription will renew on Thursday. You can manage your subscription from your account.
spam,Congratulations! You Won,Congratulations! You have won $50! Click the link now to claim your prize.
spam,Lottery Winner,Your email has been selected as a lottery winner. Contact us immediately to claim your cash prize.
ham,Account Notice,Your account information was updated successfully. Contact support if you did not make this change.
spam,Exclusive Prize,An exclusive prize has been reserved for you. Click now to claim it.
ham,Travel Details,Your travel booking is confirmed. Please check the itinerary for the departure time and location.
ham,Subscription Renewal,Your subscription will renew on Friday. You can manage your subscription from your account.
ham,Account Notice,Your account information was updated successfully. Contact support if you did not make this change.
spam,Limited Time Offer,Get an exclusive discount and free bonus today. Click now before this limited time offer ends.
spam,Free Money,You have been chosen to receive free money. Complete the verification process now.
ham,Office Announcement,The office will remain open during normal working hours tomorrow.
spam,You Are a Winner,You are today's lucky winner! Claim your prize immediately before the offer expires.
ham,Office Announcement,The office will remain open during normal working hours tomorrow.
ham,Document Request,Could you please send the requested document when you have time? Thank you.
ham,Travel Details,Your travel booking is confirmed. Please check the itinerary for the departure time and location.
ham,Office Announcement,The office will remain open during normal working hours tomorrow.
spam,Free Gift Waiting,A free gift is waiting for you. Confirm your details now to receive your reward.
ham,Team Reminder,Please remember to attend the team meeting tomorrow and review the agenda beforehand.
ham,Project Update,Please find the project update attached. Let me know if you have any questions.
spam,Special Bonus,You have received a special bonus. Click here to activate your reward before it expires.
ham,Account Notice,Your account information was updated successfully. Contact support if you did not make this change.
ham,Interview Schedule,Your interview has been scheduled for Thursday at 3 PM. Please confirm your availability.
spam,Congratulations! You Won,Congratulations! You have won $5000! Click the link now to claim your prize.
spam,Special Bonus,You have received a special bonus. Click here to activate your reward before it expires.
ham,Feedback Request,We would appreciate your feedback about your recent experience. Thank you for your time.
spam,Special Bonus,You have received a special bonus. Click here to activate your reward before it expires.
ham,Account Notice,Your account information was updated successfully. Contact support if you did not make this change.
spam,Urgent Account Alert,Your account will be suspended today. Verify your information immediately by clicking the link.
spam,Free Gift Waiting,A free gift is waiting for you. Confirm your details now to receive your reward.
spam,Free Money,You have been chosen to receive free money. Complete the verification process now.
spam,Limited Time Offer,Get an exclusive discount and free bonus today. Click now before this limited time offer ends.
ham,Meeting Update,"Hi team, our meeting is scheduled for Monday at 4 PM. Please join on time."
ham,Payment Receipt,Your payment of $250 has been received successfully. This email is your receipt.
ham,Payment Receipt,Your payment of $500 has been received successfully. This email is your receipt.
ham,Assignment Reminder,This is a reminder that the assignment is due on Thursday. Please submit it before the deadline.
ham,Meeting Update,"Hi team, our meeting is scheduled for Tuesday at 2 PM. Please join on time."
spam,You Are a Winner,You are today's lucky winner! Claim your prize immediately before the offer expires.
spam,Exclusive Cash Offer,You are eligible to receive $5000 in free cash. Act now to claim your money.
spam,Investment Opportunity,Earn guaranteed profits quickly with our exclusive investment opportunity. Sign up now.
ham,Feedback Request,We would appreciate your feedback about your recent experience. Thank you for your time.
ham,Library Reminder,The book you borrowed is due back on Monday. Please return it before the due date.
ham,Team Reminder,Please remember to attend the team meeting tomorrow and review the agenda beforehand.
ham,Interview Schedule,Your interview has been scheduled for Friday at 2 PM. Please confirm your availability.
ham,Document Request,Could you please send the requested document when you have time? Thank you.
ham,Project Update,Please find the project update attached. Let me know if you have any questions.
ham,Library Reminder,The book you borrowed is due back on Monday. Please return it before the due date.
spam,Free Money,You have been chosen to receive free money. Complete the verification process now.
ham,Subscription Renewal,Your subscription will renew on Thursday. You can manage your subscription from your account.
spam,Congratulations! You Won,Congratulations! You have won $500! Click the link now to claim your prize.
spam,Claim Your Free Reward,You have been selected for a free reward. Claim it now before this limited offer expires.
spam,Lottery Winner,Your email has been selected as a lottery winner. Contact us immediately to claim your cash prize.
ham,Library Reminder,The book you borrowed is due back on Friday. Please return it before the due date.
spam,Congratulations Reward,Congratulations! Your account has qualified for a valuable reward. Claim it immediately.
ham,Interview Schedule,Your interview has been scheduled for Tuesday at 9 AM. Please confirm your availability.
ham,Assignment Reminder,This is a reminder that the assignment is due on Thursday. Please submit it before the deadline.
ham,Interview Schedule,Your interview has been scheduled for Wednesday at 3 PM. Please confirm your availability.
spam,Congratulations Reward,Congratulations! Your account has qualified for a valuable reward. Claim it immediately.
spam,Exclusive Cash Offer,You are eligible to receive $500 in free cash. Act now to claim your money.
spam,Special Bonus,You have received a special bonus. Click here to activate your reward before it expires.
spam,Urgent Account Alert,Your account will be suspended today. Verify your information immediately by clicking the link.
spam,Act Now,Urgent! This offer expires soon. Click the link to receive your bonus and reward.
spam,Limited Time Offer,Get an exclusive discount and free bonus today. Click now before this limited time offer ends.
spam,Special Bonus,You have received a special bonus. Click here to activate your reward before it expires.
ham,Subscription Renewal,Your subscription will renew on Tuesday. You can manage your subscription from your account.
ham,Project Update,Please find the project update attached. Let me know if you have any questions.
ham,Office Announcement,The office will remain open during normal working hours tomorrow.
ham,Team Reminder,Please remember to attend the team meeting tomorrow and review the agenda beforehand.
spam,Congratulations Reward,Congratulations! Your account has qualified for a valuable reward. Claim it immediately.
spam,Special Bonus,You have received a special bonus. Click here to activate your reward before it expires.
ham,Subscription Renewal,Your subscription will renew on Wednesday. You can manage your subscription from your account.
ham,Subscription Renewal,Your subscription will renew on Tuesday. You can manage your subscription from your account.
ham,Subscription Renewal,Your subscription will renew on Wednesday. You can manage your subscription from your account.
spam,Exclusive Cash Offer,You are eligible to receive $50 in free cash. Act now to claim your money.
spam,You Are a Winner,You are today's lucky winner! Claim your prize immediately before the offer expires.
spam,Special Bonus,You have received a special bonus. Click here to activate your reward before it expires.
spam,Congratulations Reward,Congratulations! Your account has qualified for a valuable reward. Claim it immediately.
spam,Exclusive Prize,An exclusive prize has been reserved for you. Click now to claim it.
spam,Claim Your Free Reward,You have been selected for a free reward. Claim it now before this limited offer expires.
spam,Exclusive Prize,An exclusive prize has been reserved for you. Click now to claim it.
spam,Exclusive Cash Offer,You are eligible to receive $250 in free cash. Act now to claim your money.
spam,Investment Opportunity,Earn guaranteed profits quickly with our exclusive investment opportunity. Sign up now.
ham,Class Schedule,The class will begin at 10 AM on Tuesday. Please bring your notes and required materials.
spam,Special Bonus,You have received a special bonus. Click here to activate your reward before it expires.
spam,Lottery Winner,Your email has been selected as a lottery winner. Contact us immediately to claim your cash prize.
spam,You Are a Winner,You are today's lucky winner! Claim your prize immediately before the offer expires.
spam,Act Now,Urgent! This offer expires soon. Click the link to receive your bonus and reward.
spam,Limited Time Offer,Get an exclusive discount and free bonus today. Click now before this limited time offer ends.
spam,Congratulations Reward,Congratulations! Your account has qualified for a valuable reward. Claim it immediately.
spam,Exclusive Prize,An exclusive prize has been reserved for you. Click now to claim it.
ham,Class Schedule,The class will begin at 2 PM on Thursday. Please bring your notes and required materials.
ham,Project Update,Please find the project update attached. Let me know if you have any questions.